MAE,MSE,RMSE,Execution Time
40.363075,4175.6701875,63.50524375,
41.46368750000001,4541.35005625,64.439575,
43.37456875,4816.634856250001,66.92914375,
40.205881250000004,4148.3308937500005,63.19119375,
40.185918750000006,3991.7763312499997,61.924775000000004,
=average(A2:A6),=average(B2:B6),=average(C2:C6),=average(D2:D6)
