MAE,MSE,RMSE,Execution Time
0.8016857142857143,1.2679785714285714,1.0972071428571426,
=average(A2:A2),=average(B2:B2),=average(C2:C2),=average(D2:D2)
