Train AUROC, Train AUPRC, Test AUROC, Test AUPRC, Execution Time
1.0,1.0,0.9046474736842105,0.6029567368421052
0.9999970526315789,0.9999847368421053,0.9083530000000001,0.6166971578947368
0.9999970000000001,0.999962052631579,0.9087146315789475,0.6137555263157893
0.9999982105263158,0.9999876315789473,0.6212762631578946,0.14712663157894737
0.9999881052631578,0.9998462105263157,0.6898138947368422,0.20424278947368424
1.0,1.0,0.6263809473684209,0.16128410526315787
1.0,1.0,0.568646052631579,0.06721052631578947
0.9999970000000001,0.999962052631579,0.5222169999999999,0.13813826315789474
1.0,1.0,0.5974242105263158,0.12100526315789473
0.9999761578947368,0.9996636842105263,0.6171593157894736,0.1986773157894737
1.0,1.0,0.6504212631578947,0.1647228421052632
1.0,1.0,0.6436202631578947,0.18946989473684211
1.0,1.0,0.6049229999999998,0.18768715789473686
1.0,1.0,0.6753298947368421,0.24802694736842112
0.9999963684210527,0.9999751052631579,0.6858353684210526,0.140819
1.0,1.0,0.5986247368421053,0.09441121052631578
1.0,1.0,0.6246661052631578,0.1624645789473684
0.9999970000000001,0.999962052631579,0.554972,0.10366873684210526
1.0,1.0,0.7041763157894737,0.21342994736842102
1.0,1.0,0.6350785789473685,0.18507921052631582
