Train AUROC, Train AUPRC, Test AUROC, Test AUPRC, Execution Time
0.9999955263157896,0.9999544736842104,0.907049947368421,0.6299404210526316
0.9999821052631578,0.9997555263157895,0.9075724736842105,0.6160181578947368
0.9999922631578948,0.9999107368421053,0.9078326842105263,0.6125855789473684
0.9999907894736842,0.9999031578947367,0.9039224210526314,0.6087108421052632
1.0,1.0,0.6134224210526315,0.13068189473684208
1.0,1.0,0.6189824736842106,0.13987400000000003
1.0,1.0,0.6317461052631579,0.13435726315789476
1.0,1.0,0.6058168947368421,0.1429903684210526
0.999994052631579,0.999923105263158,0.6187141052631578,0.14981689473684212
1.0,1.0,0.6920996842105263,0.21761757894736847
0.9999982105263158,0.9999876315789473,0.6046993684210528,0.2198902105263158
1.0,1.0,0.588883,0.15209089473684212
0.9999982105263158,0.9999876315789473,0.6289342105263158,0.1471389473684211
1.0,1.0,0.657462894736842,0.09402768421052632
1.0,1.0,0.626536,0.13617257894736845
1.0,1.0,0.643759,0.11046426315789476
