Train AUROC,Validation AUROC,Test AUROC,Train AUPRC,Validation AUPRC,Test AUPRC, Execution Time
0.9999843684210526,0.900313052631579,0.8963402631578945,0.9998012631578946,0.6025046842105262,0.5983495263157895,
0.9999843684210526,0.900313052631579,0.8963402631578945,0.9998012631578946,0.6025046842105262,0.5983495263157895,
0.9999843684210526,0.900313052631579,0.8963402631578945,0.9998012631578946,0.6025046842105262,0.5983495263157895,
0.9999843684210526,0.900313052631579,0.8963402631578945,0.9998012631578946,0.6025046842105262,0.5983495263157895,
0.9999843684210526,0.900313052631579,0.8963402631578945,0.9998012631578946,0.6025046842105262,0.5983495263157895,
=average(A2:A6),=average(B2:B6),=average(C2:C6),=average(D2:D6),=average(E2:E6),=average(F2:F6),=average(G2:G6)
