AUROC,AUPRC,Executio Time
0.8963402631578945,0.5983495263157895,
0.8963402631578945,0.5983495263157895,
0.8963402631578945,0.5983495263157895,
0.8963402631578945,0.5983495263157895,
0.8963402631578945,0.5983495263157895,
=average(A2:A6),=average(B2:B6),=average(C2:C6),=average(D2:D6)
