Generation, Fitness
0,9782.6693625
1,9790.9176375
2,9790.9176375
3,9790.9176375
4,9790.9176375
5,9793.3755625
6,9793.3755625
7,9793.3755625
8,9793.3755625
9,9793.3755625
10,9793.3755625
11,9796.914575
12,9796.914575
13,9796.914575
14,9796.914575
15,9796.914575
16,9801.3550625
17,9801.36694375
18,9801.36694375
19,9801.36694375
20,9801.36694375
21,9801.36694375
22,9801.36694375
23,9801.36694375
24,9801.36694375
25,9801.36694375
26,9801.36694375
27,9801.36694375
28,9801.36694375
29,9801.36694375
30,9801.36694375
31,9801.36694375
32,9801.36694375
33,9801.36694375
34,9801.36694375
35,9801.36694375
36,9801.36694375
37,9801.36694375
38,9801.36694375
39,9801.36694375
40,9801.36694375
41,9801.36694375
42,9801.36694375
43,9801.36694375
44,9801.36694375
45,9801.36694375
46,9801.36694375
47,9801.36694375
48,9801.36694375
