Generation, Fitness
0,9785.4016875
1,9787.0234
2,9794.49595
3,9794.49595
4,9794.49595
5,9794.49595
6,9794.49595
7,9794.49595
8,9794.49595
9,9795.34553125
10,9795.34553125
11,9795.34553125
12,9795.34553125
13,9795.34553125
14,9795.34553125
15,9795.34553125
16,9795.34553125
17,9795.34553125
18,9795.34553125
19,9795.34553125
20,9795.34553125
21,9795.34553125
22,9795.34553125
23,9795.34553125
24,9795.34553125
25,9796.363575
26,9796.363575
27,9796.363575
28,9796.363575
29,9796.363575
30,9796.363575
31,9796.363575
32,9796.363575
33,9796.363575
34,9796.363575
35,9796.363575
36,9796.363575
37,9796.363575
38,9796.72470625
39,9796.72470625
40,9796.72470625
41,9800.42348125
42,9800.42348125
43,9800.42348125
44,9800.42348125
45,9800.42348125
46,9800.42348125
47,9800.42348125
48,9800.42348125
49,9800.42348125
50,9800.42348125
51,9800.42348125
52,9800.42348125
53,9800.4991125
54,9800.4991125
55,9800.4991125
56,9800.4991125
57,9800.4991125
58,9800.4991125
59,9800.4991125
60,9801.618356250001
61,9802.23711875
62,9802.23711875
63,9802.23711875
64,9803.30260625
65,9803.30260625
66,9803.30260625
67,9803.30260625
68,9803.30260625
69,9805.66508125
70,9805.66508125
71,9805.66508125
72,9805.66508125
73,9805.66508125
74,9805.66508125
75,9805.66508125
76,9805.66508125
77,9805.66508125
78,9805.66508125
79,9805.66508125
80,9805.66508125
81,9805.66508125
82,9805.66508125
83,9805.66508125
84,9805.66508125
85,9805.66508125
86,9805.66508125
87,9805.66508125
88,9805.66508125
89,9805.66508125
90,9805.66508125
91,9805.66508125
92,9805.66508125
93,9805.66508125
94,9805.66508125
95,9805.66508125
96,9805.66508125
97,9805.66508125
98,9805.66508125
99,9805.66508125
100,9805.66508125
