MAE,MSE,RMSE,Execution Time
256.95431250000007,570867.7132687499,528.8409750000001,
194.33491874999999,119430.42673125,308.67126874999997,
194.38049374999997,132191.27923125,322.9464125,
198.63305625,129262.56677500001,324.81815624999996,
200.87581249999997,136282.38484999997,327.89588125,
=average(A2:A6),=average(B2:B6),=average(C2:C6),=average(D2:D6)
