MAE,MSE,RMSE,Execution Time
168.04289999999997,209544.40308750002,326.37665625,
165.19530625000002,140156.21951249999,279.72216249999997,
153.97945625,99270.19433125001,253.391,
171.29823750000003,128435.22190625,285.411075,
142.4819625,79168.30753125,226.77873124999996,
=average(A2:A6),=average(B2:B6),=average(C2:C6),=average(D2:D6)
