Generation, Fitness
0,9999.340725
1,9999.340725
2,9999.340725
3,9999.3498625
4,9999.3707
5,9999.3707
6,9999.3707
7,9999.3707
8,9999.3707
9,9999.3707
10,9999.3707
11,9999.3707
12,9999.3707
13,9999.3707
14,9999.3707
15,9999.3707
16,9999.3707
17,9999.3707
18,9999.3707
19,9999.3707
20,9999.3707
21,9999.3707
22,9999.3707
23,9999.3707
24,9999.3707
25,9999.3707
26,9999.3707
27,9999.3707
28,9999.3707
29,9999.3707
30,9999.3707
31,9999.3707
32,9999.3707
33,9999.3707
34,9999.3707
35,9999.3707
