TrainVal MAE,Validation MAE,Test MAE,TrainVal MSE,Validation MSE,Test MSE,TrainVal RMSE,Validation RMSE,Test RMSE,Execution Time
0.4076874999999999,0.6466374999999999,0.6148499999999999,0.8648125,2.6529,2.9783,0.8262625,1.4858874999999998,1.4166,
0.4076874999999999,0.6466374999999999,0.6148499999999999,0.8648125,2.6529,2.9783,0.8262625,1.4858874999999998,1.4166,
0.4076874999999999,0.6466374999999999,0.6148499999999999,0.8648125,2.6529,2.9783,0.8262625,1.4858874999999998,1.4166,
0.4076874999999999,0.6466374999999999,0.6148499999999999,0.8648125,2.6529,2.9783,0.8262625,1.4858874999999998,1.4166,
0.4076874999999999,0.6466374999999999,0.6148499999999999,0.8648125,2.6529,2.9783,0.8262625,1.4858874999999998,1.4166,
=average(A2:A6),=average(B2:B6),=average(C2:C6),=average(D2:D6),=average(E2:E6),=average(F2:F6),=average(G2:G6)
