MAE,MSE,RMSE,Execution Time
0.6596375,5.352037500000001,1.6913250000000002,
0.6293,4.219675,1.5403875,
0.6293,4.219675,1.5403875,
0.6293,4.219675,1.5403875,
0.6293,4.219675,1.5403875,
=average(A2:A6),=average(B2:B6),=average(C2:C6),=average(D2:D6)
