Generation, Fitness
0,9428.253656249999
1,9450.93675
2,9456.103993749999
3,9456.5953625
4,9456.5953625
5,9461.02991875
6,9461.02991875
7,9464.97920625
8,9464.97920625
9,9464.97920625
10,9464.97920625
11,9464.97920625
12,9464.97920625
13,9464.97920625
14,9464.97920625
15,9464.97920625
16,9464.97920625
17,9464.97920625
18,9468.87610625
19,9468.87610625
20,9468.87610625
21,9468.87610625
22,9468.87610625
23,9468.87610625
24,9468.87610625
25,9468.87610625
26,9469.75640625
27,9469.75640625
28,9469.75640625
29,9469.75640625
30,9469.75640625
31,9473.0013625
32,9473.0013625
33,9473.0013625
34,9473.0013625
35,9473.1936
36,9473.1936
37,9473.1936
38,9473.1936
39,9473.1936
40,9473.1936
41,9473.1936
42,9473.1936
43,9473.1936
44,9473.1936
45,9473.1936
46,9473.1936
47,9473.1936
48,9473.1936
49,9473.1936
50,9473.1936
51,9473.1936
52,9473.1936
53,9473.1936
54,9473.1936
55,9473.1936
56,9473.1936
57,9473.1936
58,9473.1936
59,9473.1936
60,9473.1936
61,9473.1936
62,9473.1936
63,9473.1936
64,9473.1936
65,9473.1936
66,9473.1936
