Generation, Fitness
0,9689.2352625
1,9693.0967375
2,9693.0967375
3,9693.0967375
4,9700.17253125
5,9703.511525
6,9706.0601125
7,9706.0601125
8,9706.0601125
9,9706.0601125
10,9706.97471875
11,9709.87065
12,9709.87065
13,9709.87065
14,9709.87065
15,9709.87065
16,9709.87065
17,9709.87065
18,9709.87065
19,9709.87065
20,9709.87065
21,9709.87065
22,9709.87065
23,9714.030275
24,9714.030275
25,9714.030275
26,9714.030275
27,9714.030275
28,9714.030275
29,9714.030275
30,9714.030275
31,9714.030275
32,9714.030275
33,9714.030275
34,9714.030275
35,9714.030275
36,9714.030275
37,9714.030275
38,9714.030275
39,9714.030275
40,9714.030275
41,9714.030275
42,9714.030275
43,9714.030275
44,9714.030275
45,9714.030275
46,9714.030275
47,9714.030275
48,9714.030275
49,9714.030275
50,9714.030275
51,9714.030275
52,9714.030275
53,9714.030275
54,9714.030275
