Train MAE,Validation MAE,Test MAE,Train MSE,Validation MSE,Test MSE,Train RMSE,Validation RMSE,Test RMSE,Execution Time
376.12603125,511.01901875000004,277.797475,1292234.6666062502,1628820.23808125,368167.98343749996,794.0600687499999,897.2141624999999,425.18050625,
354.20069374999997,431.69548749999996,278.16068125000004,1194253.2030375004,1200353.5316187502,396474.15484375006,756.2732874999999,787.5430437499999,439.85488125,
350.01033125000004,498.48496875000006,266.83983125,1043620.8598000001,1649109.8322562499,256853.54733749997,725.2213999999999,891.03399375,379.74329374999996,
328.66434375000006,472.20102499999996,254.91,810698.5666499999,1603410.9013250002,210608.15891875004,644.23195625,846.7357374999999,357.0512375,
=average(A2:A6),=average(B2:B6),=average(C2:C6),=average(D2:D6),=average(E2:E6),=average(F2:F6),=average(G2:G6)
