MAE,MSE,RMSE,Execution Time
277.797475,368167.98343749996,425.18050625,
278.16068125000004,396474.15484375006,439.85488125,
266.83983125,256853.54733749997,379.74329374999996,
254.91,210608.15891875004,357.0512375,
=average(A2:A6),=average(B2:B6),=average(C2:C6),=average(D2:D6)
