MAE,MSE,RMSE,Execution Time
326.22191875,371343.881325,482.8071124999999,
289.3246625,267199.75394374994,415.33556874999994,
286.35568125000003,258671.62759375,412.19103125,
281.42504374999993,247384.19881250002,409.55388124999996,
285.96972500000004,239436.10686250002,413.45634375000003,
=average(A2:A6),=average(B2:B6),=average(C2:C6),=average(D2:D6)
