MAE,MSE,RMSE
664.7265437499999,2616607.8857312496,1335.6286875
