Generation, Fitness
0,0.6286162734031677
1,0.6286162734031677
2,0.6356949806213379
3,0.6356949806213379
4,0.6451205015182495
5,0.6451205015182495
6,0.6451205015182495
7,0.6451205015182495
8,0.6451205015182495
9,0.6451205015182495
10,0.6451205015182495
11,0.6451205015182495
12,0.6495392918586731
13,0.6495392918586731
14,0.6495392918586731
15,0.6495392918586731
16,0.6495392918586731
17,0.6495392918586731
18,0.6495392918586731
19,0.6495392918586731
20,0.6495392918586731
21,0.6495392918586731
22,0.6495392918586731
23,0.6495392918586731
24,0.6495392918586731
25,0.6495392918586731
26,0.6495392918586731
27,0.6495392918586731
28,0.6495392918586731
29,0.6495392918586731
30,0.6521672010421753
31,0.6521672010421753
32,0.6521672010421753
33,0.6521672010421753
34,0.6521672010421753
35,0.6521672010421753
36,0.6521672010421753
37,0.6521672010421753
38,0.6521672010421753
39,0.6521672010421753
40,0.6521672010421753
41,0.6521672010421753
42,0.6521672010421753
43,0.6521672010421753
44,0.6521672010421753
45,0.6521672010421753
46,0.6521672010421753
47,0.6521672010421753
48,0.6521672010421753
49,0.6521672010421753
50,0.6521672010421753
51,0.6521672010421753
52,0.6521672010421753
53,0.6521672010421753
54,0.6521672010421753
55,0.6521672010421753
56,0.6521672010421753
57,0.6521672010421753
58,0.6521672010421753
59,0.6521672010421753
60,0.6521672010421753
61,0.6521672010421753
