Generation, Fitness
0,0.632038414478302
1,0.632038414478302
2,0.632038414478302
3,0.632038414478302
4,0.632038414478302
5,0.632038414478302
6,0.632038414478302
7,0.632038414478302
8,0.6374133825302124
9,0.6374133825302124
10,0.6374133825302124
11,0.6374133825302124
12,0.6374133825302124
13,0.6374133825302124
14,0.6374133825302124
15,0.6374133825302124
16,0.6374133825302124
17,0.637841522693634
18,0.637841522693634
19,0.637841522693634
20,0.637841522693634
21,0.637841522693634
22,0.637841522693634
23,0.637841522693634
24,0.6415755152702332
25,0.6415755152702332
26,0.6415755152702332
27,0.6415755152702332
28,0.6415755152702332
29,0.6415755152702332
30,0.6415755152702332
31,0.6415755152702332
32,0.6415755152702332
33,0.6415755152702332
34,0.6415755152702332
35,0.6415755152702332
36,0.6415755152702332
37,0.6415755152702332
38,0.6415755152702332
39,0.6415755152702332
40,0.6415755152702332
41,0.6415755152702332
42,0.6415755152702332
43,0.6415755152702332
44,0.6415755152702332
45,0.6415755152702332
46,0.6415755152702332
47,0.6415755152702332
48,0.6415755152702332
49,0.6415755152702332
50,0.6415755152702332
51,0.6415755152702332
52,0.6415755152702332
53,0.6415755152702332
54,0.6415755152702332
55,0.6415755152702332
