Train AUROC,Validation AUROC,Test AUROC,Train AUPRC,Validation AUPRC,Test AUPRC, Execution Time
0.777343,0.6493347857142856,0.6493347857142856,0.6100729285714286,0.4160263571428572,0.4160263571428572,
0.7835471428571429,0.6415755000000001,0.6415755000000001,0.6597195000000001,0.4266761428571428,0.4266761428571428,
0.7076425714285712,0.6521672142857142,0.6521672142857142,0.48280592857142857,0.42557599999999995,0.42557599999999995,
0.7990085000000001,0.6524051428571429,0.6524051428571429,0.6636262142857143,0.4253918571428571,0.4253918571428571,
0.7999554285714288,0.6523265,0.6523265,0.6566936428571429,0.4262528571428571,0.4262528571428571,
=average(A2:A6),=average(B2:B6),=average(C2:C6),=average(D2:D6),=average(E2:E6),=average(F2:F6),=average(G2:G6)
