AUROC,AUPRC,Executio Time
0.6103241578947369,0.24026205263157896,
0.6467028421052632,0.27596768421052636,
0.6698873157894737,0.26082257894736843,
0.5844165263157896,0.20277194736842108,
=average(A2:A6),=average(B2:B6),=average(C2:C6),=average(D2:D6)
