MAE,MSE,RMSE,Execution Time
431.214775,1119843.4100625,768.92238125,
392.10491249999995,735404.0217249999,659.8784375,
387.365825,819564.0771999999,691.7336625000002,
436.02650624999995,1288374.1596812499,821.346775,
422.3614,1045563.8808624999,747.8622875000001,
=average(A2:A6),=average(B2:B6),=average(C2:C6),=average(D2:D6)
