Train MAE,Validation MAE,Test MAE,Train MSE,Validation MSE,Test MSE,Train RMSE,Validation RMSE,Test RMSE,Execution Time
387.31611875,284.72531875,329.74217500000003,1058262.69088125,187832.89815624998,441940.30709375,759.9453000000001,359.32270624999995,500.42406250000005,
369.197675,273.492125,332.78295625,898866.7312687498,179490.14312499997,486759.9496,680.0000625,340.925975,506.9892437499999,
395.41643125,307.06999999999994,324.37699375000005,814391.01775,256961.26511875005,444316.8993062499,688.9663187499998,413.48916875000003,494.68636875,
356.69986874999995,296.73684375,287.21533750000003,634556.6850250001,285565.19371875003,347190.70458749996,612.57631875,424.36253750000003,416.65064375,
368.5459375000001,268.70676249999997,315.8871375,751101.57654375,229907.36405625,414325.88541875005,655.5810437500002,372.0443937500001,474.42266875,
=average(A2:A6),=average(B2:B6),=average(C2:C6),=average(D2:D6),=average(E2:E6),=average(F2:F6),=average(G2:G6)
