MAE,MSE,RMSE,Execution Time
395.9077500000001,935925.5594500001,681.50908125,
300.37926875,242552.074225,418.5565874999999,
292.652825,233338.6331625,413.05961249999996,
297.16112499999997,249804.0780625,426.44230625000006,
295.46220000000005,255010.96755,424.06708125,
=average(A2:A6),=average(B2:B6),=average(C2:C6),=average(D2:D6)
