Generation, Fitness
0,9583.33405
1,9597.63743125
2,9597.63743125
3,9597.63743125
4,9618.41360625
5,9618.41360625
6,9618.41360625
7,9618.41360625
8,9618.41360625
9,9618.41360625
10,9618.41360625
11,9618.41360625
12,9618.41360625
13,9618.41360625
14,9618.41360625
15,9618.41360625
16,9618.41360625
17,9618.41360625
18,9618.41360625
19,9618.41360625
20,9618.41360625
21,9618.41360625
22,9618.41360625
23,9618.41360625
24,9618.41360625
25,9618.41360625
26,9618.41360625
27,9618.41360625
28,9625.27695625
29,9625.27695625
30,9625.27695625
31,9625.27695625
32,9625.27695625
33,9625.27695625
34,9625.27695625
35,9625.27695625
36,9625.749775
37,9625.749775
38,9625.749775
39,9625.749775
40,9625.749775
41,9625.749775
42,9625.749775
43,9625.749775
44,9625.749775
45,9625.749775
46,9625.749775
47,9625.749775
48,9625.749775
49,9625.749775
50,9625.749775
51,9625.749775
52,9625.749775
53,9625.749775
54,9625.749775
55,9625.749775
56,9625.749775
57,9625.749775
58,9625.749775
59,9625.749775
60,9625.749775
61,9625.749775
62,9625.749775
63,9625.749775
64,9625.749775
65,9625.749775
66,9625.749775
67,9625.749775
