MAE,MSE,RMSE,Execution Time
477.51089999999994,1666696.8930437497,937.447825,
374.63868125000005,470165.52429374994,569.5329875000001,
374.25022500000006,475405.1354750001,570.31759375,
375.74541875,459507.00343125,566.8420437500001,
384.3824312499999,442037.84919375,566.49705625,
=average(A2:A6),=average(B2:B6),=average(C2:C6),=average(D2:D6)
