MAE,MSE,RMSE,Execution Time
634.8576374999999,4304892.899631251,1465.3028062499998,
661.5880125,4444239.21876875,1408.5565187500001,
676.12989375,4538806.0176874995,1528.04311875,
613.3226625,3683487.757656249,1311.0805125,
545.574875,3264102.74666875,1105.33325625,
=average(A2:A6),=average(B2:B6),=average(C2:C6),=average(D2:D6)
