Train MAE,Validation MAE,Test MAE,Train MSE,Validation MSE,Test MSE,Train RMSE,Validation RMSE,Test RMSE,Execution Time
380.18468750000005,312.83875625,634.8576374999999,684174.25413125,292305.002725,4304892.899631251,633.0737812499999,426.08183750000006,1465.3028062499998,
358.22656250000006,303.36688125,661.5880125,704266.16499375,346738.43873124995,4444239.21876875,625.42605625,435.2612875,1408.5565187500001,
397.25431875,337.8929,676.12989375,806399.7969375001,441147.19785625004,4538806.0176874995,691.9483250000001,503.732375,1528.04311875,
406.2983125,351.46381875,613.3226625,816231.3616187498,458076.07973124995,3683487.757656249,694.00835625,516.65823125,1311.0805125,
381.9511875,326.70123750000005,545.574875,834435.0587187501,490164.15315,3264102.74666875,698.0894874999999,511.1926,1105.33325625,
=average(A2:A6),=average(B2:B6),=average(C2:C6),=average(D2:D6),=average(E2:E6),=average(F2:F6),=average(G2:G6)
