AUROC,AUPRC
0.19731321052631579,0.0517961052631579,
=average(A2:A2),=average(B2:B2),=average(C2:C2)
