Generation, Fitness
0,9999.5532625
1,9999.56105
2,9999.56105
3,9999.56105
4,9999.56105
5,9999.56105
6,9999.56105
7,9999.56105
8,9999.56105
9,9999.56105
10,9999.56105
11,9999.56105
12,9999.56105
13,9999.56105
14,9999.56105
15,9999.56105
16,9999.56105
17,9999.56105
18,9999.56105
19,9999.56105
20,9999.56105
21,9999.56105
22,9999.56105
23,9999.56105
24,9999.56105
25,9999.56105
26,9999.56105
27,9999.56105
28,9999.56105
29,9999.56105
30,9999.56105
31,9999.56105
32,9999.56105
