AUROC,AUPRC,Executio Time
0.6086302631578947,0.19922257894736842,
0.6840349473684212,0.29111689473684216,
0.7028926315789474,0.28179489473684205,
0.7837372631578947,0.2249464210526316,
0.7000804210526317,0.19787652631578947,
=average(A2:A6),=average(B2:B6),=average(C2:C6),=average(D2:D6)
