MAE,MSE,RMSE
616.03595625,6744065.74726875,1530.94779375,
=average(A2:A2),=average(B2:B2),=average(C2:C2)
