AUROC,AUPRC,Executio Time
0.7167605714285715,0.528066,
0.7241160714285716,0.5194599999999999,
0.7471587142857145,0.5394280714285714,
0.7112669285714286,0.5352397142857143,
0.7079447142857141,0.5218971428571428,
=average(A2:A6),=average(B2:B6),=average(C2:C6),=average(D2:D6)
