MAE,MSE,RMSE,Execution Time
0.8674418571428572,1.5287017142857144,1.2008802857142857,23.82
