Generation, Fitness
0,0.7210111618041992
1,0.7405581474304199
2,0.7405581474304199
3,0.7405581474304199
4,0.7405581474304199
5,0.7405581474304199
6,0.7405581474304199
7,0.7405581474304199
8,0.7405581474304199
9,0.7405581474304199
10,0.7405581474304199
11,0.7405581474304199
12,0.7405581474304199
13,0.7405581474304199
14,0.7405581474304199
15,0.7405581474304199
16,0.7405581474304199
17,0.7405581474304199
18,0.7405581474304199
19,0.7405581474304199
20,0.7405581474304199
21,0.7405581474304199
22,0.7405581474304199
23,0.7405581474304199
24,0.7405581474304199
25,0.7405581474304199
26,0.7405581474304199
27,0.7405581474304199
28,0.7405581474304199
29,0.7405581474304199
30,0.7405581474304199
31,0.7405581474304199
32,0.7405581474304199
33,0.7405581474304199
34,0.7405581474304199
35,0.7405581474304199
36,0.7405581474304199
37,0.7405581474304199
38,0.7405581474304199
39,0.7405581474304199
40,0.7405581474304199
41,0.7405581474304199
42,0.7405581474304199
43,0.7405581474304199
44,0.7405581474304199
45,0.7405581474304199
46,0.7405581474304199
47,0.7405581474304199
48,0.7405581474304199
49,0.7405581474304199
50,0.7405581474304199
51,0.7405581474304199
52,0.7405581474304199
