AUROC,AUPRC,Execution Time
0.8062075714285715,0.7226877142857145,0.02
