AUROC,AUPRC,Execution Time
0.67010714,0.6507772742857143,0.02
