MAE,MSE,RMSE,Execution Time
293.04720425,969418.822309125,617.7212415000001,101.53999999999999
