MAE,MSE,RMSE,Execution Time
206.128803625,572933.4671263751,417.99376812500003,23.259999999999998
