Train MAE, Validation MAE, Test MAE, Train MSE, Validation MSE, Test MSE, Train RMSE, Validation RMSE, Test RMSE, Train Execution Time, Validation Execution Time, Test Execution Time
189.805346625,277.964728375,245.57521562499997,488746.97511475004,815906.7062436251,560571.15624625,461.81748774999994,588.5065997500001,483.7436331249999,578.9799999999999,578.9799999999999,578.9799999999999
