MAE,MSE,RMSE,Execution Time
245.57521562499997,560571.15624625,483.7436331249999,578.9799999999999
