AUROC,AUPRC,Executio Time
0.82996,0.6175578148148149,
0.82996,0.6175578148148149,
0.82996,0.6175578148148149,
0.82996,0.6175578148148149,
0.82996,0.6175578148148149,
=average(A2:A6),=average(B2:B6),=average(C2:C6),=average(D2:D6)
