Generation, Fitness
0,9999.160564285714
1,9999.160564285714
2,9999.160564285714
3,9999.160564285714
4,9999.160564285714
5,9999.160564285714
6,9999.160564285714
7,9999.160564285714
8,9999.160564285714
9,9999.160564285714
10,9999.160564285714
11,9999.160564285714
12,9999.160564285714
13,9999.160564285714
14,9999.160564285714
15,9999.161957142856
16,9999.161957142856
17,9999.161957142856
18,9999.161957142856
19,9999.161957142856
20,9999.161957142856
21,9999.161957142856
22,9999.161957142856
23,9999.161957142856
24,9999.161957142856
25,9999.16615
26,9999.16615
27,9999.16615
28,9999.16615
29,9999.16615
30,9999.16615
31,9999.16615
32,9999.16615
33,9999.16615
34,9999.16615
35,9999.16615
36,9999.16615
37,9999.16615
38,9999.16615
39,9999.16615
40,9999.16615
41,9999.16615
42,9999.16615
43,9999.16615
44,9999.16615
45,9999.16615
46,9999.16615
47,9999.16615
48,9999.16615
49,9999.16615
50,9999.16615
51,9999.16615
52,9999.16615
53,9999.16615
54,9999.16615
55,9999.16615
56,9999.16615
