Generation, Fitness
0,9999.15012857143
1,9999.151242857142
2,9999.153257142858
3,9999.160521428572
4,9999.160521428572
5,9999.160521428572
6,9999.160521428572
7,9999.160521428572
8,9999.160521428572
9,9999.160521428572
10,9999.160521428572
11,9999.160521428572
12,9999.160521428572
13,9999.160521428572
14,9999.160521428572
15,9999.160521428572
16,9999.160521428572
17,9999.160521428572
18,9999.160521428572
19,9999.160521428572
20,9999.160521428572
21,9999.160521428572
22,9999.162214285714
23,9999.16272142857
24,9999.16272142857
25,9999.16272142857
26,9999.16272142857
27,9999.16272142857
28,9999.164542857143
29,9999.164542857143
30,9999.164542857143
31,9999.164542857143
32,9999.164542857143
33,9999.164542857143
34,9999.164542857143
35,9999.164542857143
36,9999.164542857143
37,9999.164542857143
38,9999.164542857143
39,9999.16532857143
40,9999.16532857143
41,9999.16532857143
42,9999.16532857143
43,9999.16532857143
44,9999.16532857143
45,9999.16532857143
46,9999.16532857143
47,9999.16532857143
48,9999.16532857143
49,9999.16532857143
50,9999.16532857143
51,9999.16532857143
52,9999.16532857143
53,9999.16532857143
54,9999.16532857143
55,9999.16532857143
56,9999.16532857143
57,9999.16532857143
58,9999.16532857143
59,9999.16532857143
60,9999.16532857143
61,9999.16532857143
62,9999.16532857143
63,9999.16532857143
64,9999.16532857143
65,9999.16532857143
66,9999.16532857143
67,9999.16532857143
68,9999.16532857143
69,9999.16532857143
70,9999.16532857143
