Train MAE,Validation MAE,Test MAE,Train MSE,Validation MSE,Test MSE,Train RMSE,Validation RMSE,Test RMSE,Execution Time
0.8012285714285715,0.8329928571428571,0.8591714285714286,1.2975642857142857,1.4394285714285717,1.460642857142857,1.1166714285714288,1.1625642857142857,1.1603428571428573,
0.8103642857142858,0.8657571428571428,0.8338499999999999,1.3198357142857142,1.535692857142857,1.413242857142857,1.1230928571428571,1.2028285714285711,1.1425071428571427,
0.8016214285714287,0.8706071428571428,0.8370714285714286,1.29715,1.555,1.4178857142857146,1.1106500000000001,1.2152357142857142,1.1423785714285715,
0.7975500000000001,0.866342857142857,0.8342571428571427,1.2910785714285713,1.547492857142857,1.4207285714285713,1.108564285714286,1.2124785714285713,1.1462142857142859,
0.8055785714285715,0.8663642857142858,0.8346714285714285,1.3133857142857142,1.5158571428571428,1.4108999999999998,1.1209071428571429,1.1939214285714284,1.1417,
=average(A2:A6),=average(B2:B6),=average(C2:C6),=average(D2:D6),=average(E2:E6),=average(F2:F6),=average(G2:G6)
