MAE,MSE,RMSE,Execution Time
0.8591714285714286,1.460642857142857,1.1603428571428573,
0.8338499999999999,1.413242857142857,1.1425071428571427,
0.8370714285714286,1.4178857142857146,1.1423785714285715,
0.8342571428571427,1.4207285714285713,1.1462142857142859,
0.8346714285714285,1.4108999999999998,1.1417,
=average(A2:A6),=average(B2:B6),=average(C2:C6),=average(D2:D6)
