AUROC,AUPRC
0.3955771111111111,0.04532885185185186,
=average(A2:A2),=average(B2:B2),=average(C2:C2)
