Train AUROC,Validation AUROC,Test AUROC,Train AUPRC,Validation AUPRC,Test AUPRC
0.9978307407407407,0.40422962962962966,0.3955771111111111,0.10202318518518518,0.04657703703703704,0.04532885185185186,
=average(A2:A2),=average(B2:B2),=average(C2:C2),=average(D2:D2),=average(E2:E2),=average(F2:F2)
