Generation, Fitness
0,0.7278417348861694
1,0.7278417348861694
2,0.7278417348861694
3,0.7278417348861694
4,0.7278417348861694
5,0.7278417348861694
6,0.7278417348861694
7,0.7278417348861694
8,0.7278417348861694
9,0.7278417348861694
10,0.7278417348861694
11,0.7278417348861694
