MAE,MSE,RMSE
0.7663747645951036,0.5915744833333333,0.8264172682549441
