MAE,MSE,RMSE,Execution Time
649.3899062499999,3649078.9417499998,1380.2480874999999,
=average(A2:A2),=average(B2:B2),=average(C2:C2),=average(D2:D2)
