MAE,MSE,RMSE,Execution Time
0.8320142857142855,1.421657142857143,1.1701142857142859,
=average(A2:A2),=average(B2:B2),=average(C2:C2),=average(D2:D2)
