Train AUROC,Validation AUROC,Test AUROC,Train AUPRC,Validation AUPRC,Test AUPRC, Execution Time
0.9727505925925927,0.8335489629629629,0.8588531111111111,0.7630875555555555,0.5963795925925928,0.6583277407407407,
0.9727505925925927,0.8335489629629629,0.8588531111111111,0.7630875555555555,0.5963795925925928,0.6583277407407407,
0.9727505925925927,0.8335489629629629,0.8588531111111111,0.7630875555555555,0.5963795925925928,0.6583277407407407,
0.9727505925925927,0.8335489629629629,0.8588531111111111,0.7630875555555555,0.5963795925925928,0.6583277407407407,
0.9727505925925927,0.8335489629629629,0.8588531111111111,0.7630875555555555,0.5963795925925928,0.6583277407407407,
=average(A2:A6),=average(B2:B6),=average(C2:C6),=average(D2:D6),=average(E2:E6),=average(F2:F6),=average(G2:G6)
