Train AUROC, Train AUPRC, Test AUROC, Test AUPRC, Execution Time
0.9999812631578947,0.9997170000000001,0.8862025789473685,0.6108910000000001
1.0,1.0,0.665682,0.13043052631578947
1.0,1.0,0.6511142105263158,0.1361603684210526
0.9999902631578946,0.9998638421052632,0.6452332105263159,0.13544563157894735
1.0,1.0,0.699284210526316,0.16850936842105266
1.0,1.0,0.6692622631578948,0.10894010526315788
1.0,1.0,0.6817854210526316,0.1389497894736842
1.0,1.0,0.6336788947368421,0.14174952631578952
1.0,1.0,0.6287341578947366,0.14815052631578948
1.0,1.0,0.6457564210526315,0.13108652631578951
1.0,1.0,0.702290947368421,0.15644936842105267
1.0,1.0,0.661129052631579,0.13555636842105265
1.0,1.0,0.6266070526315789,0.1336695263157895
1.0,1.0,0.6877450526315789,0.13467863157894736
1.0,1.0,0.6482648421052631,0.1315775263157895
1.0,1.0,0.6336968421052633,0.11654715789473685
