Train AUROC, Train AUPRC, Test AUROC, Test AUPRC, Execution Time
1.0,1.0,0.8916796842105263,0.5266027368421053
1.0,1.0,0.8882372105263158,0.5371615263157895
1.0,1.0,0.6179511578947366,0.1232354210526316
1.0,1.0,0.6551707368421053,0.17030189473684207
1.0,1.0,0.6921655789473684,0.11876352631578947
1.0,1.0,0.6222982631578947,0.10494047368421051
0.9999982105263158,0.9999872631578948,0.8826341578947371,0.5651963157894737
1.0,1.0,0.8942976315789475,0.6221329473684211
1.0,1.0,0.6254607368421052,0.11129615789473685
0.9999982105263158,0.9999872631578948,0.6242596315789474,0.12973442105263158
1.0,1.0,0.6574802105263159,0.1560967894736842
1.0,1.0,0.650452,0.10552584210526315
1.0,1.0,0.6803323684210527,0.13296057894736843
0.9999982105263158,0.9999872631578948,0.6572193157894737,0.12772926315789473
1.0,1.0,0.682220947368421,0.1527834210526316
0.9999936842105264,0.9999114210526315,0.7147794210526315,0.18017563157894734
1.0,1.0,0.6627743157894738,0.1655181578947368
1.0,1.0,0.6690416315789472,0.13833621052631576
1.0,1.0,0.6653800526315791,0.15006126315789473
