Train AUROC, Train AUPRC, Test AUROC, Test AUPRC, Execution Time
1.0,1.0,0.8781917368421054,0.5061384210526314
1.0,1.0,0.5816936315789474,0.10463599999999999
1.0,1.0,0.6441357894736841,0.12200063157894735
1.0,1.0,0.7099164210526316,0.20760147368421053
0.9999982105263158,0.9999872631578948,0.6550778947368422,0.13876226315789475
0.9999970526315789,0.999962052631579,0.5889273157894737,0.12546705263157895
1.0,1.0,0.6385764210526316,0.12696352631578947
1.0,1.0,0.6734342105263158,0.15589863157894734
1.0,1.0,0.616208842105263,0.17295526315789475
1.0,1.0,0.6656458421052631,0.19397894736842106
1.0,1.0,0.6516628421052632,0.14518952631578946
1.0,1.0,0.6450543684210526,0.12786689473684207
1.0,1.0,0.7321491578947367,0.20341315789473682
1.0,1.0,0.6903489999999999,0.12826863157894738
1.0,1.0,0.6395812105263158,0.12655836842105264
1.0,1.0,0.6046920526315789,0.12348715789473685
1.0,1.0,0.6915267894736843,0.14841221052631579
1.0,1.0,0.6954467894736842,0.19190510526315788
1.0,1.0,0.6994804210526316,0.15480642105263157
