AUROC,AUPRC,Executio Time
0.8802638421052632,0.5700302105263159,
0.8802638421052632,0.5700302105263159,
0.8802638421052632,0.5700302105263159,
0.8802638421052632,0.5700302105263159,
0.8802638421052632,0.5700302105263159,
=average(A2:A6),=average(B2:B6),=average(C2:C6),=average(D2:D6)
