MAE,MSE,RMSE,Execution Time
0.8179642857142859,1.2910428571428572,1.0932785714285713,
=average(A2:A2),=average(B2:B2),=average(C2:C2),=average(D2:D2)
