Train AUROC, Train AUPRC, Test AUROC, Test AUPRC, Execution Time
0.9999761666666668,0.9999351666666666,0.8546671666666668,0.706039
1.0,1.0,0.8451589999999999,0.7116473333333334
0.9999926666666666,0.9999806666666667,0.8602258333333332,0.7248825
0.9999935,0.9999876666666667,0.4896585,0.41155083333333337
0.9999608333333333,0.9999051666666666,0.5024591666666667,0.38114999999999993
0.9999928333333333,0.9999826666666666,0.473346,0.4059626666666667
0.9999676666666667,0.9999195,0.5527433333333334,0.41740616666666663
0.9999861666666668,0.9999695000000001,0.5313945,0.41854050000000004
0.9999893333333333,0.9999741666666667,0.6929638333333333,0.4888468333333333
0.9999941666666666,0.9999925,0.5898306666666667,0.4815051666666667
0.9999965,0.9999913333333333,0.4081485,0.34825083333333334
0.9999573333333333,0.999895,0.4415591666666667,0.3230653333333333
0.9999929999999999,0.9999826666666666,0.5539326666666667,0.44886883333333333
1.0,1.0,0.4762693333333334,0.3990465
0.9999790000000001,0.99995,0.8506831666666667,0.7190484999999999
0.9999893333333333,0.9999739999999999,0.40199999999999997,0.30939883333333335
0.9999858333333332,0.9999655000000001,0.5130693333333334,0.44008616666666667
0.9999855000000001,0.9999626666666667,0.8461906666666666,0.7063648333333333
0.9999753333333333,0.9999408333333332,0.8596635,0.7192163333333333
0.9999231666666667,0.9997743333333333,0.8590653333333332,0.7384611666666667
0.9999858333333332,0.9999658333333333,0.545127,0.41334200000000004
0.9999858333333332,0.999965,0.413999,0.3485008333333333
0.9999928333333333,0.9999826666666666,0.48483699999999996,0.3609033333333333
0.9999965,0.9999913333333333,0.4769946666666667,0.3570358333333334
1.0,1.0,0.4582175,0.4121163333333333
0.999997,0.9999963333333334,0.34851716666666666,0.2977181666666666
0.9999929999999999,0.9999826666666666,0.5055858333333333,0.43529799999999996
0.9999881666666667,0.999964,0.472597,0.3863338333333333
0.9999821666666667,0.9999568333333334,0.3380005,0.2891766666666667
0.9999573333333333,0.9998950000000001,0.5981895,0.513628
0.9999946666666667,0.9999868333333334,0.39111433333333334,0.309939
0.9999858333333332,0.9999651666666667,0.4334226666666667,0.3385548333333333
0.9999965,0.9999913333333333,0.4077556666666666,0.30949850000000007
0.9999751666666666,0.9999396666666667,0.4898821666666667,0.3810713333333333
