Train AUROC, Train AUPRC, Test AUROC, Test AUPRC, Execution Time
0.9999563333333334,0.9998891666666667,0.8473155,0.7187708333333332
0.999978,0.9999433333333334,0.8557478333333335,0.7288481666666667
0.9999696666666665,0.9999246666666667,0.8529185,0.7130878333333333
0.9999893333333333,0.9999736666666666,0.6456908333333333,0.49994983333333326
0.9999931666666667,0.9999853333333334,0.8458233333333335,0.6906381666666667
0.9999558333333333,0.9998815,0.8463305000000001,0.7114976666666667
0.9999675,0.9999170000000001,0.8553833333333335,0.7005315
0.9999611666666666,0.9999043333333334,0.8445269999999999,0.6963028333333333
0.9999781666666667,0.9999444999999999,0.469664,0.41151050000000006
0.999993,0.9999835,0.8530963333333333,0.6929694999999999
0.9999786666666667,0.9999481666666666,0.5224663333333334,0.43656599999999995
0.9999928333333333,0.9999826666666666,0.4979708333333333,0.39273033333333335
0.9999788333333334,0.9999473333333334,0.3666663333333333,0.3029095
0.9999815,0.9999503333333332,0.4831596666666666,0.39841583333333336
0.9999359999999999,0.9998456666666667,0.49436016666666666,0.368967
1.0,1.0,0.4185731666666667,0.3334998333333334
0.9999928333333333,0.9999826666666666,0.40777900000000006,0.32133466666666666
0.9999715,0.9999318333333335,0.4123208333333333,0.35895716666666666
0.9999638333333333,0.9999064999999999,0.849036,0.6954163333333333
0.9999348333333334,0.9998618333333334,0.8368908333333334,0.6819906666666666
0.9999929999999999,0.9999826666666666,0.4392008333333333,0.3529635
0.9999185,0.9998091666666666,0.8578468333333333,0.7342548333333333
1.0,1.0,0.49053700000000006,0.3874518333333334
0.9999856666666668,0.9999646666666667,0.6188140000000001,0.4655126666666667
0.9999928333333333,0.9999826666666666,0.40866899999999995,0.31887
0.9999823333333332,0.9999560000000001,0.5640906666666666,0.4666321666666667
0.9999821666666667,0.9999568333333334,0.4083831666666667,0.3231095
0.999977,0.9999436666666667,0.4536895,0.34808716666666667
1.0,1.0,0.467246,0.3922391666666667
0.9999555,0.9998916666666666,0.515413,0.42789083333333333
0.9999858333333332,0.9999655000000001,0.466312,0.38785766666666666
1.0,1.0,0.4922246666666666,0.38617416666666665
0.999997,0.9999963333333334,0.5324194999999999,0.38309600000000005
0.9999786666666667,0.9999483333333333,0.4270778333333333,0.32671883333333335
0.9999981666666667,0.9999956666666666,0.40495433333333336,0.3093356666666667
0.9999893333333333,0.9999738333333333,0.39912416666666667,0.3324801666666667
