Train AUROC,Validation AUROC,Test AUROC,Train AUPRC,Validation AUPRC,Test AUPRC, Execution Time
0.9999235,0.8465011666666667,0.8654421666666666,0.9998201666666667,0.6922586666666667,0.7570999999999999,
0.9999235,0.8465011666666667,0.8654421666666666,0.9998201666666667,0.6922586666666667,0.7570999999999999,
0.9999235,0.8465011666666667,0.8654421666666666,0.9998201666666667,0.6922586666666667,0.7570999999999999,
0.9999235,0.8465011666666667,0.8654421666666666,0.9998201666666667,0.6922586666666667,0.7570999999999999,
0.9999235,0.8465011666666667,0.8654421666666666,0.9998201666666667,0.6922586666666667,0.7570999999999999,
=average(A2:A6),=average(B2:B6),=average(C2:C6),=average(D2:D6),=average(E2:E6),=average(F2:F6),=average(G2:G6)
