TrainVal MAE,Validation MAE,Test MAE,TrainVal MSE,Validation MSE,Test MSE,TrainVal RMSE,Validation RMSE,Test RMSE,Execution Time
0.377675,0.7128125,0.6115124999999998,0.7194749999999999,6.6635375,6.613399999999999,0.6860375,2.0366,2.254225,
0.377675,0.7128125,0.6115124999999998,0.7194749999999999,6.6635375,6.613399999999999,0.6860375,2.0366,2.254225,
0.377675,0.7128125,0.6115124999999998,0.7194749999999999,6.6635375,6.613399999999999,0.6860375,2.0366,2.254225,
0.377675,0.7128125,0.6115124999999998,0.7194749999999999,6.6635375,6.613399999999999,0.6860375,2.0366,2.254225,
0.377675,0.7128125,0.6115124999999998,0.7194749999999999,6.6635375,6.613399999999999,0.6860375,2.0366,2.254225,
=average(A2:A6),=average(B2:B6),=average(C2:C6),=average(D2:D6),=average(E2:E6),=average(F2:F6),=average(G2:G6)
