AUROC,AUPRC,Execution Time
0.5793212489304812,0.03954032139037431,10562.6
