MAE,MSE,RMSE,Execution Time
62.69591962499999,10381.915220375,97.59453250000001,156.90000000000003
