MAE,MSE,RMSE,Execution Time
84.200227125,18963.374284375,135.92165362500003,665.72
