TrainVal AUROC,Validation AUROC,Test AUROC,TrainVal AUPRC,Validation AUPRC,Test AUPRC, Execution Time
0.9400473157894735,0.8278811052631581,0.651266052631579,0.6735341052631579,0.42342500000000005,0.27634910526315787,
0.9858992105263157,0.8195955789473687,0.6562124736842104,0.8783055263157895,0.44315415789473694,0.24365405263157894,
0.9345686842105263,0.809133,0.7180317368421051,0.6618845789473686,0.33522026315789477,0.24010842105263155,
0.7667996315789475,0.8406095263157894,0.6110944210526315,0.5047441052631578,0.39939873684210525,0.25311857894736844,
0.9696233684210526,0.8417483684210526,0.7435970526315789,0.751136105263158,0.4340590526315789,0.2884418421052632,
=average(A2:A6),=average(B2:B6),=average(C2:C6),=average(D2:D6),=average(E2:E6),=average(F2:F6),=average(G2:G6)
