MAE,MSE,RMSE,Execution Time
0.824575,1.3433085714285715,1.1288128571428573,537.4
