Generation, Fitness
0,0.7845507860183716
1,0.7934287190437317
2,0.7934287190437317
3,0.7934287190437317
4,0.7934287190437317
5,0.7934287190437317
6,0.7934287190437317
7,0.7934287190437317
8,0.7934287190437317
9,0.7934287190437317
10,0.7934287190437317
11,0.7934287190437317
12,0.7934287190437317
13,0.7934287190437317
14,0.7934287190437317
15,0.7934287190437317
16,0.7934287190437317
17,0.7934287190437317
18,0.7934287190437317
19,0.7934287190437317
20,0.7934287190437317
21,0.7934287190437317
22,0.7934287190437317
23,0.7934287190437317
24,0.7934287190437317
25,0.7934287190437317
26,0.7934287190437317
27,0.7934287190437317
28,0.7934287190437317
29,0.7934287190437317
30,0.7934287190437317
31,0.7934287190437317
32,0.7934287190437317
33,0.7934287190437317
34,0.7934287190437317
35,0.7934287190437317
36,0.7934287190437317
37,0.7934287190437317
38,0.7934287190437317
39,0.7934287190437317
40,0.7934287190437317
41,0.7934287190437317
42,0.7934287190437317
43,0.7934287190437317
44,0.7934287190437317
45,0.7934287190437317
46,0.7934287190437317
47,0.7934287190437317
48,0.7934287190437317
49,0.7934287190437317
50,0.7934287190437317
51,0.7934287190437317
52,0.7934287190437317
