MAE,MSE,RMSE,Execution Time
0.8315285714285715,1.3581071428571432,1.1307857142857143,
=average(A2:A2),=average(B2:B2),=average(C2:C2),=average(D2:D2)
