AUROC,AUPRC,Execution Time
0.7468556000000001,0.5745585,0.21999999999999997
