TrainVal MAE,Validation MAE,Test MAE,TrainVal MSE,Validation MSE,Test MSE,TrainVal RMSE,Validation RMSE,Test RMSE,Execution Time
0.8017785714285713,0.8257142857142857,0.8949571428571429,1.2955571428571429,1.4070357142857142,1.6234785714285718,1.1117857142857142,1.1413928571428573,1.2405285714285714,
0.8055500000000001,0.8249000000000001,0.8850499999999999,1.305642857142857,1.4247857142857145,1.5929499999999999,1.1150714285714285,1.1452142857142857,1.2291642857142862,
0.8340285714285715,0.82435,0.8935285714285716,1.3763214285714283,1.4040785714285715,1.5835857142857144,1.1405142857142858,1.1357857142857144,1.2273214285714287,
0.8340285714285715,0.82435,0.8935285714285716,1.3763214285714283,1.4040785714285715,1.5835857142857144,1.1405142857142858,1.1357857142857144,1.2273214285714287,
0.8084714285714286,0.8235714285714284,0.9029428571428573,1.3045214285714284,1.3868500000000001,1.623992857142857,1.1148071428571429,1.1302785714285715,1.2427571428571427,
=average(A2:A6),=average(B2:B6),=average(C2:C6),=average(D2:D6),=average(E2:E6),=average(F2:F6),=average(G2:G6)
