MAE,MSE,RMSE,Execution Time
0.8513714285714286,1.3968714285714285,1.155457142857143,
=average(A2:A2),=average(B2:B2),=average(C2:C2),=average(D2:D2)
