MAE,MSE,RMSE,Execution Time
191.43994375000003,161550.18367499998,327.02084999999994,
=average(A2:A2),=average(B2:B2),=average(C2:C2),=average(D2:D2)
