Generation, Fitness
0,0.7043797373771667
1,0.7195022702217102
2,0.7195022702217102
3,0.7232582569122314
4,0.7232582569122314
5,0.7232582569122314
6,0.7232582569122314
7,0.7232582569122314
8,0.7232582569122314
9,0.7232582569122314
10,0.7232582569122314
11,0.7232582569122314
12,0.7232582569122314
13,0.7232582569122314
14,0.7232582569122314
