MAE,MSE,RMSE,Execution Time
41.9831625,4411.615699999999,65.80109375,
41.5587875,4399.31529375,65.33190625000002,
40.604406250000004,4286.461231249999,64.80850000000001,
40.738643749999994,4453.91700625,65.58243750000001,
41.95415625,4427.74984375,65.61324375,
=average(A2:A6),=average(B2:B6),=average(C2:C6),=average(D2:D6)
