AUROC,AUPRC
0.6014041428571428,0.47857142857142854,
=average(A2:A2),=average(B2:B2),=average(C2:C2)
