Generation, Fitness
0,0.8518518805503845
1,0.8518518805503845
2,0.8518518805503845
3,0.8518518805503845
4,0.8518518805503845
5,0.8518518805503845
6,0.8518518805503845
7,0.8518518805503845
8,0.8518518805503845
9,0.8518518805503845
10,0.8518518805503845
11,0.8518518805503845
