Train AUROC, Train AUPRC, Test AUROC, Test AUPRC, Execution Time
0.9999992857142858,0.9999988571428572,0.7013779285714286,0.5274090714285713
0.9999976428571429,0.9999952857142856,0.6832094285714285,0.5159124285714286
0.9999995714285715,0.9999994285714285,0.7287564285714286,0.5299937142857144
0.9999985714285715,0.9999976428571429,0.4818950714285714,0.3234133571428571
0.9999979999999999,0.9999969999999999,0.48036357142857133,0.32125507142857146
0.9999942857142858,0.9999913571428573,0.47670078571428565,0.316151
0.9999972142857142,0.9999959285714286,0.5394309285714285,0.34224528571428575
0.999999,0.9999978571428573,0.5324519285714285,0.34284335714285713
0.9999985714285714,0.9999970000000001,0.5396189285714285,0.34357564285714287
0.9999982857142857,0.9999972142857142,0.5155724285714285,0.3454096428571428
0.9999973571428571,0.9999942857142857,0.5367686428571429,0.3387315
0.9999957142857142,0.9999936428571429,0.4972999285714286,0.327679
0.9999987142857144,0.9999975714285715,0.49018600000000007,0.33407292857142856
0.999999,0.9999979285714286,0.48632585714285703,0.33139250000000003
0.9999999285714285,0.9999997857142857,0.5128762857142857,0.3388161428571429
0.9999981428571428,0.9999973571428571,0.516019,0.32872
