AUROC,AUPRC,Executio Time
0.6678677142857142,0.5049724285714287,
0.6678677142857142,0.5049724285714287,
0.6678677142857142,0.5049724285714287,
0.6678677142857142,0.5049724285714287,
0.6678677142857142,0.5049724285714287,
=average(A2:A6),=average(B2:B6),=average(C2:C6),=average(D2:D6)
