TrainVal AUROC,Validation AUROC,Test AUROC,TrainVal AUPRC,Validation AUPRC,Test AUPRC, Execution Time
0.7401208571428572,0.7854752857142857,0.6753020000000001,0.7295561428571428,0.6912741428571428,0.6483171428571428,
0.7401208571428572,0.7854752857142857,0.6753020000000001,0.7295561428571428,0.6912741428571428,0.6483171428571428,
0.7401208571428572,0.7854752857142857,0.6753020000000001,0.7295561428571428,0.6912741428571428,0.6483171428571428,
0.7401208571428572,0.7854752857142857,0.6753020000000001,0.7295561428571428,0.6912741428571428,0.6483171428571428,
0.7401208571428572,0.7854752857142857,0.6753020000000001,0.7295561428571428,0.6912741428571428,0.6483171428571428,
=average(A2:A6),=average(B2:B6),=average(C2:C6),=average(D2:D6),=average(E2:E6),=average(F2:F6),=average(G2:G6)
