AUROC,AUPRC
0.6316728571428571,0.47368428571428567,
=average(A2:A2),=average(B2:B2),=average(C2:C2)
