AUROC,AUPRC,Execution Time
0.8470789222222223,0.6948818222222223,206.9
