Generation, Fitness
0,0.6438548564910889
1,0.6438548564910889
2,0.6438548564910889
3,0.6438548564910889
4,0.6438548564910889
5,0.6438548564910889
6,0.6438548564910889
7,0.6438548564910889
8,0.6438548564910889
9,0.6438548564910889
10,0.6438548564910889
11,0.6438548564910889
12,0.6438548564910889
13,0.6438548564910889
14,0.6438548564910889
15,0.6438548564910889
16,0.6438548564910889
17,0.6438548564910889
18,0.6438548564910889
19,0.6438548564910889
20,0.6438548564910889
21,0.6438548564910889
22,0.6438548564910889
23,0.6438548564910889
24,0.6438548564910889
25,0.6438548564910889
26,0.6438548564910889
27,0.6438548564910889
28,0.6438548564910889
29,0.6438548564910889
30,0.6438548564910889
31,0.6438548564910889
