Generation, Fitness
0,0.6487545967102051
1,0.6487545967102051
2,0.6487545967102051
3,0.6487545967102051
4,0.6487545967102051
5,0.6487545967102051
6,0.6487545967102051
7,0.6487545967102051
8,0.6487545967102051
9,0.6487545967102051
10,0.6487545967102051
11,0.6499186158180237
12,0.6499186158180237
13,0.6499186158180237
14,0.6499186158180237
15,0.6499186158180237
16,0.6499186158180237
17,0.6499186158180237
18,0.6499186158180237
19,0.6499186158180237
20,0.6499186158180237
21,0.6499186158180237
22,0.6499186158180237
23,0.6612300276756287
24,0.6612300276756287
25,0.6612300276756287
26,0.6612300276756287
27,0.6612300276756287
28,0.6612300276756287
29,0.6612300276756287
30,0.6612300276756287
31,0.6612300276756287
32,0.6612300276756287
33,0.6612300276756287
34,0.6612300276756287
35,0.6612300276756287
36,0.6612300276756287
37,0.6612300276756287
38,0.6612300276756287
39,0.6612300276756287
40,0.6612300276756287
41,0.6612300276756287
42,0.6612300276756287
43,0.6612300276756287
44,0.6612300276756287
45,0.6612300276756287
46,0.6612300276756287
47,0.6612300276756287
48,0.6612300276756287
49,0.6612300276756287
50,0.6612300276756287
51,0.6612300276756287
52,0.6612300276756287
53,0.6612300276756287
54,0.6612300276756287
