Generation, Fitness
0,0.637876570224762
1,0.637876570224762
2,0.637876570224762
3,0.637876570224762
4,0.637876570224762
5,0.637876570224762
6,0.637876570224762
7,0.637876570224762
8,0.637876570224762
9,0.637876570224762
10,0.637876570224762
11,0.637876570224762
12,0.637876570224762
13,0.637876570224762
14,0.637876570224762
15,0.637876570224762
16,0.637876570224762
17,0.637876570224762
18,0.637876570224762
19,0.6445832252502441
20,0.6445832252502441
21,0.6445832252502441
22,0.6445832252502441
23,0.6445832252502441
24,0.6445832252502441
25,0.6445832252502441
26,0.6445832252502441
27,0.6445832252502441
28,0.6445832252502441
29,0.6445832252502441
30,0.6445832252502441
31,0.6445832252502441
32,0.6445832252502441
33,0.6445832252502441
34,0.6445832252502441
35,0.6445832252502441
36,0.6445832252502441
37,0.6445832252502441
38,0.6445832252502441
39,0.6445832252502441
40,0.6445832252502441
41,0.6455692052841187
42,0.6455692052841187
43,0.6455692052841187
44,0.6455692052841187
45,0.6455692052841187
46,0.6455692052841187
47,0.6455692052841187
48,0.6455692052841187
49,0.6455692052841187
50,0.6455692052841187
51,0.6455692052841187
52,0.6455692052841187
53,0.6470105648040771
54,0.6470105648040771
55,0.6470105648040771
56,0.6470105648040771
57,0.6470105648040771
58,0.6470105648040771
59,0.6470105648040771
60,0.6470105648040771
61,0.6520965099334717
62,0.6520965099334717
63,0.6547287702560425
64,0.6547287702560425
65,0.6547287702560425
66,0.6547287702560425
67,0.6547287702560425
68,0.6547287702560425
69,0.6547287702560425
70,0.6547287702560425
71,0.6547287702560425
72,0.6547287702560425
73,0.6547287702560425
74,0.6547287702560425
75,0.6547287702560425
76,0.6547287702560425
77,0.6547287702560425
78,0.6547287702560425
79,0.6547287702560425
80,0.6547287702560425
81,0.6547287702560425
82,0.6547287702560425
83,0.6547287702560425
84,0.6547287702560425
85,0.6547287702560425
86,0.6547287702560425
87,0.6547287702560425
88,0.6547287702560425
89,0.6547287702560425
90,0.6547287702560425
91,0.6547287702560425
92,0.6547287702560425
93,0.6547287702560425
94,0.6547287702560425
