AUROC,AUPRC,Executio Time
0.6492597142857143,0.4242110714285715,
0.6547287857142858,0.43215935714285714,
0.6624470000000001,0.43321271428571423,
0.6438548571428572,0.4233698571428571,
0.6612299999999999,0.42783864285714274,
=average(A2:A6),=average(B2:B6),=average(C2:C6),=average(D2:D6)
