AUROC,AUPRC
0.5807905714285715,0.4785714285714286,
=average(A2:A2),=average(B2:B2),=average(C2:C2)
