Train AUROC,Validation AUROC,Test AUROC,Train AUPRC,Validation AUPRC,Test AUPRC
0.7865017142857144,0.7517437142857143,0.5807905714285715,0.6100161428571429,0.5037594285714285,0.4785714285714286,
=average(A2:A2),=average(B2:B2),=average(C2:C2),=average(D2:D2),=average(E2:E2),=average(F2:F2)
