MAE,MSE,RMSE
0.8063428571428571,1.3224857142857143,1.1149071428571429,
=average(A2:A2),=average(B2:B2),=average(C2:C2)
