MAE,MSE,RMSE
0.975807142857143,1.8738928571428572,1.326007142857143,
0.9383857142857144,1.752214285714286,1.2845357142857143,
0.9483571428571429,1.7755571428571428,1.2956785714285712,
0.9686214285714286,1.8271142857142857,1.315742857142857,
0.9436857142857143,1.7919857142857147,1.2931428571428571,
=average(A2:A6),=average(B2:B6),=average(C2:C6)
