Train MAE,Validation MAE,Test MAE,Train MSE,Validation MSE,Test MSE,Train RMSE,Validation RMSE,Test RMSE
0.8880357142857144,0.8880357142857144,0.8063428571428571,1.5244142857142855,1.5244142857142855,1.3224857142857143,1.2054714285714285,1.2054714285714285,1.1149071428571429,
=average(A2:A2),=average(B2:B2),=average(C2:C2),=average(D2:D2),=average(E2:E2),=average(F2:F2)
