Train AUROC,Validation AUROC,Test AUROC,Train AUPRC,Validation AUPRC,Test AUPRC, Execution Time
0.9982932857142858,0.7355251428571429,0.7651995714285714,0.9963857142857143,0.7387205714285715,0.7271365714285715,
0.9982932857142858,0.7355251428571429,0.7651995714285714,0.9963857142857143,0.7387205714285715,0.7271365714285715,
0.9982932857142858,0.7355251428571429,0.7651995714285714,0.9963857142857143,0.7387205714285715,0.7271365714285715,
0.9982932857142858,0.7355251428571429,0.7651995714285714,0.9963857142857143,0.7387205714285715,0.7271365714285715,
0.9982932857142858,0.7355251428571429,0.7651995714285714,0.9963857142857143,0.7387205714285715,0.7271365714285715,
=average(A2:A6),=average(B2:B6),=average(C2:C6),=average(D2:D6),=average(E2:E6),=average(F2:F6),=average(G2:G6)
