Generation, Fitness
0,0.7845507860183716
1,0.7845507860183716
2,0.7845507860183716
3,0.7845507860183716
4,0.7845507860183716
5,0.7845507860183716
6,0.7845507860183716
7,0.7845507860183716
8,0.7845507860183716
9,0.7845507860183716
10,0.7845507860183716
11,0.7845507860183716
12,0.7845507860183716
13,0.7845507860183716
14,0.7845507860183716
15,0.7845507860183716
16,0.7845507860183716
17,0.7845507860183716
18,0.7845507860183716
19,0.7845507860183716
20,0.7845507860183716
21,0.7845507860183716
22,0.7845507860183716
23,0.7845507860183716
24,0.7905175089836121
25,0.7905175089836121
26,0.7905175089836121
27,0.7905175089836121
28,0.7905175089836121
29,0.7905175089836121
30,0.7905175089836121
31,0.7905175089836121
32,0.7905175089836121
33,0.7905175089836121
34,0.7905175089836121
35,0.7905175089836121
36,0.7905175089836121
37,0.7905175089836121
38,0.7935733795166016
39,0.7935733795166016
40,0.7935733795166016
41,0.7935733795166016
42,0.7935733795166016
43,0.7935733795166016
44,0.7935733795166016
45,0.7935733795166016
46,0.7935733795166016
47,0.7935733795166016
48,0.7935733795166016
49,0.7935733795166016
50,0.7935733795166016
51,0.7935733795166016
52,0.7935733795166016
53,0.7935733795166016
54,0.7935733795166016
55,0.7935733795166016
56,0.7935733795166016
57,0.7935733795166016
58,0.7935733795166016
59,0.7935733795166016
60,0.7935733795166016
61,0.7935733795166016
62,0.7935733795166016
63,0.7935733795166016
64,0.7935733795166016
65,0.7935733795166016
66,0.7935733795166016
67,0.8000302910804749
68,0.8000302910804749
69,0.8000302910804749
70,0.8000302910804749
71,0.8000302910804749
72,0.8000302910804749
73,0.8000302910804749
74,0.8000302910804749
75,0.8000302910804749
76,0.8000302910804749
77,0.8000302910804749
78,0.8000302910804749
79,0.8000302910804749
80,0.8000302910804749
81,0.8000302910804749
82,0.8000302910804749
83,0.8000302910804749
84,0.8000302910804749
85,0.8000302910804749
86,0.8000302910804749
87,0.8000302910804749
88,0.8000302910804749
89,0.8000302910804749
90,0.8000302910804749
91,0.8000302910804749
92,0.8000302910804749
93,0.8000302910804749
94,0.8000302910804749
95,0.8000302910804749
96,0.8000302910804749
97,0.8000302910804749
98,0.8000302910804749
