Train AUROC,Validation AUROC,Test AUROC,Train AUPRC,Validation AUPRC,Test AUPRC, Execution Time
0.9777177368421052,0.8123504210526317,0.8123504210526317,0.7981640526315791,0.35623210526315785,0.35623210526315785,
0.9713483684210528,0.8002927894736843,0.8002927894736843,0.7588567368421054,0.37207868421052637,0.37207868421052637,
0.834637842105263,0.7845507894736844,0.7845507894736844,0.24877557894736846,0.20008894736842103,0.20008894736842103,
0.834637842105263,0.7845507894736844,0.7845507894736844,0.24877557894736846,0.20008894736842103,0.20008894736842103,
0.9723874736842107,0.8000302631578947,0.8000302631578947,0.767622105263158,0.3399965789473684,0.3399965789473684,
=average(A2:A6),=average(B2:B6),=average(C2:C6),=average(D2:D6),=average(E2:E6),=average(F2:F6),=average(G2:G6)
