AUROC,AUPRC,Executio Time
0.6804177368421053,0.26056189473684205,
0.7597608421052633,0.1629521052631579,
0.6965599473684211,0.25744810526315787,
0.7489145789473683,0.21421236842105268,
0.6974825263157894,0.29868710526315795,
=average(A2:A6),=average(B2:B6),=average(C2:C6),=average(D2:D6)
