AUROC,AUPRC,Executio Time
0.8123504210526317,0.35623210526315785,
0.8002927894736843,0.37207868421052637,
0.7845507894736844,0.20008894736842103,
0.7845507894736844,0.20008894736842103,
0.8000302631578947,0.3399965789473684,
=average(A2:A6),=average(B2:B6),=average(C2:C6),=average(D2:D6)
