Generation, Fitness
0,9911.4659375
1,9911.4659375
2,9911.4659375
3,9912.34318125
4,9912.34318125
5,9912.34318125
6,9912.34318125
7,9912.34318125
8,9912.34318125
9,9912.34318125
10,9912.34318125
11,9912.34318125
12,9912.41359375
13,9912.41359375
14,9912.8872375
15,9912.8872375
16,9912.8872375
17,9912.8872375
18,9912.8872375
19,9912.8872375
20,9912.8872375
21,9912.8872375
22,9912.8872375
23,9912.8872375
24,9912.8872375
25,9912.8872375
26,9912.8872375
27,9912.8872375
28,9912.8872375
29,9912.8872375
30,9912.8872375
31,9912.8872375
32,9912.8872375
33,9912.8872375
34,9912.8872375
35,9912.8872375
36,9912.9816625
37,9912.9816625
38,9913.035475
39,9913.035475
40,9913.035475
41,9913.035475
42,9913.035475
43,9913.035475
44,9913.035475
45,9913.035475
46,9913.035475
47,9913.035475
48,9913.2784875
49,9913.2784875
50,9913.2784875
51,9913.2784875
52,9913.2784875
53,9913.2784875
54,9913.2784875
55,9913.2784875
56,9913.2784875
57,9913.2784875
58,9913.2784875
59,9913.2784875
60,9913.2784875
61,9913.2784875
62,9913.2784875
63,9913.2784875
64,9913.2784875
65,9913.2784875
66,9913.2784875
67,9913.2784875
68,9913.2784875
69,9913.2784875
70,9913.2784875
71,9913.2784875
72,9913.2784875
73,9913.2784875
74,9913.2784875
75,9913.2784875
76,9913.4248
77,9913.4248
78,9913.4248
79,9913.4248
80,9913.4248
81,9913.4248
82,9913.4248
83,9913.4248
84,9913.4248
85,9913.4248
86,9913.4248
87,9913.4248
88,9913.4248
89,9913.4248
90,9913.4248
91,9913.4248
92,9913.4248
93,9913.4248
94,9913.4248
95,9913.4248
96,9913.4248
97,9913.4248
98,9913.4248
99,9913.4248
100,9913.4248
101,9913.4248
102,9913.4248
103,9913.4248
104,9913.4248
105,9913.4248
106,9913.4248
107,9913.4248
