AUROC,AUPRC,Executio Time
0.7761162857142858,0.6948947142857144,
0.7761162857142858,0.6948947142857144,
0.7761162857142858,0.6948947142857144,
0.7761162857142858,0.6948947142857144,
0.7761162857142858,0.6948947142857144,
=average(A2:A6),=average(B2:B6),=average(C2:C6),=average(D2:D6)
