Generation, Fitness
0,0.7742243409156799
1,0.7742243409156799
2,0.7742243409156799
3,0.7742243409156799
4,0.7742243409156799
5,0.7742243409156799
6,0.7742243409156799
7,0.7742243409156799
8,0.7742243409156799
9,0.7742243409156799
10,0.7742243409156799
11,0.7742243409156799
