Train AUROC,Validation AUROC,Test AUROC,Train AUPRC,Validation AUPRC,Test AUPRC, Execution Time
0.8413716666666665,0.8256018333333334,0.7646246666666666,0.7017844999999999,0.6498946666666666,0.6087911666666667,
0.8413716666666665,0.8256018333333334,0.7646246666666666,0.7017844999999999,0.6498946666666666,0.6087911666666667,
0.8413716666666665,0.8256018333333334,0.7646246666666666,0.7017844999999999,0.6498946666666666,0.6087911666666667,
0.8413716666666665,0.8256018333333334,0.7646246666666666,0.7017844999999999,0.6498946666666666,0.6087911666666667,
0.8413716666666665,0.8256018333333334,0.7646246666666666,0.7017844999999999,0.6498946666666666,0.6087911666666667,
=average(A2:A6),=average(B2:B6),=average(C2:C6),=average(D2:D6),=average(E2:E6),=average(F2:F6),=average(G2:G6)
