Train AUROC, Validation AUROC, Test AUROC, Train AUPRC, Validation AUPRC, Test AUPRC
0.6961507499999999,0.6049758166666666,0.5950645833333333,0.3091619166666667,0.3118272166666667,0.3118272166666667
