AUROC,AUPRC
0.5950645833333333,0.3118272166666667
