AUROC,AUPRC,Executio Time
0.569561642857143,0.35960400000000003,
0.569561642857143,0.35960400000000003,
0.569561642857143,0.35960400000000003,
0.569561642857143,0.35960400000000003,
0.569561642857143,0.35960400000000003,
=average(A2:A6),=average(B2:B6),=average(C2:C6),=average(D2:D6)
