AUROC,AUPRC,Executio Time
0.8675963157894737,0.603012,
0.9160252631578947,0.6540900000000001,
0.8971974736842104,0.6123021052631579,
0.8922684210526315,0.5950851052631578,
0.9032483157894737,0.646158894736842,
=average(A2:A6),=average(B2:B6),=average(C2:C6),=average(D2:D6)
