AUROC,AUPRC,Execution Time
0.8366541444444445,0.6182146000000001,199.4
