Generation, Fitness
0,9999.16665
1,9999.168492857143
2,9999.168492857143
3,9999.169292857143
4,9999.169292857143
5,9999.17237142857
6,9999.176978571428
7,9999.176978571428
8,9999.176978571428
9,9999.176978571428
10,9999.176978571428
11,9999.182285714285
12,9999.182285714285
13,9999.182285714285
14,9999.182285714285
15,9999.182285714285
16,9999.182285714285
17,9999.182285714285
18,9999.182285714285
19,9999.182285714285
20,9999.182285714285
21,9999.182285714285
22,9999.182285714285
23,9999.182285714285
24,9999.182285714285
25,9999.182285714285
26,9999.182285714285
27,9999.184342857143
28,9999.184342857143
29,9999.184342857143
30,9999.184342857143
31,9999.184342857143
32,9999.184342857143
33,9999.184342857143
34,9999.184342857143
35,9999.184342857143
36,9999.184342857143
37,9999.184342857143
38,9999.184342857143
39,9999.184342857143
40,9999.184342857143
41,9999.184342857143
42,9999.184342857143
43,9999.185142857143
44,9999.185142857143
45,9999.185142857143
46,9999.185142857143
47,9999.185142857143
48,9999.185142857143
49,9999.185142857143
50,9999.185142857143
51,9999.185142857143
52,9999.185142857143
53,9999.185142857143
54,9999.185142857143
55,9999.185142857143
56,9999.185142857143
57,9999.185142857143
58,9999.185142857143
59,9999.185142857143
60,9999.185142857143
61,9999.185142857143
62,9999.185142857143
63,9999.185142857143
64,9999.185142857143
65,9999.185142857143
66,9999.185142857143
67,9999.185142857143
68,9999.185142857143
69,9999.185142857143
70,9999.185142857143
71,9999.185142857143
72,9999.185142857143
73,9999.185142857143
74,9999.185142857143
