Generation, Fitness
0,9999.138471428572
1,9999.142892857142
2,9999.142892857142
3,9999.143235714286
4,9999.145607142857
5,9999.145607142857
6,9999.151042857144
7,9999.151042857144
8,9999.151042857144
9,9999.151042857144
10,9999.151042857144
11,9999.151042857144
12,9999.151042857144
13,9999.151042857144
14,9999.152264285714
15,9999.152264285714
16,9999.152264285714
17,9999.152264285714
18,9999.152264285714
19,9999.152264285714
20,9999.152264285714
21,9999.152264285714
22,9999.152264285714
23,9999.152264285714
24,9999.152264285714
25,9999.152264285714
26,9999.152264285714
27,9999.152264285714
28,9999.152264285714
29,9999.152264285714
30,9999.152264285714
31,9999.152264285714
32,9999.152264285714
33,9999.152264285714
34,9999.152264285714
35,9999.152264285714
36,9999.152264285714
37,9999.152264285714
38,9999.152264285714
39,9999.152264285714
40,9999.153007142857
41,9999.153007142857
42,9999.153007142857
43,9999.153007142857
44,9999.153007142857
45,9999.153007142857
46,9999.153007142857
47,9999.153007142857
48,9999.153007142857
49,9999.153007142857
50,9999.153007142857
51,9999.153007142857
52,9999.153007142857
53,9999.154114285715
54,9999.154114285715
55,9999.154114285715
56,9999.154114285715
57,9999.154114285715
58,9999.154114285715
59,9999.154114285715
60,9999.154114285715
61,9999.154114285715
62,9999.154114285715
63,9999.154114285715
64,9999.154114285715
65,9999.154114285715
66,9999.154114285715
67,9999.154114285715
68,9999.154114285715
69,9999.154114285715
70,9999.154114285715
71,9999.154114285715
72,9999.154114285715
73,9999.154114285715
74,9999.154114285715
75,9999.154114285715
76,9999.154114285715
77,9999.154114285715
78,9999.154114285715
79,9999.154114285715
80,9999.154114285715
81,9999.154114285715
82,9999.154114285715
83,9999.154114285715
84,9999.154114285715
