MAE,MSE,RMSE,Execution Time
0.7678428571428573,1.2155142857142855,1.0704,
0.7503214285714285,1.1501142857142856,1.0446214285714286,
0.7914642857142857,1.2635785714285714,1.0947928571428571,
0.7794285714285715,1.24845,1.0903571428571428,
0.7896357142857143,1.2522357142857143,1.0877928571428572,
=average(A2:A6),=average(B2:B6),=average(C2:C6),=average(D2:D6)
