AUROC,AUPRC,Executio Time
0.878223789473684,0.580835894736842,
0.8942306842105262,0.5658258421052631,
0.8785416315789474,0.6377133684210525,
0.8821584736842103,0.634217052631579,
0.8884639473684209,0.6042203157894737,
=average(A2:A6),=average(B2:B6),=average(C2:C6),=average(D2:D6)
