AUROC,AUPRC,Execution Time
0.7650104028571427,0.7629511771428572,107.31999999999998
