Train AUROC,Validation AUROC,Test AUROC,Train AUPRC,Validation AUPRC,Test AUPRC, Execution Time
0.8046345263157896,0.7980378421052633,0.7476042105263158,0.1895402105263158,0.21219942105263162,0.16919510526315792,
0.8046345263157896,0.7980378421052633,0.7476042105263158,0.1895402105263158,0.21219942105263162,0.16919510526315792,
0.8046345263157896,0.7980378421052633,0.7476042105263158,0.1895402105263158,0.21219942105263162,0.16919510526315792,
0.8046345263157896,0.7980378421052633,0.7476042105263158,0.1895402105263158,0.21219942105263162,0.16919510526315792,
0.8046345263157896,0.7980378421052633,0.7476042105263158,0.1895402105263158,0.21219942105263162,0.16919510526315792,
=average(A2:A6),=average(B2:B6),=average(C2:C6),=average(D2:D6),=average(E2:E6),=average(F2:F6),=average(G2:G6)
