AUROC,AUPRC,Executio Time
0.7989714285714287,0.7664715714285714,
0.7797435714285713,0.7759729999999999,
0.760141,0.7317015714285715,
0.8170732857142857,0.8085105714285713,
0.761921142857143,0.7640035714285714,
=average(A2:A6),=average(B2:B6),=average(C2:C6),=average(D2:D6)
