MAE,MSE,RMSE
24.247625000000003,1113.2596624999999,29.606700000000004
