Generation, Fitness
0,0.7845507860183716
1,0.8025511503219604
2,0.8025511503219604
3,0.8122724294662476
4,0.8122724294662476
5,0.8122724294662476
6,0.8122724294662476
7,0.8122724294662476
8,0.8122724294662476
9,0.8122724294662476
10,0.8122724294662476
11,0.8122724294662476
12,0.8122724294662476
13,0.8122724294662476
14,0.8122724294662476
15,0.8122724294662476
16,0.8122724294662476
17,0.8122724294662476
18,0.8122724294662476
19,0.8122724294662476
20,0.8247252702713013
21,0.8247252702713013
22,0.8247252702713013
23,0.8247252702713013
24,0.8247252702713013
25,0.8247252702713013
26,0.8247252702713013
27,0.8247252702713013
28,0.8247252702713013
29,0.8247252702713013
30,0.8247252702713013
31,0.8247252702713013
32,0.8247252702713013
33,0.8247252702713013
34,0.8247252702713013
35,0.8247252702713013
36,0.8247252702713013
37,0.8247252702713013
38,0.8247252702713013
39,0.8247252702713013
40,0.8247252702713013
41,0.8247252702713013
42,0.8247252702713013
43,0.8247252702713013
44,0.8247252702713013
45,0.8247252702713013
46,0.8247252702713013
47,0.8247252702713013
48,0.8247252702713013
49,0.8247252702713013
50,0.8247252702713013
51,0.8247252702713013
