Generation, Fitness
0,0.7845507860183716
1,0.7931547164916992
2,0.7931547164916992
3,0.7931547164916992
4,0.7931547164916992
5,0.7931547164916992
6,0.7931547164916992
7,0.7931547164916992
8,0.7931547164916992
9,0.7931547164916992
10,0.7931547164916992
11,0.7931547164916992
12,0.7931547164916992
13,0.7931547164916992
14,0.7931547164916992
15,0.7931547164916992
16,0.7931547164916992
17,0.7931547164916992
18,0.7931547164916992
19,0.7931547164916992
20,0.7931547164916992
21,0.7931547164916992
22,0.7931547164916992
23,0.7931547164916992
24,0.7931547164916992
25,0.7931547164916992
26,0.7931547164916992
27,0.795297384262085
28,0.795297384262085
29,0.795297384262085
30,0.795297384262085
31,0.795297384262085
32,0.795297384262085
33,0.795297384262085
34,0.795297384262085
35,0.795297384262085
36,0.795297384262085
37,0.795297384262085
38,0.795297384262085
39,0.795297384262085
40,0.795297384262085
41,0.795297384262085
42,0.795297384262085
43,0.795297384262085
44,0.795297384262085
45,0.795297384262085
46,0.795297384262085
47,0.795297384262085
48,0.795297384262085
49,0.795297384262085
50,0.795297384262085
51,0.795297384262085
52,0.795297384262085
53,0.795297384262085
54,0.795297384262085
55,0.795297384262085
56,0.795297384262085
57,0.795297384262085
58,0.795297384262085
