AUROC,AUPRC,Executio Time
0.8209215263157894,0.35531589473684205,
0.7952973684210527,0.27117078947368417,
0.8247252631578949,0.2717551052631578,
0.8065885789473684,0.4051452105263158,
0.8235589473684212,0.29687310526315785,
=average(A2:A6),=average(B2:B6),=average(C2:C6),=average(D2:D6)
