Generation, Fitness
0,9730.40825
1,9731.72981875
2,9748.0475875
3,9748.0475875
4,9748.0475875
5,9750.32249375
6,9750.32249375
7,9750.32249375
8,9750.32249375
9,9750.32249375
10,9750.32249375
11,9750.32249375
12,9750.32249375
13,9750.32249375
14,9750.32249375
15,9750.32249375
16,9750.32249375
17,9750.32249375
18,9750.32249375
19,9750.32249375
20,9750.32249375
21,9750.32249375
22,9750.32249375
23,9750.32249375
24,9750.70273125
25,9750.70273125
26,9750.70273125
27,9750.70273125
28,9750.70273125
29,9750.70273125
30,9760.104675
31,9760.104675
32,9760.104675
33,9760.104675
34,9760.104675
35,9760.104675
36,9760.104675
37,9760.104675
38,9760.104675
39,9760.104675
40,9760.104675
41,9760.104675
42,9760.104675
43,9760.104675
44,9760.104675
45,9760.104675
46,9760.104675
47,9760.104675
48,9760.104675
49,9760.104675
50,9760.104675
51,9760.104675
52,9760.104675
53,9760.104675
54,9760.104675
55,9760.104675
56,9760.104675
57,9760.104675
58,9760.1999
59,9760.1999
60,9760.1999
61,9760.1999
62,9760.1999
63,9760.1999
64,9760.1999
65,9760.1999
66,9760.1999
67,9760.1999
68,9763.2318375
69,9763.2318375
70,9763.2318375
71,9763.2318375
72,9763.2318375
73,9763.2318375
74,9763.2318375
75,9763.2318375
76,9763.2318375
77,9763.2318375
78,9763.2318375
79,9763.2318375
80,9763.2318375
81,9763.2318375
82,9763.2318375
83,9763.2318375
84,9763.2318375
85,9763.2318375
86,9763.2318375
87,9763.2318375
88,9763.2318375
89,9763.2318375
90,9763.2318375
91,9763.2318375
92,9763.2318375
93,9763.2318375
94,9763.2318375
95,9763.2318375
96,9763.2318375
97,9763.2318375
98,9763.2318375
99,9763.2318375
