MAE,MSE,RMSE,Execution Time
188.8293125,172852.03671875,305.94758750000005,
213.89417499999996,212175.21891875,353.67816875000005,
203.82702500000002,175881.07515625,321.8634,
204.042275,190608.62809375,342.596825,
192.76392500000003,190392.8817875,344.80689375000003,
=average(A2:A6),=average(B2:B6),=average(C2:C6),=average(D2:D6)
