Generation, Fitness
0,9999.123071428572
1,9999.126314285715
2,9999.126314285715
3,9999.129835714286
4,9999.129835714286
5,9999.130528571428
6,9999.130528571428
7,9999.130528571428
8,9999.130528571428
9,9999.130528571428
10,9999.13575
11,9999.13575
12,9999.140242857144
13,9999.140242857144
14,9999.140242857144
15,9999.140242857144
16,9999.140242857144
17,9999.140242857144
18,9999.140242857144
19,9999.140242857144
20,9999.140242857144
21,9999.140242857144
22,9999.140242857144
23,9999.140242857144
24,9999.140242857144
25,9999.140242857144
26,9999.140242857144
27,9999.140242857144
28,9999.140242857144
29,9999.140242857144
30,9999.14372857143
31,9999.14372857143
32,9999.14372857143
33,9999.14372857143
34,9999.14372857143
35,9999.14372857143
36,9999.14372857143
37,9999.14372857143
38,9999.14372857143
39,9999.14372857143
40,9999.14372857143
41,9999.14372857143
42,9999.14372857143
43,9999.14372857143
44,9999.14372857143
45,9999.14372857143
46,9999.14372857143
47,9999.14372857143
48,9999.14372857143
49,9999.14372857143
50,9999.14372857143
51,9999.14372857143
52,9999.14372857143
53,9999.14372857143
54,9999.14372857143
55,9999.14372857143
56,9999.14372857143
57,9999.14372857143
58,9999.14372857143
59,9999.14372857143
60,9999.14372857143
61,9999.14372857143
