Generation, Fitness
0,9999.134528571429
1,9999.134528571429
2,9999.142771428571
3,9999.142771428571
4,9999.142771428571
5,9999.142771428571
6,9999.142771428571
7,9999.145735714286
8,9999.148864285715
9,9999.1545
10,9999.1545
11,9999.1545
12,9999.1545
13,9999.1545
14,9999.1545
15,9999.1545
16,9999.1545
17,9999.1545
18,9999.1545
19,9999.1545
20,9999.1545
21,9999.1545
22,9999.1545
23,9999.1545
24,9999.1545
25,9999.1545
26,9999.1545
27,9999.1545
28,9999.1545
29,9999.1545
30,9999.1545
31,9999.1545
32,9999.1545
33,9999.1545
34,9999.1545
35,9999.1545
36,9999.1545
37,9999.1545
38,9999.1545
39,9999.1545
40,9999.1545
