Train MAE,Validation MAE,Test MAE,Train MSE,Validation MSE,Test MSE,Train RMSE,Validation RMSE,Test RMSE,Execution Time
0.80655,0.8562714285714285,0.8814071428571427,1.306907142857143,1.4649571428571428,1.5963571428571428,1.1123357142857144,1.1817285714285715,1.2211142857142856,
0.8048571428571429,0.8872928571428572,0.8454999999999998,1.3067928571428573,1.5848928571428569,1.4726714285714289,1.1147214285714286,1.2238785714285716,1.1762071428571428,
0.8162857142857142,0.8935785714285714,0.8460642857142856,1.340857142857143,1.5828,1.458907142857143,1.129242857142857,1.2223428571428572,1.1720357142857143,
0.8225214285714285,0.8818857142857143,0.8463285714285714,1.3499142857142856,1.5460071428571427,1.4448785714285712,1.1339857142857144,1.2092928571428572,1.1649571428571428,
0.8203642857142858,0.883307142857143,0.8409357142857142,1.3477785714285715,1.563057142857143,1.4511642857142857,1.1326785714285716,1.2157285714285717,1.1665071428571427,
=average(A2:A6),=average(B2:B6),=average(C2:C6),=average(D2:D6),=average(E2:E6),=average(F2:F6),=average(G2:G6)
