Train MAE,Validation MAE,Test MAE,Train MSE,Validation MSE,Test MSE,Train RMSE,Validation RMSE,Test RMSE,Execution Time
0.7972785714285714,0.8950285714285713,0.7966142857142856,1.2929928571428573,1.61085,1.302457142857143,1.1090428571428572,1.2307642857142855,1.108742857142857,
0.7927571428571429,0.901942857142857,0.8015142857142857,1.2747785714285715,1.6558142857142855,1.3138714285714281,1.1006642857142857,1.2466571428571427,1.1104214285714284,
0.77065,0.9105642857142857,0.7771571428571429,1.2226357142857143,1.7082571428571427,1.2422928571428569,1.0782714285714285,1.2719142857142856,1.0846500000000001,
0.7954999999999999,0.905835714285714,0.8001571428571428,1.2760571428571432,1.6490214285714286,1.3033071428571428,1.1009142857142855,1.2460714285714285,1.1068214285714284,
0.7793642857142855,0.886957142857143,0.7902357142857142,1.2551285714285714,1.6106499999999997,1.301092857142857,1.0933785714285713,1.2327714285714286,1.1109142857142855,
=average(A2:A6),=average(B2:B6),=average(C2:C6),=average(D2:D6),=average(E2:E6),=average(F2:F6),=average(G2:G6)
