MAE,MSE,RMSE,Execution Time
0.8814071428571427,1.5963571428571428,1.2211142857142856,
0.8454999999999998,1.4726714285714289,1.1762071428571428,
0.8460642857142856,1.458907142857143,1.1720357142857143,
0.8463285714285714,1.4448785714285712,1.1649571428571428,
0.8409357142857142,1.4511642857142857,1.1665071428571427,
=average(A2:A6),=average(B2:B6),=average(C2:C6),=average(D2:D6)
