MAE,MSE,RMSE,Execution Time
0.7416607142857143,1.2099057142857141,1.0153,227.7
