AUROC,AUPRC,Executio Time
0.880597851851852,0.6903545555555555,
0.880597851851852,0.6903545555555555,
0.880597851851852,0.6903545555555555,
0.880597851851852,0.6903545555555555,
0.880597851851852,0.6903545555555555,
=average(A2:A6),=average(B2:B6),=average(C2:C6),=average(D2:D6)
