AUROC,AUPRC,Executio Time
0.8144228888888889,0.6189207407407408,
0.8144228888888889,0.6189207407407408,
0.8144228888888889,0.6189207407407408,
0.8144228888888889,0.6189207407407408,
0.8144228888888889,0.6189207407407408,
=average(A2:A6),=average(B2:B6),=average(C2:C6),=average(D2:D6)
