Train AUROC, Train AUPRC, Test AUROC, Test AUPRC, Execution Time
0.9999964210526316,0.9999756315789474,0.6570641578947368,0.16254626315789472
0.9999985263157894,0.9999922105263158,0.895688,0.5761372105263158
1.0,1.0,0.6359210526315789,0.16209378947368425
0.9999877894736842,0.999917947368421,0.8800294210526317,0.4888539473684211
1.0,1.0,0.5854574736842104,0.1594194210526316
0.9999982105263158,0.9999876315789473,0.6064714210526314,0.15870789473684208
1.0,1.0,0.6200663157894737,0.1276618947368421
1.0,1.0,0.7270834210526316,0.22707405263157895
1.0,1.0,0.6573904210526317,0.1500352105263158
0.9999982105263158,0.9999876315789473,0.6583257894736843,0.20911336842105263
0.9999985263157894,0.9999922105263158,0.6111599473684212,0.12401926315789473
1.0,1.0,0.6396632631578947,0.18766347368421055
1.0,1.0,0.672656947368421,0.19140357894736848
1.0,1.0,0.634912947368421,0.14250421052631576
0.9999982105263158,0.9999876315789473,0.6860016842105263,0.1499717894736842
1.0,1.0,0.5992832631578948,0.14667400000000003
1.0,1.0,0.6048494736842105,0.14508821052631582
0.9999964210526316,0.9999756315789474,0.6063379473684211,0.12132031578947372
1.0,1.0,0.6788298421052631,0.17599542105263155
1.0,1.0,0.6100111052631579,0.17926952631578946
1.0,1.0,0.6864131052631578,0.2085691052631579
0.9999991052631579,0.9999938421052632,0.7021336315789471,0.19364826315789477
0.9999855789473685,0.9998099473684211,0.6429324210526314,0.14939231578947368
