Train AUROC, Train AUPRC, Test AUROC, Test AUPRC, Execution Time
0.9999960526315789,0.9999291052631579,0.8833854736842106,0.504237052631579
0.9999868947368421,0.9998766842105263,0.895232894736842,0.48170547368421057
0.9999982105263158,0.9999876315789473,0.5646650000000001,0.1273476842105263
0.9999946315789474,0.9999623157894737,0.8659523157894738,0.5025923157894737
1.0,1.0,0.6267764736842105,0.16180252631578948
0.9999964210526316,0.9999424736842105,0.8912935263157897,0.5008158421052632
0.9999861578947368,0.9998331052631578,0.8696543684210525,0.5355404736842106
1.0,1.0,0.897850157894737,0.569019052631579
0.9999916315789473,0.9999058421052632,0.559002105263158,0.1083243157894737
0.9999982105263158,0.9999876315789473,0.5750883157894737,0.10747099999999998
1.0,1.0,0.6624734210526315,0.1451116315789474
0.9999985263157894,0.9999922105263158,0.8792734736842105,0.5652707894736841
0.9999982105263158,0.9999876315789473,0.6123282631578947,0.13365152631578944
0.9999964210526316,0.9999752631578948,0.5639198947368422,0.11254310526315792
1.0,1.0,0.6484700526315791,0.1783715789473684
1.0,1.0,0.5530953684210526,0.14354821052631578
0.9999982105263158,0.9999876315789473,0.6467559999999999,0.19255031578947368
1.0,1.0,0.6001094736842105,0.14099815789473685
1.0,1.0,0.633618105263158,0.18980000000000002
1.0,1.0,0.6611946315789474,0.1769753684210526
0.9999982105263158,0.9999876315789473,0.6356613157894738,0.1764613157894737
1.0,1.0,0.7114914736842105,0.16917905263157898
1.0,1.0,0.5654723157894737,0.1344512105263158
0.9999982105263158,0.9999876315789473,0.673669105263158,0.17064952631578945
0.9999982105263158,0.9999876315789473,0.6149784736842105,0.1791626842105263
0.9999964210526316,0.9999752631578948,0.6455767368421054,0.18100231578947368
