AUROC,AUPRC,Executio Time
0.8910491578947366,0.5692588947368421,
0.8910491578947366,0.5692588947368421,
0.8910491578947366,0.5692588947368421,
0.8910491578947366,0.5692588947368421,
0.8910491578947366,0.5692588947368421,
=average(A2:A6),=average(B2:B6),=average(C2:C6),=average(D2:D6)
