TrainVal MAE,Validation MAE,Test MAE,TrainVal MSE,Validation MSE,Test MSE,TrainVal RMSE,Validation RMSE,Test RMSE,Execution Time
0.3941785714285714,0.8110142857142859,0.82155,0.32362142857142856,1.3055928571428572,1.355864285714286,0.5569214285714287,1.1134857142857142,1.1320142857142856,
=average(A2:A2),=average(B2:B2),=average(C2:C2),=average(D2:D2),=average(E2:E2),=average(F2:F2),=average(G2:G2)
