MAE,MSE,RMSE,Execution Time
0.7700375000000002,4.525450000000001,1.7853124999999999,
=average(A2:A2),=average(B2:B2),=average(C2:C2),=average(D2:D2)
