AUROC,AUPRC,Execution Time
0.8469988533333334,0.6923631392592593,702.4200000000001
