Generation, Fitness
0,0.8256018161773682
1,0.8256018161773682
2,0.8256018161773682
3,0.8256018161773682
4,0.8256018161773682
5,0.8256018161773682
6,0.8256018161773682
7,0.8256018161773682
8,0.8256018161773682
9,0.8256018161773682
10,0.8256018161773682
11,0.8256018161773682
