AUROC,AUPRC,Executio Time
0.9215224736842105,0.652101,
0.9083018947368422,0.6158397894736843,
0.8980695789473684,0.5802096842105263,
0.8851542631578948,0.661790052631579,
0.8897448421052632,0.6011944736842105,
=average(A2:A6),=average(B2:B6),=average(C2:C6),=average(D2:D6)
