MAE,MSE,RMSE,Execution Time
204.12205000000003,139226.45765625002,313.67919374999997,
=average(A2:A2),=average(B2:B2),=average(C2:C2),=average(D2:D2)
