Train MAE, Validation MAE, Test MAE, Train MSE, Validation MSE, Test MSE, Train RMSE, Validation RMSE, Test RMSE
149.50977337499998,403.82303337499997,397.1395558749999,116842.43689437502,1930711.39923775,1921868.2492112499,257.18391725000004,788.5038043750001,774.9265303750001
