AUROC,AUPRC,Executio Time
0.6063150714285713,0.4095452857142857,
0.5808358571428572,0.39917150000000007,
0.6111804999999999,0.4079650714285714,
0.5808358571428572,0.39917150000000007,
0.5817824285714287,0.3872515,
=average(A2:A6),=average(B2:B6),=average(C2:C6),=average(D2:D6)
