MAE,MSE,RMSE,Execution Time
235.51591875000005,491346.9830812499,490.14906874999986,
=average(A2:A2),=average(B2:B2),=average(C2:C2),=average(D2:D2)
