Accuracy,F1,WMSEnominal
0.7983193277310925,0.79596,0.6134615528343971,
=average(A2:A2),=average(B2:B2),=average(C2:C2)
