AUROC,AUPRC,Execution Time
0.740210112631579,0.18427551894736843,809.94
