MAE,MSE,RMSE,Execution Time
0.6148499999999999,2.9783,1.4166,
0.6148499999999999,2.9783,1.4166,
0.6148499999999999,2.9783,1.4166,
0.6148499999999999,2.9783,1.4166,
0.6148499999999999,2.9783,1.4166,
=average(A2:A6),=average(B2:B6),=average(C2:C6),=average(D2:D6)
