Train AUROC,Validation AUROC,Test AUROC,Train AUPRC,Validation AUPRC,Test AUPRC, Execution Time
0.7537192857142857,0.6584012857142857,0.6586449999999999,0.7523031428571427,0.6431655714285714,0.6526084285714286,
0.7537192857142857,0.6584012857142857,0.6586449999999999,0.7523031428571427,0.6431655714285714,0.6526084285714286,
0.7537192857142857,0.6584012857142857,0.6586449999999999,0.7523031428571427,0.6431655714285714,0.6526084285714286,
0.7537192857142857,0.6584012857142857,0.6586449999999999,0.7523031428571427,0.6431655714285714,0.6526084285714286,
0.7537192857142857,0.6584012857142857,0.6586449999999999,0.7523031428571427,0.6431655714285714,0.6526084285714286,
=average(A2:A6),=average(B2:B6),=average(C2:C6),=average(D2:D6),=average(E2:E6),=average(F2:F6),=average(G2:G6)
