AUROC,AUPRC,Executio Time
0.744076,0.6979187142857143,
0.744076,0.6979187142857143,
0.744076,0.6979187142857143,
0.744076,0.6979187142857143,
0.744076,0.6979187142857143,
=average(A2:A6),=average(B2:B6),=average(C2:C6),=average(D2:D6)
