Train AUROC, Train AUPRC, Test AUROC, Test AUPRC, Execution Time
0.9964462857142858,0.9890262857142857,0.7866027142857143,0.7534138571428572
0.9967547142857143,0.9939262857142855,0.8091424285714286,0.7715630000000001
0.997308,0.9939354285714286,0.7931952857142858,0.7655995714285714
0.9973964285714285,0.9919722857142858,0.8127622857142857,0.7891801428571429
0.9969948571428571,0.9938497142857142,0.7989382857142857,0.7691918571428571
0.9960857142857142,0.9902507142857141,0.7878272857142858,0.7502341428571428
0.9965591428571429,0.989821,0.7829767142857144,0.7548402857142857
0.997726,0.9974807142857144,0.6579879999999999,0.6148001428571429
0.9982917142857143,0.9982384285714285,0.6586682857142857,0.6653080000000001
0.9980912857142857,0.998007142857143,0.651570857142857,0.6597904285714286
0.9977572857142858,0.9976982857142856,0.6287157142857144,0.5960157142857143
0.9970564285714286,0.9928422857142857,0.7863965714285712,0.7601848571428571
0.9983787142857145,0.9983375714285714,0.6630014285714286,0.674777
0.9963464285714286,0.9884628571428571,0.7988848571428572,0.7758928571428572
0.9982341428571428,0.9980781428571429,0.6522777142857142,0.6732717142857142
0.9963334285714287,0.9894914285714286,0.770134,0.7514602857142858
0.9984255714285715,0.9983671428571428,0.6722448571428572,0.6767524285714285
0.998830857142857,0.9987442857142858,0.6479364285714285,0.6528029999999999
0.9978760000000001,0.9977495714285712,0.638522,0.6380852857142857
0.9974474285714285,0.9973211428571427,0.6342260000000001,0.6215351428571428
0.997995857142857,0.9979125714285714,0.6962647142857142,0.6780217142857144
0.996479,0.9926834285714285,0.7922037142857142,0.7536772857142858
0.9976331428571429,0.9975555714285714,0.6594847142857143,0.6474968571428572
0.9989977142857143,0.9989115714285715,0.7146897142857143,0.6794065714285714
0.9975657142857143,0.9973967142857143,0.6613420000000001,0.642856
