MAE,MSE,RMSE,Execution Time
0.8228571428571427,1.2939285714285713,1.0960571428571428,
=average(A2:A2),=average(B2:B2),=average(C2:C2),=average(D2:D2)
