Train AUROC, Train AUPRC, Test AUROC, Test AUPRC, Execution Time
0.9906826390374334,0.9565061604278077,0.6703958101604278,0.0728010187165775
0.9906826390374334,0.9565061604278077,0.6703958101604278,0.0728010187165775
0.9949455053475934,0.9323831925133694,0.49881250534759347,0.01748560427807486
0.9827376016042773,0.8767133288770051,0.4981011764705882,0.0146357780748663
0.9802042807486627,0.8617305053475932,0.485767986631016,0.01643089304812834
