Generation, Fitness
0,0.6381612420082092
1,0.6476384401321411
2,0.6476384401321411
3,0.6476384401321411
4,0.6561739444732666
5,0.6561739444732666
6,0.6561739444732666
7,0.6561739444732666
8,0.6561739444732666
9,0.6561739444732666
10,0.6561739444732666
11,0.6561739444732666
12,0.6561739444732666
13,0.6561739444732666
14,0.6561739444732666
15,0.6561739444732666
16,0.6561739444732666
17,0.6561739444732666
18,0.6561739444732666
19,0.6561739444732666
20,0.6561739444732666
21,0.6561739444732666
22,0.6561739444732666
23,0.6561739444732666
24,0.6561739444732666
25,0.6561739444732666
26,0.6561739444732666
27,0.6561739444732666
28,0.6561739444732666
29,0.6561739444732666
30,0.6561739444732666
31,0.6561739444732666
32,0.6561739444732666
33,0.6561739444732666
34,0.6561739444732666
35,0.6561739444732666
