Generation, Fitness
0,0.6389914751052856
1,0.6389914751052856
2,0.6450433135032654
3,0.6450433135032654
4,0.6450433135032654
5,0.6450433135032654
6,0.6450433135032654
7,0.6450433135032654
8,0.6450433135032654
9,0.6450433135032654
10,0.6450433135032654
11,0.6450433135032654
12,0.6549564003944397
13,0.6549564003944397
14,0.6549564003944397
15,0.6549564003944397
16,0.6549564003944397
17,0.6549564003944397
18,0.6549564003944397
19,0.6549564003944397
20,0.6549564003944397
21,0.6549564003944397
22,0.6549564003944397
23,0.6549564003944397
24,0.6549564003944397
25,0.6549564003944397
26,0.6549564003944397
27,0.6549564003944397
28,0.6549564003944397
29,0.6549564003944397
30,0.6549564003944397
31,0.6549564003944397
32,0.6549564003944397
33,0.6549564003944397
34,0.6549564003944397
35,0.6549564003944397
36,0.6549564003944397
37,0.6549564003944397
38,0.6549564003944397
39,0.6549564003944397
40,0.6549564003944397
41,0.6549564003944397
42,0.6549564003944397
43,0.6549564003944397
