Train AUROC,Validation AUROC,Test AUROC,Train AUPRC,Validation AUPRC,Test AUPRC, Execution Time
0.7709541428571428,0.6462868571428572,0.6462868571428572,0.6511659285714286,0.41270571428571434,0.41270571428571434,
0.7100429285714285,0.6549564285714287,0.6549564285714287,0.5096769285714285,0.4268651428571428,0.4268651428571428,
0.6950517857142856,0.6602525714285713,0.6602525714285713,0.5138927142857143,0.4320193571428571,0.4320193571428571,
0.7435382857142858,0.6561739285714285,0.6561739285714285,0.5460372857142858,0.43041778571428585,0.43041778571428585,
0.7406940714285716,0.6491254285714286,0.6491254285714286,0.6063722142857143,0.4234829285714285,0.4234829285714285,
=average(A2:A6),=average(B2:B6),=average(C2:C6),=average(D2:D6),=average(E2:E6),=average(F2:F6),=average(G2:G6)
