Train MAE,Validation MAE,Test MAE,Train MSE,Validation MSE,Test MSE,Train RMSE,Validation RMSE,Test RMSE,Execution Time
0.34685,0.6804250000000001,0.7162375,0.66975,4.02615,6.03495,0.7048625,1.6454500000000003,2.117675,
0.36598749999999997,0.6989624999999999,0.6844374999999999,0.7018874999999999,3.2805500000000003,3.6785749999999995,0.6919125,1.5377750000000001,1.7589625,
0.36598749999999997,0.6989624999999999,0.6844374999999999,0.7018874999999999,3.2805500000000003,3.6785749999999995,0.6919125,1.5377750000000001,1.7589625,
0.36598749999999997,0.6989624999999999,0.6844374999999999,0.7018874999999999,3.2805500000000003,3.6785749999999995,0.6919125,1.5377750000000001,1.7589625,
0.36598749999999997,0.6989624999999999,0.6844374999999999,0.7018874999999999,3.2805500000000003,3.6785749999999995,0.6919125,1.5377750000000001,1.7589625,
=average(A2:A6),=average(B2:B6),=average(C2:C6),=average(D2:D6),=average(E2:E6),=average(F2:F6),=average(G2:G6)
