MAE,MSE,RMSE,Execution Time
0.40349999999999997,1.5034875,1.03735,
0.40349999999999997,1.5034875,1.03735,
0.40349999999999997,1.5034875,1.03735,
0.40349999999999997,1.5034875,1.03735,
0.40349999999999997,1.5034875,1.03735,
=average(A2:A6),=average(B2:B6),=average(C2:C6),=average(D2:D6)
