MAE,MSE,RMSE,Execution Time
0.7162375,6.03495,2.117675,
0.6844374999999999,3.6785749999999995,1.7589625,
0.6844374999999999,3.6785749999999995,1.7589625,
0.6844374999999999,3.6785749999999995,1.7589625,
0.6844374999999999,3.6785749999999995,1.7589625,
=average(A2:A6),=average(B2:B6),=average(C2:C6),=average(D2:D6)
