MAE,MSE,RMSE,Execution Time
3648.2073500000006,3.6581482981905836E8,9641.124241666666,
=average(A2:A2),=average(B2:B2),=average(C2:C2),=average(D2:D2)
