Train AUROC,Validation AUROC,Test AUROC,Train AUPRC,Validation AUPRC,Test AUPRC, Execution Time
0.9805277037037037,0.8319278148148148,0.8365848888888889,0.7716574444444445,0.5722222222222222,0.5993489629629629,
0.9805277037037037,0.8319278148148148,0.8365848888888889,0.7716574444444445,0.5722222222222222,0.5993489629629629,
0.9805277037037037,0.8319278148148148,0.8365848888888889,0.7716574444444445,0.5722222222222222,0.5993489629629629,
0.9805277037037037,0.8319278148148148,0.8365848888888889,0.7716574444444445,0.5722222222222222,0.5993489629629629,
0.9805277037037037,0.8319278148148148,0.8365848888888889,0.7716574444444445,0.5722222222222222,0.5993489629629629,
=average(A2:A6),=average(B2:B6),=average(C2:C6),=average(D2:D6),=average(E2:E6),=average(F2:F6),=average(G2:G6)
