MAE,MSE,RMSE,Execution Time
0.4385124999999999,3.3972749999999996,1.6372625000000003,
=average(A2:A2),=average(B2:B2),=average(C2:C2),=average(D2:D2)
