Generation, Fitness
0,0.851207435131073
1,0.851207435131073
2,0.851207435131073
3,0.851207435131073
4,0.851207435131073
5,0.851207435131073
6,0.851207435131073
7,0.851207435131073
8,0.851207435131073
9,0.851207435131073
10,0.851207435131073
11,0.851207435131073
