Train MAE,Validation MAE,Test MAE,Train MSE,Validation MSE,Test MSE,Train RMSE,Validation RMSE,Test RMSE
0.9740891111111111,0.8512074074074074,0.8144228888888889,0.8393357037037037,0.6657407407407407,0.6189207407407408,
0.9740891111111111,0.8512074074074074,0.8144228888888889,0.8393357037037037,0.6657407407407407,0.6189207407407408,
0.9740891111111111,0.8512074074074074,0.8144228888888889,0.8393357037037037,0.6657407407407407,0.6189207407407408,
0.9740891111111111,0.8512074074074074,0.8144228888888889,0.8393357037037037,0.6657407407407407,0.6189207407407408,
0.9740891111111111,0.8512074074074074,0.8144228888888889,0.8393357037037037,0.6657407407407407,0.6189207407407408,
=average(A2:A6),=average(B2:B6),=average(C2:C6),=average(D2:D6),=average(E2:E6),=average(F2:F6)
