Generation, Fitness
0,0.7488250136375427
1,0.7488250136375427
2,0.7488250136375427
3,0.7488250136375427
4,0.7488250136375427
5,0.7488250136375427
6,0.7488250136375427
7,0.7488250136375427
8,0.7488250136375427
9,0.7488250136375427
10,0.7488250136375427
11,0.7488250136375427
12,0.7488250136375427
13,0.7488250136375427
14,0.7488250136375427
15,0.7488250136375427
16,0.7488250136375427
17,0.7488250136375427
18,0.7488250136375427
19,0.7488250136375427
20,0.7488250136375427
21,0.7488250136375427
