MAE,MSE,RMSE
148.70858125,44074.1567375,202.98974374999997,
=average(A2:A2),=average(B2:B2),=average(C2:C2)
