Generation, Fitness
0,0.7592958211898804
1,0.7592958211898804
2,0.7592958211898804
3,0.7592958211898804
4,0.7592958211898804
5,0.7592958211898804
6,0.7592958211898804
7,0.7592958211898804
8,0.7592958211898804
9,0.7592958211898804
10,0.7592958211898804
11,0.7592958211898804
