MAE,MSE,RMSE
0.7652581666666666,0.6073303333333333,
0.7652581666666666,0.6073303333333333,
0.7652581666666666,0.6073303333333333,
0.7652581666666666,0.6073303333333333,
0.7652581666666666,0.6073303333333333,
=average(A2:A6),=average(B2:B6),=average(C2:C6)
