Generation, Fitness
0,9999.2935625
1,9999.3028625
2,9999.3085
3,9999.324575
4,9999.324575
5,9999.324575
6,9999.324575
7,9999.324575
8,9999.324575
9,9999.324575
10,9999.324575
11,9999.324575
12,9999.324575
13,9999.324575
14,9999.324575
15,9999.324575
16,9999.324575
17,9999.324575
18,9999.324575
19,9999.324575
20,9999.324575
21,9999.324575
22,9999.324575
23,9999.324575
24,9999.324575
25,9999.324575
26,9999.324575
27,9999.324575
28,9999.324575
29,9999.324575
30,9999.324575
31,9999.324575
32,9999.324575
33,9999.324575
34,9999.324575
