Train MAE,Validation MAE,Test MAE,Train MSE,Validation MSE,Test MSE,Train RMSE,Validation RMSE,Test RMSE,Execution Time
0.39818749999999997,0.7846749999999999,0.45612499999999995,0.8908375,7.0513625,1.109375,0.8659875,2.2098375000000003,0.9053375000000001,
0.39818749999999997,0.7846749999999999,0.45612499999999995,0.8908375,7.0513625,1.109375,0.8659875,2.2098375000000003,0.9053375000000001,
0.39818749999999997,0.7846749999999999,0.45612499999999995,0.8908375,7.0513625,1.109375,0.8659875,2.2098375000000003,0.9053375000000001,
0.39818749999999997,0.7846749999999999,0.45612499999999995,0.8908375,7.0513625,1.109375,0.8659875,2.2098375000000003,0.9053375000000001,
0.39818749999999997,0.7846749999999999,0.45612499999999995,0.8908375,7.0513625,1.109375,0.8659875,2.2098375000000003,0.9053375000000001,
=average(A2:A6),=average(B2:B6),=average(C2:C6),=average(D2:D6),=average(E2:E6),=average(F2:F6),=average(G2:G6)
