MAE,MSE,RMSE,Execution Time
0.6177625,5.244575,1.8333,
0.6177625,5.244575,1.8333,
0.6177625,5.244575,1.8333,
0.6177625,5.244575,1.8333,
0.6177625,5.244575,1.8333,
=average(A2:A6),=average(B2:B6),=average(C2:C6),=average(D2:D6)
