AUROC,AUPRC,Execution Time
0.8463716407407407,0.6945991444444445,195.5
