Generation, Fitness
0,0.8703703880310059
1,0.8703703880310059
2,0.8703703880310059
3,0.8717948794364929
4,0.8717948794364929
5,0.8717948794364929
6,0.8717948794364929
7,0.8717948794364929
8,0.8717948794364929
9,0.8717948794364929
10,0.8717948794364929
11,0.8717948794364929
12,0.8717948794364929
13,0.8717948794364929
14,0.8717948794364929
15,0.8717948794364929
16,0.8717948794364929
17,0.8717948794364929
18,0.8717948794364929
19,0.8717948794364929
20,0.8717948794364929
21,0.8717948794364929
22,0.8717948794364929
23,0.8717948794364929
24,0.8717948794364929
25,0.8717948794364929
26,0.8717948794364929
27,0.8717948794364929
28,0.8717948794364929
29,0.8717948794364929
30,0.8717948794364929
31,0.8717948794364929
32,0.8717948794364929
33,0.8717948794364929
34,0.8717948794364929
35,0.8717948794364929
36,0.8717948794364929
37,0.8717948794364929
38,0.8717948794364929
39,0.8717948794364929
40,0.8717948794364929
41,0.8717948794364929
42,0.8717948794364929
43,0.8717948794364929
44,0.8717948794364929
45,0.8717948794364929
46,0.8717948794364929
47,0.8717948794364929
48,0.8717948794364929
49,0.8717948794364929
50,0.8717948794364929
51,0.8717948794364929
52,0.8717948794364929
53,0.8717948794364929
54,0.8717948794364929
