Generation, Fitness
0,0.8703703880310059
1,0.8703703880310059
2,0.8726495504379272
3,0.8726495504379272
4,0.8726495504379272
5,0.8726495504379272
6,0.8726495504379272
7,0.8726495504379272
8,0.8729344606399536
9,0.8729344606399536
10,0.8729344606399536
11,0.8729344606399536
12,0.8729344606399536
13,0.8729344606399536
14,0.8729344606399536
15,0.8729344606399536
16,0.8729344606399536
17,0.8729344606399536
18,0.8729344606399536
19,0.8729344606399536
20,0.8729344606399536
21,0.8729344606399536
22,0.8729344606399536
23,0.8729344606399536
24,0.8729344606399536
25,0.8729344606399536
26,0.8729344606399536
27,0.8729344606399536
28,0.8729344606399536
29,0.8729344606399536
30,0.8729344606399536
31,0.8729344606399536
32,0.8729344606399536
33,0.8729344606399536
34,0.8729344606399536
35,0.8729344606399536
36,0.8729344606399536
37,0.8729344606399536
38,0.8729344606399536
39,0.8729344606399536
40,0.8729344606399536
41,0.8729344606399536
42,0.8729344606399536
43,0.8729344606399536
44,0.8729344606399536
45,0.8729344606399536
46,0.8729344606399536
47,0.8729344606399536
48,0.8729344606399536
49,0.8729344606399536
50,0.8729344606399536
51,0.8729344606399536
52,0.8729344606399536
53,0.8729344606399536
54,0.8729344606399536
55,0.8729344606399536
56,0.8729344606399536
57,0.8729344606399536
58,0.8729344606399536
59,0.8729344606399536
