Generation, Fitness
0,0.8703703880310059
1,0.8703703880310059
2,0.8703703880310059
3,0.8703703880310059
4,0.8703703880310059
5,0.8703703880310059
6,0.8703703880310059
7,0.8703703880310059
8,0.8703703880310059
9,0.8703703880310059
10,0.8757835030555725
11,0.8757835030555725
12,0.8757835030555725
13,0.8757835030555725
14,0.8757835030555725
15,0.8757835030555725
16,0.8757835030555725
17,0.8757835030555725
18,0.8757835030555725
19,0.8757835030555725
20,0.8757835030555725
21,0.8757835030555725
22,0.8757835030555725
23,0.8757835030555725
24,0.8757835030555725
25,0.8757835030555725
26,0.8757835030555725
27,0.8757835030555725
28,0.8757835030555725
29,0.8757835030555725
30,0.8757835030555725
31,0.8757835030555725
32,0.8757835030555725
33,0.8757835030555725
34,0.8757835030555725
35,0.8757835030555725
36,0.8757835030555725
37,0.8757835030555725
38,0.8757835030555725
39,0.8757835030555725
40,0.8757835030555725
41,0.8757835030555725
42,0.8757835030555725
43,0.8757835030555725
44,0.8757835030555725
45,0.8757835030555725
46,0.8757835030555725
47,0.8757835030555725
48,0.8757835030555725
49,0.8757835030555725
50,0.8757835030555725
51,0.8757835030555725
52,0.8757835030555725
53,0.8757835030555725
54,0.8757835030555725
55,0.8757835030555725
56,0.8757835030555725
57,0.8757835030555725
58,0.8757835030555725
59,0.8757835030555725
60,0.8757835030555725
61,0.8757835030555725
