Train AUROC,Validation AUROC,Test AUROC,Train AUPRC,Validation AUPRC,Test AUPRC
0.9975482592592592,0.47763818518518525,0.466296111111111,0.09281062962962965,0.0482605925925926,0.04643440740740742,
=average(A2:A2),=average(B2:B2),=average(C2:C2),=average(D2:D2),=average(E2:E2),=average(F2:F2)
