AUROC,AUPRC,Executio Time
0.8703703703703703,0.7412935185185185,
0.8703703703703703,0.7412935185185185,
0.8703703703703703,0.7412935185185185,
0.8701911481481481,0.7388772962962963,
0.8703703703703703,0.7412935185185185,
=average(A2:A6),=average(B2:B6),=average(C2:C6),=average(D2:D6)
