MAE,MSE,RMSE,Execution Time
231.70510000000002,225309.50856874997,370.01751875000014,
=average(A2:A2),=average(B2:B2),=average(C2:C2),=average(D2:D2)
