Generation, Fitness
0,0.7646539807319641
1,0.7810655832290649
2,0.7810655832290649
3,0.7810655832290649
4,0.7810655832290649
5,0.7810655832290649
6,0.7810655832290649
7,0.7911847233772278
8,0.7911847233772278
9,0.7911847233772278
10,0.7911847233772278
11,0.7911847233772278
12,0.7911847233772278
13,0.7911847233772278
14,0.7911847233772278
15,0.7911847233772278
16,0.7911847233772278
17,0.7911847233772278
18,0.7911847233772278
