Generation, Fitness
0,0.7799318432807922
1,0.7799318432807922
2,0.7799318432807922
3,0.7799318432807922
4,0.7799318432807922
5,0.7911847233772278
6,0.7911847233772278
7,0.7911847233772278
8,0.7911847233772278
9,0.7911847233772278
10,0.7911847233772278
11,0.7911847233772278
12,0.7911847233772278
13,0.7911847233772278
14,0.7911847233772278
15,0.7911847233772278
16,0.7911847233772278
