Accuracy,F1,WMSEnominal
0.7586206896551723,0.6008483333333333,0.8616056487485609,
=average(A2:A2),=average(B2:B2),=average(C2:C2)
