Generation, Fitness
0,0.7306547164916992
1,0.7306547164916992
2,0.7306547164916992
3,0.7306547164916992
4,0.7306547164916992
5,0.7326955795288086
6,0.7326955795288086
7,0.7326955795288086
8,0.7382228374481201
9,0.7382228374481201
10,0.7382228374481201
11,0.7382228374481201
12,0.7382228374481201
13,0.7382228374481201
14,0.7382228374481201
15,0.7382228374481201
16,0.7382228374481201
17,0.7382228374481201
18,0.7382228374481201
19,0.7382228374481201
