Generation, Fitness
0,0.7326955795288086
1,0.7382228374481201
2,0.7382228374481201
3,0.7382228374481201
4,0.7382228374481201
5,0.7382228374481201
6,0.7382228374481201
7,0.7382228374481201
8,0.7382228374481201
9,0.7382228374481201
10,0.7382228374481201
11,0.7382228374481201
12,0.7382228374481201
