Train MAE,Validation MAE,Test MAE,Train MSE,Validation MSE,Test MSE,Train RMSE,Validation RMSE,Test RMSE
0.6987952857142857,0.7382228571428572,0.7171399999999999,0.7321774285714285,0.6944679999999999,0.6659701428571427,
0.6987952857142857,0.7382228571428572,0.7171399999999999,0.7321774285714285,0.6944679999999999,0.6659701428571427,
0.6987952857142857,0.7382228571428572,0.7171399999999999,0.7321774285714285,0.6944679999999999,0.6659701428571427,
0.6987952857142857,0.7382228571428572,0.7171399999999999,0.7321774285714285,0.6944679999999999,0.6659701428571427,
0.6987952857142857,0.7382228571428572,0.7171399999999999,0.7321774285714285,0.6944679999999999,0.6659701428571427,
=average(A2:A6),=average(B2:B6),=average(C2:C6),=average(D2:D6),=average(E2:E6),=average(F2:F6)
