Train AUROC, Train AUPRC, Test AUROC, Test AUPRC, Execution Time
0.9956585714285716,0.9919192857142857,0.8320294285714285,0.8053532857142857
0.9955867142857142,0.9911261428571428,0.8156875714285714,0.7932824285714285
0.9949458571428572,0.9901231428571428,0.8435045714285714,0.808128
0.9971947142857142,0.993427,0.8416841428571429,0.8522835714285713
0.9951574285714286,0.9868178571428572,0.8213652857142859,0.7954027142857143
0.9981994285714286,0.9984105714285713,0.8173708571428572,0.7511404285714286
0.9970834285714286,0.9971800000000001,0.5646237142857142,0.6152901428571429
0.9974634285714284,0.9973342857142856,0.6026187142857141,0.627132857142857
0.9961444285714286,0.9891300000000001,0.846605142857143,0.854768857142857
0.9969644285714285,0.9977632857142859,0.5550475714285714,0.5619111428571429
0.9971197142857144,0.9974685714285714,0.5616147142857143,0.6122719999999999
0.9940528571428572,0.9863631428571429,0.8366037142857142,0.8184748571428572
0.9971027142857143,0.9970805714285715,0.7468232857142858,0.735542
0.9973164285714287,0.9976992857142858,0.49401700000000004,0.52407
0.9977905714285714,0.9980417142857142,0.5966640000000002,0.6348229999999999
0.9978878571428572,0.9979838571428571,0.5717948571428572,0.5877121428571429
0.9966827142857143,0.9972311428571429,0.5859737142857143,0.6339808571428572
0.9972767142857143,0.9977867142857143,0.4987724285714286,0.5618612857142857
0.9975940000000001,0.9977858571428572,0.555464,0.5719038571428571
0.9956535714285716,0.9931281428571429,0.8227682857142857,0.8301487142857142
0.9986520000000001,0.9989625714285715,0.532579,0.5014292857142857
0.9976367142857142,0.9975627142857143,0.7090048571428572,0.7646545714285714
0.9982049999999999,0.9982475714285715,0.6626372857142856,0.6794761428571429
0.997128,0.9969428571428571,0.6376744285714285,0.6455614285714286
0.9965541428571428,0.9966045714285714,0.6241801428571429,0.5984737142857143
0.9985778571428571,0.9985512857142859,0.5072584285714286,0.546882
0.9973895714285714,0.9979752857142856,0.5858952857142857,0.5791051428571429
0.996835857142857,0.996974857142857,0.6839678571428571,0.639727
0.9973514285714286,0.9972149999999999,0.6259287142857143,0.669268
0.9957505714285715,0.9888824285714285,0.8311637142857142,0.7999557142857142
0.9973104285714287,0.9974549999999999,0.6443768571428571,0.6323177142857144
0.9976385714285715,0.997755142857143,0.5910604285714285,0.59849
0.9976734285714285,0.99764,0.6320405714285714,0.6300274285714286
