Train AUROC, Train AUPRC, Test AUROC, Test AUPRC, Execution Time
0.9964234285714287,0.9940787142857143,0.8442134285714287,0.8239087142857142
0.9961102857142858,0.9931308571428571,0.8349402857142857,0.8511839999999999
0.9965822857142858,0.9915025714285713,0.8216051428571428,0.7955201428571428
0.9965904285714287,0.9911982857142857,0.8476124285714285,0.8176381428571428
0.997495,0.99784,0.678760857142857,0.7280261428571428
0.9966881428571428,0.9923402857142857,0.8409928571428572,0.8042449999999999
0.9967631428571428,0.9967442857142856,0.6898308571428571,0.6961321428571428
0.9973491428571429,0.9974652857142858,0.5237637142857142,0.5482285714285714
0.99685,0.9973395714285713,0.6402755714285716,0.6228215714285713
0.9966128571428571,0.9966532857142857,0.554991,0.5933347142857143
0.9957578571428573,0.996391,0.591392,0.6524527142857143
0.9974312857142857,0.9980547142857145,0.5770255714285714,0.5925277142857143
0.9967544285714285,0.9967931428571429,0.7488659999999999,0.7465635714285714
0.9977454285714286,0.9978268571428571,0.6055774285714285,0.6032219999999999
0.9970825714285715,0.9974185714285714,0.538553,0.5843011428571429
0.9973922857142857,0.9976664285714285,0.6654914285714285,0.6590261428571429
0.9976447142857143,0.9979277142857141,0.598842142857143,0.6286884285714286
0.9975777142857141,0.9984128571428572,0.6146127142857143,0.6041317142857142
0.9974290000000001,0.9975512857142859,0.539918,0.5475131428571428
0.9965375714285714,0.996684,0.651389,0.6690102857142858
