AUROC,AUPRC,Executio Time
0.8058390000000001,0.7957871428571428,
0.8058390000000001,0.7957871428571428,
0.8058390000000001,0.7957871428571428,
0.8058390000000001,0.7957871428571428,
0.8058390000000001,0.7957871428571428,
=average(A2:A6),=average(B2:B6),=average(C2:C6),=average(D2:D6)
