MAE,MSE,RMSE,Execution Time
64.90028437500001,9709.435305625,97.270995,2818.5
