Generation, Fitness
0,9926.2772
1,9926.57020625
2,9926.57020625
3,9926.57020625
4,9927.47304375
5,9927.62826875
6,9927.62826875
7,9927.62826875
8,9927.62826875
9,9927.62826875
10,9927.62826875
11,9927.62826875
12,9927.62826875
13,9927.62826875
14,9927.62826875
15,9927.62826875
16,9927.62826875
17,9927.62826875
18,9927.62826875
19,9927.62826875
20,9927.62826875
21,9927.62826875
22,9927.62826875
23,9927.62826875
24,9927.62826875
25,9927.62826875
26,9927.74305625
27,9927.74305625
28,9927.74305625
29,9927.74305625
30,9927.74305625
31,9927.74305625
32,9927.74305625
33,9927.74305625
34,9927.74305625
35,9927.74305625
36,9927.74305625
37,9927.74305625
38,9927.74305625
39,9927.74305625
40,9927.79756875
41,9927.79756875
42,9927.79756875
43,9927.8069875
44,9927.8069875
45,9927.8069875
46,9927.8069875
47,9927.8069875
48,9927.90726875
49,9927.90726875
50,9927.90726875
51,9927.90726875
52,9927.90726875
53,9928.2410375
54,9928.2410375
55,9928.2410375
56,9928.2410375
57,9928.2410375
58,9928.2410375
59,9928.2410375
60,9928.2410375
61,9928.2410375
62,9928.2410375
63,9928.2410375
64,9928.2410375
65,9928.2410375
66,9928.2410375
67,9928.2410375
68,9928.2410375
69,9928.2410375
70,9928.2410375
71,9928.2410375
72,9928.2410375
73,9928.2410375
74,9928.2410375
75,9928.2410375
76,9928.2410375
77,9928.2410375
78,9928.2410375
79,9928.2410375
80,9928.2410375
81,9928.2410375
82,9928.2410375
83,9928.2410375
84,9928.2410375
