Generation, Fitness
0,9925.85525625
1,9926.62559375
2,9926.62559375
3,9926.62559375
4,9926.7435875
5,9926.7435875
6,9926.7435875
7,9926.7435875
8,9926.7435875
9,9926.7435875
10,9926.7435875
11,9926.7435875
12,9926.7435875
13,9926.7435875
14,9926.7435875
15,9926.7435875
16,9926.7435875
17,9926.7435875
18,9926.7435875
19,9927.20083125
20,9927.20083125
21,9927.20083125
22,9927.20083125
23,9927.20083125
24,9927.20083125
25,9927.20083125
26,9927.20083125
27,9927.20083125
28,9927.20083125
29,9927.20083125
30,9927.20083125
31,9927.20083125
32,9927.20083125
33,9927.20083125
34,9927.20083125
35,9927.20083125
36,9927.20083125
37,9927.20083125
38,9927.20083125
39,9927.20083125
40,9927.20083125
41,9927.20083125
42,9927.20083125
43,9927.20083125
44,9927.20083125
45,9927.20083125
46,9927.20083125
47,9927.20083125
48,9927.20083125
49,9927.20083125
50,9927.20083125
