Generation, Fitness
0,9926.49168125
1,9926.49168125
2,9927.59395625
3,9927.59395625
4,9927.59395625
5,9927.59395625
6,9927.59395625
7,9927.59395625
8,9927.59395625
9,9927.59395625
10,9927.59395625
11,9927.59395625
12,9927.83423125
13,9927.83423125
14,9927.83423125
15,9927.83423125
16,9927.83423125
17,9927.83423125
18,9928.0016625
19,9928.0016625
20,9928.0016625
21,9928.0016625
22,9928.0016625
23,9928.0016625
24,9928.0016625
25,9928.0016625
26,9928.0016625
27,9928.0016625
28,9928.0016625
29,9928.0016625
30,9928.0016625
31,9928.0016625
32,9928.0016625
33,9928.0016625
34,9928.0016625
35,9928.01650625
36,9928.01650625
37,9928.01650625
38,9928.01650625
39,9928.01650625
40,9928.01650625
41,9928.01650625
42,9928.01650625
43,9928.01650625
44,9928.01650625
45,9928.01650625
46,9928.01650625
47,9928.01650625
48,9928.01650625
49,9928.01650625
50,9928.1019875
51,9928.1019875
52,9928.1019875
53,9928.1019875
54,9928.142875
55,9928.142875
56,9928.142875
57,9928.142875
58,9928.142875
59,9928.142875
60,9928.142875
61,9928.142875
62,9928.142875
63,9928.142875
64,9928.142875
65,9928.142875
66,9928.142875
67,9928.142875
68,9928.142875
69,9928.142875
70,9928.142875
71,9928.142875
72,9928.142875
73,9928.142875
74,9928.142875
75,9928.142875
76,9928.142875
77,9928.142875
78,9928.142875
79,9928.142875
80,9928.142875
81,9928.142875
82,9928.142875
83,9928.142875
84,9928.142875
85,9928.142875
