Generation, Fitness
0,9926.53175
1,9926.919775
2,9927.08231875
3,9927.08231875
4,9927.29990625
5,9927.39536875
6,9927.39536875
7,9927.39536875
8,9927.6447125
9,9927.6447125
10,9927.65919375
11,9927.65919375
12,9927.65919375
13,9927.65919375
14,9927.65919375
15,9927.65919375
16,9927.7482875
17,9927.7482875
18,9927.7482875
19,9927.7482875
20,9927.7482875
21,9927.7482875
22,9927.7482875
23,9927.7482875
24,9927.7482875
25,9927.7482875
26,9927.7482875
27,9927.7482875
28,9927.7534875
29,9927.7534875
30,9927.7534875
31,9927.87698125
32,9927.87698125
33,9927.87698125
34,9927.87698125
35,9927.87698125
36,9927.87698125
37,9927.87698125
38,9927.87698125
39,9927.87698125
40,9927.87698125
41,9927.87698125
42,9927.87698125
43,9927.87698125
44,9927.87698125
45,9927.90564375
46,9927.90564375
47,9927.90564375
48,9927.90564375
49,9927.90564375
50,9927.90564375
51,9927.90564375
52,9927.90564375
53,9927.90564375
54,9927.90564375
55,9927.90564375
56,9927.90564375
57,9927.90564375
58,9927.90564375
59,9927.90564375
60,9927.90564375
61,9927.90564375
62,9927.90564375
63,9927.90564375
64,9927.90564375
65,9927.90564375
66,9927.90564375
67,9927.90564375
68,9927.90564375
69,9927.90564375
70,9927.90564375
71,9927.90564375
72,9927.90564375
73,9927.92460625
74,9927.92460625
75,9927.92460625
76,9927.92460625
77,9927.92460625
78,9927.92460625
79,9927.92460625
80,9927.92460625
81,9927.92460625
82,9928.160875
83,9928.160875
84,9928.18743125
85,9928.18743125
86,9928.18743125
87,9928.18743125
88,9928.18743125
89,9928.18743125
90,9928.18743125
91,9928.18743125
92,9928.18743125
93,9928.18743125
94,9928.18743125
95,9928.18743125
96,9928.18743125
97,9928.18743125
98,9928.18743125
99,9928.18743125
100,9928.18743125
101,9928.18743125
102,9928.18743125
103,9928.18743125
104,9928.18743125
105,9928.18743125
106,9928.18743125
107,9928.18743125
108,9928.18743125
109,9928.18743125
110,9928.18743125
111,9928.18743125
112,9928.18743125
113,9928.18743125
114,9928.18743125
115,9928.18743125
