Train MAE,Validation MAE,Test MAE,Train MSE,Validation MSE,Test MSE,Train RMSE,Validation RMSE,Test RMSE,Execution Time
40.09530625,72.79916875,73.884425,4144.059437499999,14414.80505625,14217.07198125,63.47540000000001,117.66453125,117.1991125,
43.707562499999995,73.5208875,71.83311875000001,4774.68758125,14295.853925000001,13163.808325000002,67.3923625,117.19430000000001,113.25786875,
43.5069125,74.61895625,71.85712500000001,4770.29836875,14801.2610125,13283.814424999999,67.25086875000001,119.58452499999999,113.88733750000003,
44.4358625,73.78211250000001,71.81256875000001,4943.6516624999995,14428.58701875,13313.529525000002,68.82406875,117.68247500000001,113.89820625,
43.18877500000001,74.4179875,71.75896250000001,4791.6433625,14655.210068750002,13350.794812500002,67.417275,118.88252500000002,114.13728125000002,
=average(A2:A6),=average(B2:B6),=average(C2:C6),=average(D2:D6),=average(E2:E6),=average(F2:F6),=average(G2:G6)
