MAE,MSE,RMSE,Execution Time
73.545075,14282.49343125,117.3553375,
74.13453125,14379.371449999997,117.96228125000002,
73.4538375,14351.05224375,117.36358125,
74.3547375,14675.356606249998,118.95136875000001,
74.2049125,14663.34180625,118.782775,
=average(A2:A6),=average(B2:B6),=average(C2:C6),=average(D2:D6)
