Generation, Fitness
0,0.19722768664360046
1,0.19722768664360046
2,0.19722768664360046
3,0.19722768664360046
4,0.19722768664360046
5,0.19722768664360046
6,0.19722768664360046
7,0.19722768664360046
8,0.19722768664360046
9,0.19722768664360046
10,0.19722768664360046
11,0.19722768664360046
