Accuracy,F1,WMSEnominal
0.7796610169491526,0.6159908333333334,0.8308581495750814,
=average(A2:A2),=average(B2:B2),=average(C2:C2)
