Accuracy,F1,WMSEnominal
0.7298850574712644,0.5253248333333334,0.9196899845928875,
=average(A2:A2),=average(B2:B2),=average(C2:C2)
