AUROC,AUPRC,Executio Time
0.739441947368421,0.20008336842105265,
0.775096105263158,0.1922146315789474,
0.7315590526315788,0.19987084210526315,
0.7805781578947367,0.21592336842105264,
0.775096105263158,0.1922146315789474,
=average(A2:A6),=average(B2:B6),=average(C2:C6),=average(D2:D6)
