AUROC,AUPRC,Execution Time
0.8326103259259259,0.5849953148148147,120.5
