Train AUROC,Validation AUROC,Test AUROC,Train AUPRC,Validation AUPRC,Test AUPRC
0.7883191428571428,0.6591237142857143,0.6665594285714285,0.6114281428571429,0.47368428571428567,0.48120314285714283,
=average(A2:A2),=average(B2:B2),=average(C2:C2),=average(D2:D2),=average(E2:E2),=average(F2:F2)
