TrainVal AUROC,Validation AUROC,Test AUROC,TrainVal AUPRC,Validation AUPRC,Test AUPRC, Execution Time
0.6948582857142858,0.7674734285714286,0.7000141428571427,0.6481525714285715,0.6667152857142857,0.6926810000000001,
0.6948582857142858,0.7674734285714286,0.7000141428571427,0.6481525714285715,0.6667152857142857,0.6926810000000001,
0.6948582857142858,0.7674734285714286,0.7000141428571427,0.6481525714285715,0.6667152857142857,0.6926810000000001,
0.6948582857142858,0.7674734285714286,0.7000141428571427,0.6481525714285715,0.6667152857142857,0.6926810000000001,
0.6948582857142858,0.7674734285714286,0.7000141428571427,0.6481525714285715,0.6667152857142857,0.6926810000000001,
=average(A2:A6),=average(B2:B6),=average(C2:C6),=average(D2:D6),=average(E2:E6),=average(F2:F6),=average(G2:G6)
