AUROC,AUPRC,Executio Time
0.7000141428571427,0.6926810000000001,
0.7000141428571427,0.6926810000000001,
0.7000141428571427,0.6926810000000001,
0.7000141428571427,0.6926810000000001,
0.7000141428571427,0.6926810000000001,
=average(A2:A6),=average(B2:B6),=average(C2:C6),=average(D2:D6)
