AUROC,AUPRC
0.6665594285714285,0.48120314285714283,
=average(A2:A2),=average(B2:B2),=average(C2:C2)
