Generation, Fitness
0,9999.135257142858
1,9999.135257142858
2,9999.138114285714
3,9999.138114285714
4,9999.138114285714
5,9999.138114285714
6,9999.138114285714
7,9999.138114285714
8,9999.138114285714
9,9999.13897857143
10,9999.13897857143
11,9999.13897857143
12,9999.144392857143
13,9999.144392857143
14,9999.144392857143
15,9999.144392857143
16,9999.147921428572
17,9999.147921428572
18,9999.147921428572
19,9999.147921428572
20,9999.147921428572
21,9999.147921428572
22,9999.147921428572
23,9999.147921428572
24,9999.147921428572
25,9999.147921428572
26,9999.147921428572
27,9999.147921428572
28,9999.147921428572
29,9999.147921428572
30,9999.147921428572
31,9999.147921428572
32,9999.147921428572
33,9999.147921428572
34,9999.147921428572
35,9999.147921428572
36,9999.147921428572
37,9999.147921428572
38,9999.147921428572
39,9999.147921428572
40,9999.147921428572
41,9999.147921428572
42,9999.147921428572
43,9999.147921428572
44,9999.147921428572
45,9999.147921428572
46,9999.147921428572
47,9999.147921428572
