Generation, Fitness
0,9999.165835714286
1,9999.165835714286
2,9999.168707142857
3,9999.168707142857
4,9999.171342857142
5,9999.173342857142
6,9999.173342857142
7,9999.173342857142
8,9999.174342857143
9,9999.174342857143
10,9999.174342857143
11,9999.174342857143
12,9999.174342857143
13,9999.174342857143
14,9999.176107142857
15,9999.176107142857
16,9999.176107142857
17,9999.176107142857
18,9999.176107142857
19,9999.176107142857
20,9999.176107142857
21,9999.176107142857
22,9999.176107142857
23,9999.176107142857
24,9999.176107142857
25,9999.176107142857
26,9999.176107142857
27,9999.176107142857
28,9999.176107142857
29,9999.176107142857
30,9999.176107142857
31,9999.179385714286
32,9999.179385714286
33,9999.179385714286
34,9999.179385714286
35,9999.179385714286
36,9999.179385714286
37,9999.179385714286
38,9999.179385714286
39,9999.179385714286
40,9999.179385714286
41,9999.179385714286
42,9999.179385714286
43,9999.179385714286
44,9999.179385714286
45,9999.179385714286
46,9999.179385714286
47,9999.179385714286
48,9999.179385714286
49,9999.179385714286
50,9999.179385714286
51,9999.179385714286
52,9999.179385714286
53,9999.179385714286
54,9999.179385714286
55,9999.179385714286
56,9999.179385714286
57,9999.179385714286
58,9999.179385714286
59,9999.179385714286
60,9999.179385714286
61,9999.179385714286
62,9999.179385714286
