Generation, Fitness
0,9999.166771428572
1,9999.166771428572
2,9999.174257142857
3,9999.177292857143
4,9999.177292857143
5,9999.177292857143
6,9999.1776
7,9999.1776
8,9999.1776
9,9999.1776
10,9999.1776
11,9999.1776
12,9999.1776
13,9999.1776
14,9999.1776
15,9999.1776
16,9999.1776
17,9999.1776
18,9999.1776
19,9999.1776
20,9999.1776
21,9999.1776
22,9999.1776
23,9999.1776
24,9999.1776
25,9999.1776
26,9999.178864285714
27,9999.178864285714
28,9999.178864285714
29,9999.178864285714
30,9999.178864285714
31,9999.178864285714
32,9999.178864285714
33,9999.178864285714
34,9999.179892857142
35,9999.179892857142
36,9999.179892857142
37,9999.179892857142
38,9999.179892857142
39,9999.179892857142
40,9999.179892857142
41,9999.179892857142
42,9999.179892857142
43,9999.179892857142
44,9999.179892857142
45,9999.179892857142
46,9999.179892857142
47,9999.179892857142
48,9999.179892857142
49,9999.179892857142
50,9999.179892857142
51,9999.179892857142
52,9999.179892857142
53,9999.179892857142
54,9999.179892857142
55,9999.179892857142
56,9999.179892857142
57,9999.179892857142
58,9999.179892857142
59,9999.179892857142
60,9999.179892857142
61,9999.179892857142
62,9999.179892857142
63,9999.179892857142
64,9999.179892857142
65,9999.179892857142
