Generation, Fitness
0,9999.1635
1,9999.164807142857
2,9999.170657142857
3,9999.170657142857
4,9999.170657142857
5,9999.170657142857
6,9999.170657142857
7,9999.172178571429
8,9999.172178571429
9,9999.172178571429
10,9999.172178571429
11,9999.172178571429
12,9999.172485714285
13,9999.172485714285
14,9999.17595
15,9999.17595
16,9999.17595
17,9999.17595
18,9999.17595
19,9999.17595
20,9999.17595
21,9999.17595
22,9999.17595
23,9999.17595
24,9999.17595
25,9999.176464285714
26,9999.176464285714
27,9999.176464285714
28,9999.176464285714
29,9999.176464285714
30,9999.176464285714
31,9999.176464285714
32,9999.176464285714
33,9999.176464285714
34,9999.176464285714
35,9999.176464285714
36,9999.176464285714
37,9999.176464285714
38,9999.176464285714
39,9999.176935714286
40,9999.176935714286
41,9999.176935714286
42,9999.179021428572
43,9999.179021428572
44,9999.179021428572
45,9999.179021428572
46,9999.179042857142
47,9999.179735714286
48,9999.179735714286
49,9999.180457142857
50,9999.180457142857
51,9999.180457142857
52,9999.180457142857
53,9999.180457142857
54,9999.180457142857
55,9999.180457142857
56,9999.180457142857
57,9999.180457142857
58,9999.180457142857
59,9999.180457142857
60,9999.180457142857
61,9999.180457142857
62,9999.180457142857
63,9999.180457142857
64,9999.180457142857
65,9999.180457142857
66,9999.180457142857
67,9999.180457142857
68,9999.180457142857
69,9999.180457142857
70,9999.180457142857
71,9999.180457142857
72,9999.180457142857
73,9999.180457142857
74,9999.180457142857
75,9999.180457142857
76,9999.180457142857
77,9999.180457142857
78,9999.180457142857
79,9999.180457142857
80,9999.180457142857
