MAE,MSE,RMSE,Execution Time
0.8274071428571429,1.3623285714285716,1.1316714285714287,
0.8233071428571429,1.372057142857143,1.1369500000000001,
0.8375000000000001,1.4091357142857144,1.1523,
0.8176071428571429,1.3677285714285716,1.1337785714285715,
0.8194642857142858,1.381664285714286,1.1400214285714285,
=average(A2:A6),=average(B2:B6),=average(C2:C6),=average(D2:D6)
