Train MAE,Validation MAE,Test MAE,Train MSE,Validation MSE,Test MSE,Train RMSE,Validation RMSE,Test RMSE,Execution Time
0.7933000000000001,0.80155,0.7753142857142858,1.280464285714286,1.2931500000000002,1.1881857142857142,1.1035,1.1136214285714285,1.059492857142857,
0.8012714285714286,0.8147642857142857,0.782357142857143,1.288764285714286,1.336264285714286,1.1989285714285711,1.1121214285714285,1.1350357142857144,1.0668,
0.8001857142857143,0.8245928571428571,0.7846785714285716,1.2931785714285715,1.3646142857142856,1.235307142857143,1.1088642857142856,1.1414857142857142,1.0746785714285714,
0.8014714285714286,0.8095214285714286,0.7857500000000001,1.2892357142857145,1.3313642857142856,1.218192857142857,1.1080571428571429,1.129792857142857,1.0678071428571427,
0.8049571428571429,0.8195857142857144,0.7832928571428571,1.3193285714285719,1.3396000000000001,1.2352285714285713,1.1163142857142856,1.1306142857142858,1.074107142857143,
=average(A2:A6),=average(B2:B6),=average(C2:C6),=average(D2:D6),=average(E2:E6),=average(F2:F6),=average(G2:G6)
