MAE,MSE,RMSE,Execution Time
0.7753142857142858,1.1881857142857142,1.059492857142857,
0.782357142857143,1.1989285714285711,1.0668,
0.7846785714285716,1.235307142857143,1.0746785714285714,
0.7857500000000001,1.218192857142857,1.0678071428571427,
0.7832928571428571,1.2352285714285713,1.074107142857143,
=average(A2:A6),=average(B2:B6),=average(C2:C6),=average(D2:D6)
