AUROC,AUPRC,Executio Time
0.8657133157894739,0.5605813157894736,
0.8940242631578946,0.5545493157894736,
0.8967604210526315,0.5784061578947369,
0.8859371052631579,0.6521328947368421,
0.8769947368421053,0.5981507894736843,
=average(A2:A6),=average(B2:B6),=average(C2:C6),=average(D2:D6)
