AUROC,AUPRC,Executio Time
0.8554593333333332,0.6756247037037038,
0.8554593333333332,0.6756247037037038,
0.8554593333333332,0.6756247037037038,
0.8554593333333332,0.6756247037037038,
0.8554593333333332,0.6756247037037038,
=average(A2:A6),=average(B2:B6),=average(C2:C6),=average(D2:D6)
