Generation, Fitness
0,0.6432157754898071
1,0.6432157754898071
2,0.6450433135032654
3,0.6450433135032654
4,0.6509790420532227
5,0.6509790420532227
6,0.6509790420532227
7,0.6510666608810425
8,0.6510666608810425
9,0.6510666608810425
10,0.6510666608810425
11,0.6510666608810425
12,0.6510666608810425
13,0.6510666608810425
14,0.6510666608810425
15,0.6510666608810425
16,0.6510666608810425
17,0.6510666608810425
18,0.6510666608810425
19,0.6510666608810425
20,0.6510666608810425
21,0.6510666608810425
22,0.6510666608810425
23,0.6510666608810425
24,0.6510666608810425
25,0.6510666608810425
26,0.6510666608810425
27,0.6510666608810425
28,0.6510666608810425
29,0.6510666608810425
30,0.6510666608810425
31,0.6510666608810425
32,0.6510666608810425
33,0.6510666608810425
34,0.6510666608810425
35,0.6510666608810425
36,0.6510666608810425
37,0.6510666608810425
38,0.6510666608810425
