Generation, Fitness
0,0.6559572815895081
1,0.6559572815895081
2,0.6559572815895081
3,0.6559572815895081
4,0.6559572815895081
5,0.6559572815895081
6,0.6559572815895081
7,0.6559572815895081
8,0.6559572815895081
9,0.6559572815895081
10,0.6559572815895081
11,0.6559572815895081
12,0.6559572815895081
13,0.6559572815895081
14,0.6559572815895081
15,0.6559572815895081
16,0.6559572815895081
17,0.6559572815895081
18,0.6559572815895081
19,0.6559572815895081
20,0.6559572815895081
21,0.6559572815895081
22,0.6559572815895081
23,0.6559572815895081
24,0.6559572815895081
25,0.6559572815895081
26,0.6559572815895081
27,0.6559572815895081
28,0.6559572815895081
29,0.6559572815895081
30,0.6559572815895081
31,0.6559572815895081
