Generation, Fitness
0,0.6495490074157715
1,0.6495490074157715
2,0.6495490074157715
3,0.6495490074157715
4,0.6495490074157715
5,0.6495490074157715
6,0.6495490074157715
7,0.6495490074157715
8,0.6495490074157715
9,0.6495490074157715
10,0.6495490074157715
11,0.6495490074157715
12,0.6495490074157715
13,0.6495490074157715
14,0.6495490074157715
15,0.6495490074157715
16,0.6495490074157715
17,0.6495490074157715
18,0.6495490074157715
19,0.6495490074157715
20,0.6495490074157715
21,0.6495490074157715
22,0.6495490074157715
23,0.6495490074157715
24,0.6495490074157715
25,0.6495490074157715
26,0.6495490074157715
27,0.6495490074157715
28,0.6495490074157715
29,0.6495490074157715
30,0.6495490074157715
31,0.6495490074157715
