AUROC,AUPRC,Executio Time
0.5700727857142858,0.36910664285714284,
0.6028598571428573,0.37965985714285716,
0.6188659285714285,0.38364664285714284,
0.6054234285714285,0.3912101428571428,
0.5721538571428572,0.3787781428571429,
=average(A2:A6),=average(B2:B6),=average(C2:C6),=average(D2:D6)
