AUROC,AUPRC,Executio Time
0.5696786315789474,0.1637108947368421,
0.6840594736842105,0.1687716315789474,
0.7023083157894736,0.3583825789473684,
0.6500090526315789,0.2420327894736842,
0.5942104210526316,0.135752,
=average(A2:A6),=average(B2:B6),=average(C2:C6),=average(D2:D6)
