AUROC,AUPRC,Executio Time
0.8159177037037038,0.582690925925926,
0.8159177037037038,0.582690925925926,
0.8159177037037038,0.582690925925926,
0.8159177037037038,0.582690925925926,
0.8159177037037038,0.582690925925926,
=average(A2:A6),=average(B2:B6),=average(C2:C6),=average(D2:D6)
