Train AUROC, Train AUPRC, Test AUROC, Test AUPRC, Execution Time
0.9999688333333333,0.9999176666666667,0.8958808333333335,0.8091043333333334
0.99994,0.9998589999999999,0.8877756666666667,0.7880058333333334
0.9999723333333334,0.9999383333333335,0.8914434999999999,0.7712943333333332
0.9999824999999999,0.9999581666666667,0.8809106666666667,0.7904139999999998
0.9999763333333332,0.9999496666666667,0.8899808333333333,0.7895070000000001
0.9999858333333332,0.999966,0.5460495000000001,0.393062
0.999955,0.9998985,0.8779368333333334,0.7718326666666667
0.999959,0.999898,0.9054576666666668,0.8100598333333333
0.9999751666666666,0.9999399999999999,0.46757999999999994,0.3844113333333334
0.9999723333333334,0.9999381666666666,0.8903366666666667,0.7773289999999999
0.9999566666666667,0.9998906666666666,0.8894151666666666,0.7829303333333333
0.9999858333333332,0.9999656666666666,0.38830950000000003,0.317564
1.0,1.0,0.7472346666666666,0.6619183333333334
0.9999413333333332,0.999857,0.42717783333333337,0.3876371666666667
0.9999681666666667,0.9999228333333333,0.4682531666666667,0.35949633333333336
0.9999876666666667,0.9999696666666665,0.45704849999999997,0.3638815
0.999968,0.9999236666666667,0.48145299999999996,0.4131475
0.9999768333333333,0.9999443333333332,0.49817399999999995,0.39310566666666674
0.9999716666666667,0.9999306666666667,0.4410435,0.3665878333333334
0.9999591666666667,0.9999026666666667,0.48388349999999997,0.3765596666666667
0.9999644999999999,0.9999145,0.7297875,0.6378988333333333
0.9999858333333332,0.9999656666666666,0.4808246666666667,0.40574466666666664
0.9999081666666667,0.9997925,0.896306,0.7914126666666667
0.9999893333333333,0.9999745,0.5172711666666666,0.40256600000000003
0.9998971666666666,0.9997556666666666,0.46069933333333335,0.35087666666666667
0.9999893333333333,0.9999745,0.5293505,0.4334793333333333
0.9999608333333333,0.9999056666666668,0.5099838333333334,0.397867
0.9999893333333333,0.9999743333333333,0.6172456666666667,0.4601308333333334
