Train AUROC, Train AUPRC, Test AUROC, Test AUPRC, Execution Time
0.9999688333333333,0.9999275,0.9013083333333333,0.7902859999999999
0.9999576666666666,0.9998993333333334,0.8974844999999999,0.789784
0.9998388333333333,0.999581,0.8988561666666666,0.8088036666666668
0.9999443333333332,0.9998775000000001,0.8854835,0.774124
0.9999926666666666,0.9999815,0.6561273333333334,0.5149586666666667
1.0,1.0,0.47479750000000004,0.3958743333333334
0.9999715,0.9999313333333334,0.524397,0.3858066666666667
0.999977,0.9999441666666667,0.5306485,0.41123533333333334
0.9999353333333333,0.9998393333333334,0.882848,0.7797003333333333
0.9999858333333332,0.999966,0.5247023333333333,0.4683398333333333
0.9999858333333332,0.9999656666666666,0.45821716666666673,0.3493208333333333
0.9999893333333333,0.9999743333333333,0.6592936666666666,0.5128268333333333
0.9999506666666668,0.9998826666666667,0.8852653333333333,0.7789943333333333
0.9999893333333333,0.9999743333333333,0.5146543333333333,0.39428750000000007
0.9999609999999999,0.9999053333333334,0.6067065,0.5373283333333334
0.999899,0.999771,0.8989928333333334,0.8127603333333333
0.9999608333333333,0.9999064999999999,0.6731993333333334,0.5321793333333333
0.9999644999999999,0.9999153333333334,0.43712616666666665,0.34908816666666675
0.9999285000000001,0.9998256666666667,0.5314923333333333,0.41693583333333334
0.9999361666666667,0.9998448333333334,0.4697826666666667,0.3977215
0.9999355,0.9998445,0.6152088333333333,0.4990503333333333
0.9999396666666667,0.9998546666666667,0.5084745,0.39178583333333333
0.9999858333333332,0.9999653333333333,0.5958521666666666,0.4925348333333333
0.999968,0.9999224999999999,0.8660074999999999,0.7577516666666667
0.9999893333333333,0.9999739999999999,0.4544538333333334,0.346384
0.9999493333333334,0.9998728333333333,0.4605873333333333,0.3638338333333333
0.9999433333333334,0.9998615000000001,0.43716283333333333,0.3404216666666666
0.9999696666666668,0.9999273333333333,0.5088416666666667,0.39651166666666665
0.9999273333333334,0.9998243333333333,0.4866075,0.382879
0.9999681666666667,0.9999226666666666,0.5063928333333333,0.3748925
