MAE,MSE,RMSE,Execution Time
47.127448,6264.907474625,74.648825125,746.7
