AUROC,AUPRC,Execution Time
0.85585305,0.7364371166666668,0.43999999999999995
