AUROC,AUPRC
0.13002999999999998,0.054276315789473686,
=average(A2:A2),=average(B2:B2),=average(C2:C2)
