AUROC,AUPRC,Execution Time
0.6704242048128342,0.06836021122994651,157608.6
