Generation, Fitness
0,9544.5233375
1,9554.22204375
2,9554.22204375
3,9554.22204375
4,9554.22204375
5,9554.22204375
6,9554.22204375
7,9554.22204375
8,9557.34041875
9,9562.42689375
10,9562.42689375
11,9565.50924375
12,9565.50924375
13,9565.50924375
14,9565.50924375
15,9565.50924375
16,9565.50924375
17,9565.50924375
18,9565.50924375
19,9565.50924375
20,9565.50924375
21,9565.50924375
22,9565.50924375
23,9565.50924375
24,9565.50924375
25,9565.50924375
26,9566.89011875
27,9566.89011875
28,9566.89011875
29,9566.89011875
30,9566.89011875
31,9566.89011875
32,9566.90070625
33,9566.90070625
34,9566.90070625
35,9566.90070625
36,9566.90070625
37,9566.90070625
38,9566.90070625
39,9566.90070625
40,9566.90070625
41,9566.90070625
42,9566.90070625
43,9566.90070625
44,9566.90070625
45,9566.90070625
46,9566.90070625
47,9566.90070625
48,9566.90070625
49,9566.90070625
50,9566.90070625
51,9566.90070625
52,9566.90070625
53,9566.90070625
54,9566.90070625
55,9566.90070625
56,9566.90070625
57,9566.90070625
58,9566.90070625
59,9566.90070625
60,9572.27151875
61,9572.27151875
62,9572.27151875
63,9572.27151875
64,9572.27151875
65,9572.27151875
66,9572.27151875
67,9572.27151875
68,9572.27151875
69,9572.27151875
70,9572.27151875
71,9574.1428875
72,9574.1428875
73,9574.1428875
74,9574.1428875
75,9574.1428875
76,9574.1428875
77,9574.1428875
78,9574.1428875
79,9574.1428875
80,9574.1428875
81,9574.1428875
82,9574.1428875
83,9574.1428875
84,9579.747
85,9579.747
86,9579.747
87,9579.747
88,9579.747
89,9579.747
90,9579.747
91,9579.747
92,9579.747
93,9579.747
94,9579.747
95,9579.747
96,9579.747
97,9580.9303375
98,9580.9303375
99,9580.9303375
100,9580.9303375
101,9580.9303375
102,9580.9303375
103,9580.9303375
104,9580.9303375
105,9580.9303375
106,9580.9303375
107,9580.9303375
108,9580.9303375
109,9580.9303375
110,9580.9303375
111,9583.194175
112,9583.194175
113,9583.194175
114,9583.194175
115,9583.194175
116,9583.194175
117,9583.194175
118,9583.194175
119,9583.194175
120,9583.194175
121,9583.194175
122,9583.194175
123,9583.194175
124,9583.194175
125,9583.194175
126,9583.194175
127,9583.194175
128,9583.194175
129,9583.194175
130,9583.194175
131,9583.194175
132,9583.194175
133,9583.194175
134,9583.194175
135,9583.194175
136,9583.194175
137,9583.194175
138,9583.194175
139,9583.194175
140,9583.194175
141,9583.194175
142,9583.194175
