Generation, Fitness
0,9529.1522875
1,9544.18904375
2,9545.99811875
3,9547.99343125
4,9550.15750625
5,9557.62665
6,9557.62665
7,9557.62665
8,9557.62665
9,9557.62665
10,9557.62665
11,9557.62665
12,9557.62665
13,9557.62665
14,9557.62665
15,9557.62665
16,9557.62665
17,9557.62665
18,9557.62665
19,9566.75635
20,9566.75635
21,9566.75635
22,9566.75635
23,9566.75635
24,9566.75635
25,9566.75635
26,9566.75635
27,9575.4170875
28,9575.4170875
29,9575.4170875
30,9575.4170875
31,9575.4170875
32,9575.4170875
33,9575.4170875
34,9575.4170875
35,9575.4170875
36,9575.4170875
37,9575.4170875
38,9575.4170875
39,9575.4170875
40,9575.4170875
41,9575.4170875
42,9575.4170875
43,9575.4170875
44,9575.4170875
45,9578.49013125
46,9578.49013125
47,9578.49013125
48,9578.49013125
49,9578.49013125
50,9578.49013125
51,9578.49013125
52,9578.49013125
53,9578.49013125
54,9578.49013125
55,9578.49013125
56,9578.49013125
57,9578.49013125
58,9578.49013125
59,9578.49013125
60,9578.49013125
61,9578.49013125
62,9578.49013125
63,9578.49013125
64,9578.49013125
65,9578.49013125
66,9578.49013125
67,9578.49013125
68,9578.49013125
69,9578.49013125
70,9578.49013125
71,9578.49013125
72,9578.49013125
73,9578.49013125
74,9578.49013125
75,9578.49013125
76,9578.49013125
