Generation, Fitness
0,9531.140675
1,9543.20084375
2,9543.71514375
3,9543.71514375
4,9549.2512125
5,9549.5323375
6,9553.673999999999
7,9556.9144
8,9556.9144
9,9562.9249
10,9562.9249
11,9562.9249
12,9562.9249
13,9562.9249
14,9562.9249
15,9562.9249
16,9562.9249
17,9562.9249
18,9562.9249
19,9562.9249
20,9562.9249
21,9562.9249
22,9562.9249
23,9562.9249
24,9565.63694375
25,9565.63694375
26,9565.63694375
27,9565.63694375
28,9565.63694375
29,9565.63694375
30,9565.63694375
31,9565.63694375
32,9565.63694375
33,9565.63694375
34,9565.63694375
35,9565.63694375
36,9565.63694375
37,9565.63694375
38,9565.63694375
39,9565.63694375
40,9565.63694375
41,9565.63694375
42,9565.63694375
43,9565.63694375
44,9565.63694375
45,9565.63694375
46,9565.63694375
47,9566.47630625
48,9566.79515625
49,9566.79515625
50,9566.79515625
51,9566.79515625
52,9566.79515625
53,9566.79515625
54,9566.79515625
55,9566.79515625
56,9566.79515625
57,9566.79515625
58,9566.79515625
59,9566.79515625
60,9566.79515625
61,9566.79515625
62,9566.79515625
63,9566.79515625
64,9566.79515625
65,9566.79515625
66,9571.0600375
67,9571.0600375
68,9571.0600375
69,9571.0600375
70,9571.0600375
71,9571.0600375
72,9571.0600375
73,9571.0600375
74,9571.0600375
75,9571.0600375
76,9571.0600375
77,9571.0600375
78,9571.0600375
79,9571.0600375
80,9571.0600375
81,9571.0600375
82,9571.0600375
83,9571.0600375
84,9571.0600375
85,9571.0600375
86,9571.0600375
87,9571.0600375
88,9571.0600375
89,9571.0600375
90,9571.0600375
91,9571.0600375
92,9571.0600375
93,9571.0600375
94,9571.0600375
95,9571.0600375
96,9571.0600375
97,9571.0600375
