Generation, Fitness
0,9564.31668125
1,9573.33178125
2,9580.5802375
3,9580.5802375
4,9580.5802375
5,9580.5802375
6,9580.5802375
7,9592.54524375
8,9600.2653375
9,9600.2653375
10,9600.2653375
11,9600.2653375
12,9600.2653375
13,9600.2653375
14,9607.8380625
15,9607.8380625
16,9607.8380625
17,9607.8380625
18,9607.8380625
19,9607.8380625
20,9607.8380625
21,9607.8380625
22,9607.8380625
23,9607.8380625
24,9607.8380625
25,9607.8380625
26,9607.8380625
27,9607.8380625
28,9607.8380625
29,9607.8380625
30,9607.8380625
31,9607.8380625
32,9607.8380625
33,9607.8380625
34,9607.8380625
35,9607.8380625
36,9607.8380625
37,9607.8380625
38,9609.7604
39,9609.7604
40,9609.7604
41,9609.7604
42,9617.16590625
43,9617.16590625
44,9617.16590625
45,9617.16590625
46,9617.16590625
47,9617.16590625
48,9617.16590625
49,9617.16590625
50,9617.16590625
51,9617.16590625
52,9617.16590625
53,9617.16590625
54,9617.16590625
55,9617.16590625
56,9617.16590625
57,9617.16590625
58,9617.16590625
59,9617.16590625
60,9617.16590625
61,9617.16590625
62,9617.16590625
63,9617.16590625
64,9617.16590625
65,9617.16590625
66,9617.16590625
67,9617.16590625
68,9617.16590625
69,9617.16590625
70,9617.16590625
71,9617.16590625
72,9617.16590625
73,9617.16590625
