MAE,MSE,RMSE,Execution Time
594.53998125,3617718.99929375,1300.72483125,
551.8974625000001,2832527.1536000003,1133.3005875000001,
565.96864375,2917567.2259999993,1190.4156375,
534.9789125,2001397.9727624995,1032.15826875,
548.5698,2202024.78573125,1085.5529562499999,
=average(A2:A6),=average(B2:B6),=average(C2:C6),=average(D2:D6)
