MAE,MSE,RMSE,Execution Time
487.0142125,1629755.8779375,916.8497812499999,
418.358825,992206.6146812501,750.5250874999999,
416.805825,974532.2353625001,745.4978187500001,
421.50986875,1032402.9446875,774.2852687499999,
428.9399625000001,1035568.1676312499,774.1093312499999,
=average(A2:A6),=average(B2:B6),=average(C2:C6),=average(D2:D6)
