MAE,MSE,RMSE,Execution Time
0.7104750000000001,3.8228,1.6258625,
0.7057374999999999,5.827712499999999,1.9176125000000002,
0.7057374999999999,5.827712499999999,1.9176125000000002,
0.7057374999999999,5.827712499999999,1.9176125000000002,
0.7057374999999999,5.827712499999999,1.9176125000000002,
=average(A2:A6),=average(B2:B6),=average(C2:C6),=average(D2:D6)
