Train MAE,Validation MAE,Test MAE,Train MSE,Validation MSE,Test MSE,Train RMSE,Validation RMSE,Test RMSE,Execution Time
0.40102499999999996,0.6771375,0.7104750000000001,1.1002125,2.509875,3.8228,0.9079125,1.3871125000000002,1.6258625,
0.396175,0.72945,0.7057374999999999,0.7881999999999999,10.6563625,5.827712499999999,0.7960625,2.5521875,1.9176125000000002,
0.396175,0.72945,0.7057374999999999,0.7881999999999999,10.6563625,5.827712499999999,0.7960625,2.5521875,1.9176125000000002,
0.396175,0.72945,0.7057374999999999,0.7881999999999999,10.6563625,5.827712499999999,0.7960625,2.5521875,1.9176125000000002,
0.396175,0.72945,0.7057374999999999,0.7881999999999999,10.6563625,5.827712499999999,0.7960625,2.5521875,1.9176125000000002,
=average(A2:A6),=average(B2:B6),=average(C2:C6),=average(D2:D6),=average(E2:E6),=average(F2:F6),=average(G2:G6)
