AUROC,AUPRC,Execution Time
0.8729465377777779,0.7620277288888888,46.120000000000005
