MAE,MSE,RMSE,Execution Time
174.23804375000003,79618.21074999998,244.29266875000005,
=average(A2:A2),=average(B2:B2),=average(C2:C2),=average(D2:D2)
