AUROC,AUPRC,Execution Time
0.8783157052631578,0.5502601831578946,249.57999999999998
