Generation, Fitness
0,0.7410668730735779
1,0.7410668730735779
2,0.7410668730735779
3,0.7410668730735779
4,0.7410668730735779
5,0.7410668730735779
6,0.7410668730735779
7,0.7410668730735779
8,0.7410668730735779
9,0.7410668730735779
10,0.7410668730735779
11,0.7410668730735779
12,0.7410668730735779
13,0.7410668730735779
14,0.7410668730735779
15,0.7410668730735779
16,0.7410668730735779
17,0.7410668730735779
18,0.7410668730735779
19,0.7410668730735779
20,0.7410668730735779
21,0.7410668730735779
