Generation, Fitness
0,0.5576274394989014
1,0.5616440773010254
2,0.5616440773010254
3,0.5630872845649719
4,0.5630872845649719
5,0.5630872845649719
6,0.5630872845649719
7,0.5630872845649719
8,0.5630872845649719
9,0.5635554194450378
10,0.563628077507019
11,0.5646448135375977
12,0.5646448135375977
13,0.5663707256317139
14,0.5663707256317139
15,0.5663707256317139
16,0.5663707256317139
17,0.5669668316841125
18,0.5669668316841125
19,0.5669668316841125
20,0.5669668316841125
21,0.5669668316841125
22,0.5669668316841125
23,0.5669668316841125
24,0.5669668316841125
25,0.5669668316841125
26,0.5669668316841125
27,0.5669668316841125
28,0.5669668316841125
29,0.5669668316841125
30,0.5669668316841125
31,0.5669668316841125
32,0.5669668316841125
33,0.5669668316841125
34,0.5669668316841125
35,0.5669668316841125
36,0.5669668316841125
37,0.5669668316841125
38,0.5669668316841125
39,0.5669668316841125
40,0.5669668316841125
41,0.5669668316841125
42,0.5669668316841125
43,0.5669668316841125
44,0.5669668316841125
45,0.5669668316841125
46,0.5669668316841125
47,0.5669668316841125
48,0.5669668316841125
