MAE,MSE,RMSE,Execution Time
384.205419375,943137.5962606249,657.66152375,101.0
