Generation, Fitness
0,0.6925508975982666
1,0.6925508975982666
2,0.6925508975982666
3,0.6925508975982666
4,0.6925508975982666
5,0.6925508975982666
6,0.6925508975982666
7,0.6925508975982666
8,0.6925508975982666
9,0.6925508975982666
10,0.6925508975982666
11,0.6925508975982666
12,0.6925508975982666
13,0.6925508975982666
14,0.6925508975982666
15,0.6925508975982666
16,0.6925508975982666
17,0.6925508975982666
18,0.6925508975982666
19,0.6925508975982666
20,0.6925508975982666
21,0.6925508975982666
