AUROC,AUPRC,Executio Time
0.7070555714285714,0.7118019999999999,
0.7070555714285714,0.7118019999999999,
0.6988015714285715,0.6597670000000001,
0.7070555714285714,0.7118019999999999,
0.7070555714285714,0.7118019999999999,
=average(A2:A6),=average(B2:B6),=average(C2:C6),=average(D2:D6)
