AUROC,AUPRC
0.6206085714285715,0.4857142857142857,
=average(A2:A2),=average(B2:B2),=average(C2:C2)
