Train AUROC,Validation AUROC,Test AUROC,Train AUPRC,Validation AUPRC,Test AUPRC
0.7942601428571427,0.6405425714285714,0.6206085714285715,0.6133001428571428,0.4857142857142857,0.4857142857142857,
=average(A2:A2),=average(B2:B2),=average(C2:C2),=average(D2:D2),=average(E2:E2),=average(F2:F2)
