AUROC,AUPRC,Executio Time
0.8542335,0.7230731666666667,
0.8542335,0.7230731666666667,
0.8542335,0.7230731666666667,
0.8542335,0.7230731666666667,
0.8542335,0.7230731666666667,
=average(A2:A6),=average(B2:B6),=average(C2:C6),=average(D2:D6)
