Generation, Fitness
0,9699.82403125
1,9709.50701875
2,9709.50701875
3,9709.50701875
4,9709.50701875
5,9709.50701875
6,9709.50701875
7,9709.50701875
8,9709.50701875
9,9709.50701875
10,9711.26910625
11,9712.2132125
12,9714.38055625
13,9715.4049875
14,9718.71895
15,9718.71895
16,9718.71895
17,9718.71895
18,9718.71895
19,9718.71895
20,9718.71895
21,9718.71895
22,9718.71895
23,9718.71895
24,9719.172925
25,9721.49020625
26,9721.49020625
27,9721.49020625
28,9721.49020625
29,9721.49020625
30,9721.49020625
31,9721.49020625
32,9721.49020625
33,9721.49020625
34,9721.49020625
35,9721.49020625
36,9721.5785375
37,9721.5785375
38,9721.5785375
39,9721.5785375
40,9721.5785375
41,9721.5785375
42,9721.5785375
43,9722.9998
44,9722.9998
45,9724.268556250001
46,9724.268556250001
47,9724.268556250001
48,9724.97351875
49,9726.34889375
50,9726.34889375
51,9726.34889375
52,9726.34889375
53,9726.34889375
54,9726.34889375
55,9726.34889375
56,9726.34889375
57,9726.34889375
58,9726.34889375
59,9726.34889375
60,9726.34889375
61,9726.34889375
62,9726.34889375
63,9726.34889375
64,9726.34889375
65,9726.34889375
66,9726.34889375
67,9726.34889375
68,9726.34889375
69,9726.34889375
70,9726.34889375
71,9726.34889375
72,9726.34889375
73,9726.34889375
74,9726.34889375
75,9726.34889375
76,9726.34889375
77,9726.34889375
78,9726.34889375
79,9726.34889375
80,9726.34889375
