MAE,MSE,RMSE,Execution Time
262.62270624999996,192462.70341875002,339.556825,
256.02508124999997,189326.30898125,347.08688750000005,
261.1952625,241144.32987500002,373.8619,
271.80805,237268.58366875,375.7741625,
283.04244374999996,254865.28401249996,393.611675,
=average(A2:A6),=average(B2:B6),=average(C2:C6),=average(D2:D6)
