Train MAE,Validation MAE,Test MAE,Train MSE,Validation MSE,Test MSE,Train RMSE,Validation RMSE,Test RMSE,Execution Time
322.05595624999995,410.3067749999999,334.54766875,629242.81878125,646316.7389937501,435674.3258375,600.7935187500001,671.2878937500001,505.78162499999996,
338.831575,657.5585874999999,273.65110625,578401.8157437501,4820424.202618751,186779.85485,590.7605625,1521.74501875,366.79018125,
334.70154999999994,684.0987437499999,273.82156875,568151.2364,4998445.8993125,195814.00320624997,589.3677624999999,1593.3795125,376.84621875000005,
322.95706249999995,669.1993687499998,268.22397500000005,657661.6405249999,5477381.78188125,220023.32829374998,605.2336875,1619.7330125,388.09155,
335.07910625,688.77146875,265.66945,532129.3750625,5018672.111612501,174206.44071874997,559.99266875,1616.1670187500001,358.04479375,
=average(A2:A6),=average(B2:B6),=average(C2:C6),=average(D2:D6),=average(E2:E6),=average(F2:F6),=average(G2:G6)
