MAE,MSE,RMSE,Execution Time
334.54766875,435674.3258375,505.78162499999996,
273.65110625,186779.85485,366.79018125,
273.82156875,195814.00320624997,376.84621875000005,
268.22397500000005,220023.32829374998,388.09155,
265.66945,174206.44071874997,358.04479375,
=average(A2:A6),=average(B2:B6),=average(C2:C6),=average(D2:D6)
