MAE,MSE,RMSE,Execution Time
315.56106874999995,299057.0368125,447.4085,
330.98111874999995,379730.41620624997,487.59563749999995,
350.62181250000003,506779.8445499999,555.2005125,
327.49144375000003,401788.77044374996,498.30113750000004,
336.79701249999994,467627.08088749996,544.529675,
=average(A2:A6),=average(B2:B6),=average(C2:C6),=average(D2:D6)
