Train AUROC, Train AUPRC, Test AUROC, Test AUPRC, Execution Time
0.9999928333333333,0.9999821666666667,0.8258198333333334,0.6972915
0.9999043333333334,0.9997845,0.8213143333333334,0.7059221666666667
0.9999741666666667,0.9999326666666667,0.5417881666666667,0.4164678333333333
0.9999873333333333,0.9999678333333334,0.509716,0.38986866666666664
0.9999753333333334,0.9999411666666665,0.8133166666666667,0.7066336666666667
0.9999965,0.9999913333333333,0.5812633333333334,0.44997700000000007
0.9999448333333333,0.9998788333333334,0.8227286666666668,0.7137945
0.9999501666666667,0.99988,0.8112214999999999,0.6862063333333334
0.9999888333333334,0.9999705,0.82369,0.7230528333333334
0.9999856666666668,0.9999651666666667,0.7997873333333333,0.6648503333333333
0.999968,0.9999226666666666,0.3964811666666667,0.37021550000000003
0.9999493333333334,0.99987,0.8262703333333333,0.7129143333333333
0.9999881666666667,0.9999758333333334,0.8150228333333333,0.6860061666666667
0.9999641666666665,0.9999094999999999,0.7996896666666666,0.6534253333333333
0.9999474999999999,0.9998661666666666,0.7998385,0.6881675
0.9999929999999999,0.9999826666666666,0.40196366666666666,0.3413725
0.9999715,0.9999315000000001,0.5035575,0.37946316666666663
0.9999548333333333,0.9998948333333333,0.5116865,0.43618466666666666
0.9999643333333333,0.9999128333333333,0.46272450000000004,0.3739578333333333
0.9999965,0.9999913333333333,0.5748788333333333,0.4480136666666667
0.9999696666666668,0.9999256666666666,0.43948300000000007,0.3741753333333333
0.9999643333333333,0.9999121666666667,0.5466388333333333,0.4335493333333334
0.9999856666666668,0.9999644999999999,0.4564523333333333,0.3786805
0.9999858333333332,0.9999651666666667,0.6164413333333334,0.467404
0.9999668333333332,0.9999115,0.5747106666666667,0.4588043333333333
0.9999731666666666,0.9999345000000001,0.4226386666666666,0.3418388333333333
0.9999715,0.9999293333333333,0.4304198333333333,0.33897133333333335
0.9999750000000001,0.9999403333333333,0.3914600000000001,0.3320086666666666
0.9999645,0.9999133333333332,0.8047661666666666,0.6981363333333334
0.999943,0.9998593333333332,0.4262405,0.3398091666666667
0.9999826666666666,0.9999615000000001,0.469825,0.4192966666666666
0.9999868333333334,0.9999750000000001,0.5288581666666666,0.4514026666666667
0.9999858333333332,0.999965,0.4036028333333333,0.34246083333333327
0.9999856666666668,0.9999653333333333,0.5387368333333333,0.427386
