Train AUROC, Train AUPRC, Test AUROC, Test AUPRC, Execution Time
0.9999645,0.9999145,0.8180004999999998,0.7130664999999999
0.9999206666666667,0.9997981666666665,0.8060051666666667,0.6884458333333333
0.9999098333333333,0.9997828333333333,0.7988560000000001,0.674906
0.9999681666666668,0.9999256666666666,0.8209215,0.7165965
0.9999821666666667,0.9999558333333334,0.5307801666666666,0.3999355
0.9999813333333333,0.9999479999999998,0.6446615000000001,0.5518421666666667
0.999959,0.999901,0.5238305,0.4555278333333334
0.9999506666666668,0.9998869999999999,0.5854685000000001,0.4674965
0.9999965,0.9999913333333333,0.5169955,0.39690200000000003
0.9999536666666667,0.9998873333333332,0.5212946666666668,0.3953183333333334
0.9999751666666666,0.9999413333333335,0.8164618333333333,0.6817535
0.9999641666666667,0.9999218333333334,0.8216966666666665,0.7045298333333333
0.9999536666666667,0.9998856666666667,0.41515033333333334,0.3539836666666667
0.9999123333333334,0.9997745,0.8121406666666667,0.6702565000000001
0.9999358333333334,0.9998469999999999,0.5519333333333333,0.46969
0.9999643333333333,0.9999123333333334,0.5719305,0.43420299999999995
0.9999854999999999,0.9999636666666666,0.4169675,0.33794133333333326
0.9999893333333333,0.9999738333333333,0.3960673333333334,0.3575575
0.9999696666666668,0.9999256666666666,0.5088578333333333,0.43448
0.9999893333333333,0.9999736666666666,0.5039483333333333,0.41316033333333335
0.9999893333333333,0.9999736666666666,0.4441555,0.34549399999999997
0.9999929999999999,0.9999826666666666,0.448691,0.36156783333333326
0.9999798333333333,0.999958,0.5150948333333333,0.39509083333333334
0.9999448333333332,0.9998668333333333,0.4729466666666666,0.39647283333333333
0.9999876666666666,0.9999695000000001,0.4421636666666666,0.34543983333333333
0.9999643333333333,0.9999111666666667,0.5188261666666666,0.4252985
0.9999786666666667,0.9999476666666666,0.4149148333333333,0.3363041666666667
0.9999856666666668,0.9999651666666667,0.39070049999999995,0.3122545
0.9999746666666667,0.9999346666666665,0.4846588333333333,0.39739349999999996
