AUROC,AUPRC,Executio Time
0.7631494999999999,0.6034825,
0.7631494999999999,0.6034825,
0.7631494999999999,0.6034825,
0.7631494999999999,0.6034825,
0.7631494999999999,0.6034825,
=average(A2:A6),=average(B2:B6),=average(C2:C6),=average(D2:D6)
