Train Accuracy,Validation Accuracy,Test Accuracy,Train F1,Validation F1,Test F1,Train WMSEnominal,Validation WMSEnominal,Test WMSEnominal
0.9993164305244842,0.9993164305244842,0.9012345679012347,0.992639037037037,0.992639037037037,NaN,0.013857352684324808,0.013857352684324808,1.0478106699338743,
=average(A2:A2),=average(B2:B2),=average(C2:C2),=average(D2:D2),=average(E2:E2),=average(F2:F2)
