MAE,MSE,RMSE
0.9360427142857143,1.801030857142857,1.2989488571428573
