Train MAE, Validation MAE, Test MAE, Train MSE, Validation MSE, Test MSE, Train RMSE, Validation RMSE, Test RMSE
0.8880357142857144,0.8880357142857144,0.8063428571428571,1.5244142857142855,1.5244142857142855,1.3224857142857143,1.2054714285714285,1.2054714285714285,1.1149071428571429
