Train Accuracy,Validation Accuracy,Test Accuracy,Train F1,Validation F1,Test F1,Train WMSEnominal,Validation WMSEnominal,Test WMSEnominal
0.8103448275862067,0.8103448275862067,0.7142857142857143,0.8242017142857144,0.8242017142857144,0.7046904285714285,0.6669454532301512,0.6669454532301512,1.13582477445223,
=average(A2:A2),=average(B2:B2),=average(C2:C2),=average(D2:D2),=average(E2:E2),=average(F2:F2)
