Accuracy,F1,WMSEnominal
0.7142857142857143,0.7046904285714285,1.13582477445223,
=average(A2:A2),=average(B2:B2),=average(C2:C2)
