AUROC,AUPRC,Executio Time
0.9006866315789473,0.5743644210526316,
0.8993973157894737,0.5950834210526316,
0.8947723684210527,0.5458958421052632,
0.8690114210526317,0.5146121578947368,
0.9099485263157896,0.5810282105263158,
=average(A2:A6),=average(B2:B6),=average(C2:C6),=average(D2:D6)
