AUROC,AUPRC,Executio Time
0.8068184999999999,0.6472600000000001,
0.8068184999999999,0.6472600000000001,
0.8068184999999999,0.6472600000000001,
0.8068184999999999,0.6472600000000001,
0.8068184999999999,0.6472600000000001,
=average(A2:A6),=average(B2:B6),=average(C2:C6),=average(D2:D6)
