AUROC,AUPRC
0.6693728333333334,0.30327883333333333,
=average(A2:A2),=average(B2:B2),=average(C2:C2)
