Train AUROC,Validation AUROC,Test AUROC,Train AUPRC,Validation AUPRC,Test AUPRC, Execution Time
0.8114330000000001,0.7640536666666667,0.8068184999999999,0.6403608333333333,0.5564338333333333,0.6472600000000001,
0.8114330000000001,0.7640536666666667,0.8068184999999999,0.6403608333333333,0.5564338333333333,0.6472600000000001,
0.8114330000000001,0.7640536666666667,0.8068184999999999,0.6403608333333333,0.5564338333333333,0.6472600000000001,
0.8114330000000001,0.7640536666666667,0.8068184999999999,0.6403608333333333,0.5564338333333333,0.6472600000000001,
0.8114330000000001,0.7640536666666667,0.8068184999999999,0.6403608333333333,0.5564338333333333,0.6472600000000001,
=average(A2:A6),=average(B2:B6),=average(C2:C6),=average(D2:D6),=average(E2:E6),=average(F2:F6),=average(G2:G6)
