AUROC,AUPRC,Executio Time
0.8346372857142857,0.8110712857142859,
0.8227324285714286,0.7871825714285715,
0.8221088571428572,0.8061644285714287,
0.8656462857142858,0.8018314285714286,
0.8396825714285715,0.8159052857142858,
=average(A2:A6),=average(B2:B6),=average(C2:C6),=average(D2:D6)
