AUROC,AUPRC,Executio Time
0.7637756666666666,0.584803,
0.7637756666666666,0.584803,
0.7637756666666666,0.584803,
0.7637756666666666,0.584803,
0.7637756666666666,0.584803,
=average(A2:A6),=average(B2:B6),=average(C2:C6),=average(D2:D6)
