MAE,MSE,RMSE,Execution Time
0.8159642857142856,1.338585714285714,1.1212928571428573,
=average(A2:A2),=average(B2:B2),=average(C2:C2),=average(D2:D2)
