AUROC,AUPRC,Execution Time
0.847624,0.6967120444444445,130.9
