AUROC,AUPRC,Executio Time
0.7715602857142857,0.7975388571428571,
0.7715602857142857,0.7975388571428571,
0.7715602857142857,0.7975388571428571,
0.7715602857142857,0.7975388571428571,
0.7715602857142857,0.7975388571428571,
=average(A2:A6),=average(B2:B6),=average(C2:C6),=average(D2:D6)
