Generation, Fitness
0,0.7845507860183716
1,0.7845507860183716
2,0.7845507860183716
3,0.7845507860183716
4,0.7845507860183716
5,0.7867728471755981
6,0.79735267162323
7,0.79735267162323
8,0.79735267162323
9,0.79735267162323
10,0.79735267162323
11,0.79735267162323
12,0.79735267162323
13,0.79735267162323
14,0.79735267162323
15,0.79735267162323
16,0.79735267162323
17,0.79735267162323
18,0.79735267162323
19,0.79735267162323
20,0.79735267162323
21,0.79735267162323
22,0.79735267162323
23,0.79735267162323
24,0.79735267162323
25,0.79735267162323
26,0.79735267162323
27,0.79735267162323
28,0.79735267162323
29,0.79735267162323
30,0.79735267162323
31,0.79735267162323
32,0.79735267162323
33,0.79735267162323
34,0.79735267162323
35,0.79735267162323
36,0.79735267162323
37,0.79735267162323
38,0.79735267162323
39,0.79735267162323
40,0.79735267162323
41,0.79735267162323
42,0.79735267162323
43,0.79735267162323
44,0.79735267162323
45,0.79735267162323
46,0.79735267162323
47,0.79735267162323
48,0.79735267162323
49,0.79735267162323
50,0.79735267162323
51,0.79735267162323
52,0.79735267162323
53,0.79735267162323
54,0.79735267162323
55,0.79735267162323
56,0.79735267162323
57,0.79735267162323
