Generation, Fitness
0,0.8185023665428162
1,0.8185023665428162
2,0.8185023665428162
3,0.8291873335838318
4,0.8291873335838318
5,0.8291873335838318
6,0.8304421305656433
7,0.8304421305656433
8,0.8304421305656433
9,0.8304421305656433
10,0.8304421305656433
11,0.8304421305656433
12,0.8304421305656433
13,0.8304561376571655
14,0.8304561376571655
15,0.8304561376571655
16,0.8304561376571655
17,0.8332834839820862
18,0.8352372050285339
19,0.8352372050285339
20,0.8352372050285339
21,0.8352372050285339
22,0.8352372050285339
23,0.8369965553283691
24,0.8369965553283691
25,0.8369965553283691
26,0.8369965553283691
27,0.8369965553283691
28,0.8369965553283691
29,0.8504272699356079
30,0.8504272699356079
31,0.8504272699356079
32,0.8504272699356079
33,0.8504272699356079
34,0.8504272699356079
35,0.8504272699356079
36,0.8504272699356079
37,0.8504272699356079
38,0.8504272699356079
39,0.8504272699356079
40,0.8504272699356079
41,0.8504272699356079
42,0.8504272699356079
43,0.8504272699356079
44,0.8504272699356079
45,0.8504272699356079
46,0.8504272699356079
47,0.8504272699356079
48,0.8504272699356079
49,0.8504272699356079
50,0.8504272699356079
51,0.8504272699356079
52,0.8504272699356079
53,0.8504272699356079
54,0.8504272699356079
55,0.8504272699356079
56,0.8504272699356079
57,0.8504272699356079
58,0.8504272699356079
59,0.8504272699356079
60,0.8504272699356079
61,0.8504272699356079
62,0.8504272699356079
63,0.8504272699356079
64,0.8504272699356079
65,0.8504272699356079
66,0.8504272699356079
67,0.8504272699356079
68,0.8504272699356079
69,0.8504272699356079
70,0.8504272699356079
71,0.8504272699356079
72,0.8504272699356079
73,0.8504272699356079
74,0.8504272699356079
75,0.8504272699356079
76,0.8504272699356079
77,0.8504272699356079
78,0.8504272699356079
79,0.8504272699356079
80,0.8504272699356079
