Generation, Fitness
0,0.7969491481781006
1,0.7969491481781006
2,0.7969491481781006
3,0.7969491481781006
4,0.7969491481781006
5,0.7969491481781006
6,0.7969491481781006
7,0.7969491481781006
8,0.7969491481781006
9,0.7969491481781006
10,0.7969491481781006
11,0.7969491481781006
12,0.7969491481781006
13,0.7969491481781006
14,0.7969491481781006
15,0.7969491481781006
16,0.8062202334403992
17,0.8062202334403992
18,0.8062202334403992
19,0.8062202334403992
20,0.8062202334403992
21,0.8062202334403992
22,0.8062202334403992
23,0.8062202334403992
24,0.8062202334403992
25,0.8062202334403992
26,0.8062202334403992
27,0.8062202334403992
28,0.8062202334403992
29,0.8062202334403992
30,0.8062202334403992
31,0.8062202334403992
32,0.8062202334403992
33,0.8062202334403992
34,0.8062202334403992
35,0.8062202334403992
36,0.8062202334403992
37,0.8062202334403992
38,0.8062202334403992
39,0.8062202334403992
40,0.8062202334403992
41,0.8062202334403992
42,0.8062202334403992
43,0.8062202334403992
44,0.8062202334403992
45,0.8062202334403992
46,0.8062202334403992
47,0.8062202334403992
48,0.8062202334403992
49,0.8062202334403992
50,0.8062202334403992
51,0.8062202334403992
52,0.8062202334403992
53,0.8062202334403992
54,0.8064917922019958
55,0.8064917922019958
56,0.8064917922019958
57,0.8064917922019958
58,0.8064917922019958
59,0.8064917922019958
60,0.8064917922019958
61,0.8064917922019958
62,0.8064917922019958
63,0.8064917922019958
64,0.8064917922019958
65,0.8064917922019958
66,0.8064917922019958
67,0.8064917922019958
68,0.8064917922019958
69,0.8064917922019958
70,0.8064917922019958
71,0.8064917922019958
72,0.8064917922019958
73,0.8064917922019958
74,0.8064917922019958
75,0.8064917922019958
76,0.8064917922019958
77,0.8064917922019958
78,0.8064917922019958
79,0.8064917922019958
80,0.8064917922019958
81,0.8064917922019958
82,0.8064917922019958
83,0.8064917922019958
84,0.8064917922019958
85,0.8064917922019958
86,0.8064917922019958
87,0.8064917922019958
88,0.8064917922019958
89,0.8064917922019958
90,0.8064917922019958
91,0.8064917922019958
92,0.8064917922019958
93,0.8064917922019958
94,0.8064917922019958
95,0.8064917922019958
96,0.8064917922019958
97,0.8064917922019958
98,0.8064917922019958
99,0.8064917922019958
100,0.8064917922019958
101,0.8064917922019958
102,0.8064917922019958
103,0.8064917922019958
104,0.8064917922019958
105,0.8064917922019958
