Generation, Fitness
0,0.7845507860183716
1,0.7845507860183716
2,0.7845507860183716
3,0.7845507860183716
4,0.7845507860183716
5,0.7845507860183716
6,0.7874817252159119
7,0.7874817252159119
8,0.7874817252159119
9,0.7874817252159119
10,0.7874817252159119
11,0.7874817252159119
12,0.7874817252159119
13,0.7874817252159119
14,0.7874817252159119
15,0.7874817252159119
16,0.7874817252159119
17,0.7874817252159119
18,0.7874817252159119
19,0.7874817252159119
20,0.7874817252159119
21,0.7885910272598267
22,0.7885910272598267
23,0.7885910272598267
24,0.7885910272598267
25,0.7885910272598267
26,0.7885910272598267
27,0.7885910272598267
28,0.7885910272598267
29,0.8041318655014038
30,0.8041318655014038
31,0.8041318655014038
32,0.8041318655014038
33,0.8041318655014038
34,0.8041318655014038
35,0.8041318655014038
36,0.8041318655014038
37,0.8041318655014038
38,0.8041318655014038
39,0.8041318655014038
40,0.8041318655014038
41,0.8041318655014038
42,0.8041318655014038
43,0.8041318655014038
44,0.8041318655014038
45,0.8041318655014038
46,0.8041318655014038
47,0.8041318655014038
48,0.8041318655014038
49,0.8041318655014038
50,0.8041318655014038
51,0.8041318655014038
52,0.8041318655014038
53,0.8041318655014038
54,0.8041318655014038
55,0.8041318655014038
56,0.8041318655014038
57,0.8041318655014038
58,0.8041318655014038
59,0.8041318655014038
60,0.8041318655014038
61,0.8041318655014038
62,0.8041318655014038
63,0.8041318655014038
64,0.8041318655014038
65,0.8041318655014038
66,0.8041318655014038
67,0.8041318655014038
68,0.8041318655014038
69,0.8041318655014038
70,0.8041318655014038
71,0.8041318655014038
72,0.8041318655014038
73,0.8041318655014038
74,0.8041318655014038
75,0.8041318655014038
76,0.8041318655014038
77,0.8041318655014038
78,0.8041318655014038
79,0.8041318655014038
80,0.8041318655014038
