AUROC,AUPRC
0.17225952631578945,0.05345394736842105,
=average(A2:A2),=average(B2:B2),=average(C2:C2)
