Train AUROC,Validation AUROC,Test AUROC,Train AUPRC,Validation AUPRC,Test AUPRC, Execution Time
0.9231475263157894,0.8154267368421052,0.7665158947368421,0.6153692631578949,0.36846700000000004,0.34360221052631584,
0.9682104736842105,0.7606577368421054,0.6983673684210526,0.7640206315789474,0.3229855263157895,0.2828873157894738,
0.9560167368421053,0.7975900526315789,0.686356052631579,0.7452381578947369,0.3897151578947368,0.3183687894736843,
0.9633925263157893,0.8186745789473684,0.784970157894737,0.6940442105263158,0.33384821052631575,0.3563825789473684,
0.8862340526315788,0.8072975789473683,0.7844897368421052,0.43427078947368425,0.29558642105263155,0.2532034210526316,
=average(A2:A6),=average(B2:B6),=average(C2:C6),=average(D2:D6),=average(E2:E6),=average(F2:F6),=average(G2:G6)
