AUROC,AUPRC,Executio Time
0.7665158947368421,0.34360221052631584,
0.6983673684210526,0.2828873157894738,
0.686356052631579,0.3183687894736843,
0.784970157894737,0.3563825789473684,
0.7844897368421052,0.2532034210526316,
=average(A2:A6),=average(B2:B6),=average(C2:C6),=average(D2:D6)
