Train AUROC, Train AUPRC, Test AUROC, Test AUPRC, Execution Time
0.9999941052631578,0.9999706842105263,0.8754591578947369,0.6189166315789474
1.0,1.0,0.6526028947368422,0.14305931578947367
0.9999863157894736,0.9998553684210526,0.5916333684210526,0.12938626315789473
0.9999982105263158,0.9999876315789473,0.6614494210526316,0.2129157368421053
1.0,1.0,0.6160883157894738,0.16324763157894734
1.0,1.0,0.654904157894737,0.16698847368421052
1.0,1.0,0.5744765789473686,0.11201694736842106
1.0,1.0,0.6844958947368421,0.18612584210526315
1.0,1.0,0.6886894736842106,0.1725522631578947
1.0,1.0,0.6505052631578948,0.14706536842105267
1.0,1.0,0.658087,0.17257715789473685
1.0,1.0,0.6014086315789475,0.14709284210526313
1.0,1.0,0.6431228421052633,0.11700921052631583
1.0,1.0,0.690493,0.1474765263157895
1.0,1.0,0.6758105789473684,0.21314526315789478
1.0,1.0,0.6084343157894738,0.14733489473684208
1.0,1.0,0.6311180000000001,0.14026263157894736
1.0,1.0,0.6630236842105264,0.15313205263157895
1.0,1.0,0.6408214736842105,0.1561733157894737
1.0,1.0,0.6201041578947367,0.16220915789473683
1.0,1.0,0.6139688421052633,0.12443278947368423
