Train AUROC, Train AUPRC, Test AUROC, Test AUPRC, Execution Time
0.9999845263157895,0.9998923684210524,0.9015816315789474,0.5984656842105265
0.9999881578947368,0.999893157894737,0.9133713157894738,0.6050374736842106
0.9999941052631578,0.9999695263157896,0.7111075263157894,0.2657182105263158
0.9999982105263158,0.9999876315789473,0.7265645789473684,0.22269442105263154
0.9999970526315789,0.9999850000000001,0.9005686315789475,0.6073046842105264
1.0,1.0,0.6204362631578948,0.16538263157894736
1.0,1.0,0.6380886315789474,0.13326384210526315
0.9999822631578948,0.9998130526315788,0.6790304210526316,0.20757126315789476
1.0,1.0,0.6761665263157894,0.16003936842105265
0.9999982105263158,0.9999876315789473,0.7114855789473685,0.15164494736842107
1.0,1.0,0.6581691052631579,0.16451705263157895
0.9999934210526316,0.9998004736842105,0.6339958947368421,0.1366415263157895
1.0,1.0,0.650265105263158,0.2131091578947368
0.999995947368421,0.9999667894736843,0.6434670000000001,0.15622073684210527
1.0,1.0,0.636967789473684,0.12681368421052633
1.0,1.0,0.617963052631579,0.14912784210526314
0.9999974210526316,0.9999718421052632,0.9181632105263159,0.5637386842105263
1.0,1.0,0.6163321052631578,0.16729778947368423
1.0,1.0,0.6119330526315788,0.13003794736842106
