Train AUROC, Train AUPRC, Test AUROC, Test AUPRC, Execution Time
1.0,1.0,0.8966682105263157,0.5236759473684209
1.0,1.0,0.8646060526315791,0.5931150000000001
0.9999851052631579,0.9997993157894737,0.8882195789473685,0.5862164736842106
0.9999974210526316,0.9999718421052632,0.6266429473684211,0.1309705789473684
1.0,1.0,0.6748026315789474,0.13205457894736844
1.0,1.0,0.6346800526315789,0.15899973684210525
1.0,1.0,0.6375615789473685,0.17122310526315787
1.0,1.0,0.5957796315789473,0.13315373684210527
1.0,1.0,0.6352828947368421,0.1894151578947368
1.0,1.0,0.6141679473684211,0.11364726315789475
1.0,1.0,0.5724483157894736,0.10815294736842104
1.0,1.0,0.6615788421052632,0.18668463157894735
1.0,1.0,0.657961105263158,0.15874326315789475
1.0,1.0,0.6400219473684211,0.13119978947368421
1.0,1.0,0.6898689473684211,0.2368295789473684
1.0,1.0,0.6005787368421052,0.14203263157894738
1.0,1.0,0.626417947368421,0.1848302105263158
1.0,1.0,0.7163077368421052,0.24779431578947367
1.0,1.0,0.7518028421052632,0.17369794736842106
1.0,1.0,0.6389333157894738,0.14240226315789473
0.9999982105263158,0.9999876315789473,0.6330225789473684,0.09493247368421051
0.9999941052631578,0.9999690526315789,0.8750346315789472,0.5193197368421053
1.0,1.0,0.6298524736842105,0.15910594736842104
1.0,1.0,0.6290132631578949,0.1499026842105263
1.0,1.0,0.669264894736842,0.17972210526315788
1.0,1.0,0.6011310000000001,0.14821663157894738
