AUROC,AUPRC,Executio Time
0.8953260526315789,0.5910186842105264,
0.8953260526315789,0.5910186842105264,
0.8953260526315789,0.5910186842105264,
0.8953260526315789,0.5910186842105264,
0.8953260526315789,0.5910186842105264,
=average(A2:A6),=average(B2:B6),=average(C2:C6),=average(D2:D6)
