MAE,MSE,RMSE
27.15304285714286,2497.6479499999996,36.93842142857143
