MAE,MSE,RMSE,Execution Time
0.7999571428571429,1.2707357142857145,1.0979642857142855,
=average(A2:A2),=average(B2:B2),=average(C2:C2),=average(D2:D2)
