Generation, Fitness
0,0.827543318271637
1,0.827543318271637
2,0.827543318271637
3,0.827543318271637
4,0.827543318271637
5,0.827543318271637
6,0.827543318271637
7,0.827543318271637
8,0.827543318271637
9,0.827543318271637
10,0.827543318271637
11,0.827543318271637
12,0.827543318271637
13,0.827543318271637
14,0.827543318271637
15,0.827543318271637
16,0.827543318271637
17,0.827543318271637
18,0.827543318271637
19,0.827543318271637
20,0.827543318271637
21,0.827543318271637
