AUROC,AUPRC
0.42997821428571437,0.30732299999999996,
=average(A2:A2),=average(B2:B2),=average(C2:C2)
