AUROC,AUPRC,Executio Time
0.6247290714285716,0.43223671428571425,
0.6100592857142858,0.4023820000000001,
0.6243402142857141,0.41999099999999995,
0.5832701428571428,0.39571428571428563,
0.6192440714285715,0.4006215714285714,
=average(A2:A6),=average(B2:B6),=average(C2:C6),=average(D2:D6)
