AUROC,AUPRC,Executio Time
0.6222954285714285,0.40351499999999996,
0.5946739285714285,0.3973945,
0.6124956428571429,0.40696950000000004,
0.639632,0.429123,
0.6079906428571428,0.40774607142857144,
=average(A2:A6),=average(B2:B6),=average(C2:C6),=average(D2:D6)
