MAE,MSE,RMSE
367.38182499999994,2740869.254675,1079.3530625
