Generation, Fitness
0,0.6360296607017517
1,0.6360296607017517
2,0.6383374929428101
3,0.6484790444374084
4,0.6484790444374084
5,0.6484790444374084
6,0.6484790444374084
7,0.6484790444374084
8,0.6484790444374084
9,0.6484790444374084
10,0.6484790444374084
11,0.6484790444374084
12,0.6484790444374084
13,0.6484790444374084
14,0.6484790444374084
15,0.6484790444374084
16,0.6484790444374084
17,0.6484790444374084
18,0.6484790444374084
19,0.6484790444374084
20,0.6484790444374084
21,0.6484790444374084
22,0.6484790444374084
23,0.6484790444374084
24,0.6484790444374084
25,0.6484790444374084
26,0.6484790444374084
27,0.6484790444374084
28,0.6484790444374084
29,0.6484790444374084
30,0.6484790444374084
31,0.6484790444374084
32,0.6484790444374084
33,0.6484790444374084
34,0.6484790444374084
35,0.6484790444374084
36,0.6484790444374084
37,0.6484790444374084
38,0.6484790444374084
39,0.6484790444374084
40,0.6484790444374084
41,0.6484790444374084
42,0.6484790444374084
43,0.6484790444374084
44,0.6484790444374084
45,0.6484790444374084
46,0.6484790444374084
47,0.6484790444374084
48,0.6484790444374084
49,0.6484790444374084
50,0.6484790444374084
51,0.6484790444374084
52,0.6484790444374084
53,0.6484790444374084
54,0.6484790444374084
