AUROC,AUPRC,Executio Time
0.5852645714285715,0.3876761428571429,
0.6020799285714286,0.41876185714285713,
0.577226857142857,0.36834192857142856,
0.5981871428571429,0.39962307142857145,
0.5808935714285715,0.37615935714285725,
=average(A2:A6),=average(B2:B6),=average(C2:C6),=average(D2:D6)
