Generation, Fitness
0,0.7845507860183716
1,0.7941262125968933
2,0.8211674690246582
3,0.8211674690246582
4,0.8211674690246582
5,0.8211674690246582
6,0.8211674690246582
7,0.8211674690246582
8,0.8211674690246582
9,0.8211674690246582
10,0.8211674690246582
11,0.8211674690246582
12,0.8211674690246582
13,0.8211674690246582
14,0.8211674690246582
15,0.8211674690246582
16,0.8393905758857727
17,0.8393905758857727
18,0.8393905758857727
19,0.8393905758857727
20,0.8393905758857727
21,0.8393905758857727
22,0.8393905758857727
23,0.8393905758857727
24,0.8393905758857727
25,0.8393905758857727
26,0.8393905758857727
27,0.8393905758857727
28,0.8393905758857727
29,0.8393905758857727
30,0.8393905758857727
31,0.8393905758857727
32,0.8393905758857727
33,0.8393905758857727
34,0.8393905758857727
35,0.8393905758857727
36,0.8393905758857727
37,0.8393905758857727
38,0.8393905758857727
39,0.8393905758857727
40,0.8393905758857727
41,0.8393905758857727
42,0.8393905758857727
43,0.8393905758857727
44,0.8393905758857727
45,0.8393905758857727
46,0.8393905758857727
47,0.8393905758857727
