Generation, Fitness
0,0.7992023825645447
1,0.7992023825645447
2,0.8021259903907776
3,0.8021259903907776
4,0.8021259903907776
5,0.8021259903907776
6,0.8021259903907776
7,0.8021259903907776
8,0.8021259903907776
9,0.8021259903907776
10,0.8181867599487305
11,0.8181867599487305
12,0.8181867599487305
13,0.8181867599487305
14,0.8181867599487305
15,0.8181867599487305
16,0.8181867599487305
17,0.8181867599487305
18,0.8181867599487305
19,0.8181867599487305
20,0.8181867599487305
21,0.8181867599487305
22,0.8181867599487305
23,0.8181867599487305
24,0.8181867599487305
25,0.8181867599487305
26,0.8181867599487305
27,0.8181867599487305
28,0.8181867599487305
29,0.8181867599487305
30,0.8181867599487305
31,0.8181867599487305
32,0.8181867599487305
33,0.8181867599487305
34,0.8181867599487305
35,0.8181867599487305
36,0.8181867599487305
37,0.8181867599487305
38,0.8181867599487305
39,0.8181867599487305
40,0.8181867599487305
41,0.8181867599487305
