Generation, Fitness
0,0.7845507860183716
1,0.7845507860183716
2,0.796845018863678
3,0.796845018863678
4,0.796845018863678
5,0.796845018863678
6,0.796845018863678
7,0.796845018863678
8,0.796845018863678
9,0.796845018863678
10,0.796845018863678
11,0.796845018863678
12,0.796845018863678
13,0.796845018863678
14,0.796845018863678
15,0.796845018863678
16,0.796845018863678
17,0.796845018863678
18,0.796845018863678
19,0.796845018863678
20,0.796845018863678
21,0.796845018863678
22,0.796845018863678
23,0.796845018863678
24,0.796845018863678
25,0.796845018863678
26,0.796845018863678
27,0.796845018863678
28,0.796845018863678
29,0.796845018863678
30,0.796845018863678
31,0.796845018863678
32,0.796845018863678
33,0.796845018863678
