AUROC,AUPRC,Executio Time
0.8092205789473684,0.36679,
0.8267211052631579,0.3769709473684211,
0.8393905789473683,0.24068715789473685,
0.8181867368421053,0.4264927894736842,
0.7968450000000001,0.31133931578947377,
=average(A2:A6),=average(B2:B6),=average(C2:C6),=average(D2:D6)
