MAE,MSE,RMSE,Execution Time
385.98795624999997,974676.4480631251,660.371738125,96.3
