Generation, Fitness
0,9812.98553125
1,9815.04643125
2,9815.04643125
3,9815.04643125
4,9815.04643125
5,9815.04643125
6,9815.04643125
7,9815.04643125
8,9815.04643125
9,9819.269125
10,9819.269125
11,9819.269125
12,9819.269125
13,9819.269125
14,9819.269125
15,9819.269125
16,9819.269125
17,9819.269125
18,9819.269125
19,9819.269125
20,9819.269125
21,9819.269125
22,9819.269125
23,9819.269125
24,9819.269125
25,9819.269125
26,9819.269125
27,9819.269125
28,9819.269125
29,9819.269125
30,9819.269125
31,9819.269125
32,9819.269125
33,9819.269125
34,9819.269125
35,9819.269125
36,9819.269125
37,9819.269125
38,9819.269125
39,9819.269125
40,9819.269125
