Generation, Fitness
0,9811.8170125
1,9813.7913
2,9814.472025
3,9814.472025
4,9814.472025
5,9815.6561875
6,9816.276825
7,9816.276825
8,9816.276825
9,9816.276825
10,9816.276825
11,9816.276825
12,9816.276825
13,9816.5120125
14,9816.5120125
15,9816.5120125
16,9816.5120125
17,9816.5120125
18,9816.5120125
19,9816.5120125
20,9816.5120125
21,9816.5120125
22,9816.5120125
23,9816.5120125
24,9816.5120125
25,9816.5120125
26,9816.5120125
27,9816.5120125
28,9816.5120125
29,9816.5120125
30,9816.5120125
31,9816.5120125
32,9816.5120125
33,9816.5120125
34,9817.75081875
35,9817.75081875
36,9817.75081875
37,9817.75081875
38,9817.75081875
39,9817.75081875
40,9819.0844875
41,9819.9827875
42,9819.9827875
43,9819.9827875
44,9819.9827875
45,9819.9827875
46,9819.9827875
47,9819.9827875
48,9819.9827875
49,9819.9827875
50,9819.9827875
51,9819.9827875
52,9819.9827875
53,9819.9827875
54,9820.43844375
55,9820.43844375
56,9820.43844375
57,9820.43844375
58,9820.43844375
59,9820.43844375
60,9820.43844375
61,9820.43844375
62,9820.43844375
63,9820.43844375
64,9822.0923625
65,9822.0923625
66,9822.0923625
67,9822.0923625
68,9822.0923625
69,9822.0923625
70,9822.0923625
71,9822.4855375
72,9822.4855375
73,9822.4855375
74,9822.4855375
75,9822.4855375
76,9822.4855375
77,9822.4855375
78,9822.4855375
79,9822.4855375
80,9822.4855375
81,9822.4855375
82,9822.4855375
83,9822.4855375
84,9822.4855375
85,9822.4855375
86,9822.87086875
87,9822.87086875
88,9822.87086875
89,9822.87086875
90,9822.87086875
91,9822.87086875
92,9822.87086875
93,9822.87086875
94,9822.87086875
95,9822.87086875
96,9822.87086875
97,9822.87086875
98,9822.87086875
99,9822.87086875
100,9822.87086875
101,9822.87086875
102,9822.87086875
103,9822.87086875
104,9822.87086875
105,9822.87086875
106,9822.87086875
107,9822.87086875
108,9822.87086875
109,9822.87086875
110,9822.87086875
111,9822.87086875
112,9822.87086875
113,9822.87086875
114,9822.87086875
115,9822.87086875
116,9822.87086875
117,9822.87086875
