Train MAE,Validation MAE,Test MAE,Train MSE,Validation MSE,Test MSE,Train RMSE,Validation RMSE,Test RMSE,Execution Time
208.59456250000002,281.8259625,225.9204125,497851.998425,738765.64564375,359049.0243875001,482.3132187499999,627.4558562500001,403.50055,
204.06704375,381.8147875000001,180.730875,544407.1655,2031030.5596687503,117594.94143125,489.126125,1049.0643499999999,289.5218625,
190.679725,378.18196875000007,180.5576875,520718.57819375,2096781.8835937497,117887.34723749998,458.238025,1011.480575,292.26208125,
168.81995625000005,364.38193125000004,175.49454375,501924.29348125006,2042454.2948187501,112070.31020625003,436.74848125000005,992.1437687499999,280.498475,
198.1029,367.8743062500001,177.12913125,535616.7989749999,1979416.7227249998,92737.87948125001,465.93623750000006,950.8371124999999,260.77266875,
=average(A2:A6),=average(B2:B6),=average(C2:C6),=average(D2:D6),=average(E2:E6),=average(F2:F6),=average(G2:G6)
