Train MAE,Validation MAE,Test MAE,Train MSE,Validation MSE,Test MSE,Train RMSE,Validation RMSE,Test RMSE
0.9910675925925927,0.8611111111111112,0.8700897777777777,0.823724888888889,0.7328844444444444,0.7410171481481482,
0.9910675925925927,0.8611111111111112,0.8700897777777777,0.823724888888889,0.7328844444444444,0.7410171481481482,
0.9910675925925927,0.8611111111111112,0.8700897777777777,0.823724888888889,0.7328844444444444,0.7410171481481482,
0.9910675925925927,0.8611111111111112,0.8700897777777777,0.823724888888889,0.7328844444444444,0.7410171481481482,
0.9910675925925927,0.8611111111111112,0.8700897777777777,0.823724888888889,0.7328844444444444,0.7410171481481482,
=average(A2:A6),=average(B2:B6),=average(C2:C6),=average(D2:D6),=average(E2:E6),=average(F2:F6)
