MAE,MSE,RMSE,Execution Time
0.7279249999999999,5.4272124999999996,1.9139000000000002,
0.7012499999999999,3.9405375,1.7994125,
0.7012499999999999,3.9405375,1.7994125,
0.7012499999999999,3.9405375,1.7994125,
0.7012499999999999,3.9405375,1.7994125,
=average(A2:A6),=average(B2:B6),=average(C2:C6),=average(D2:D6)
