MAE,MSE,RMSE,Execution Time
0.364125,0.5793625,0.6844875,
0.364125,0.5793625,0.6844875,
0.364125,0.5793625,0.6844875,
0.364125,0.5793625,0.6844875,
0.364125,0.5793625,0.6844875,
=average(A2:A6),=average(B2:B6),=average(C2:C6),=average(D2:D6)
