AUROC,AUPRC,Executio Time
0.8993838421052631,0.5691186842105264,
0.9019924210526316,0.6359843157894737,
0.9284776842105262,0.6043496842105264,
0.9073155789473685,0.6694602631578945,
0.9146161578947369,0.6474709473684211,
=average(A2:A6),=average(B2:B6),=average(C2:C6),=average(D2:D6)
