MAE,MSE,RMSE,Execution Time
163.57934375000002,77251.83191249998,239.71193749999998,
=average(A2:A2),=average(B2:B2),=average(C2:C2),=average(D2:D2)
