MAE,MSE,RMSE,Execution Time
0.7708362500000001,5.938396249999999,2.01917875,461.4
