Generation, Fitness
0,0.7459629774093628
1,0.7459629774093628
2,0.7459629774093628
3,0.7459629774093628
4,0.7459629774093628
5,0.7459629774093628
6,0.7459629774093628
7,0.7459629774093628
8,0.7459629774093628
9,0.7459629774093628
10,0.7459629774093628
11,0.7459629774093628
