Train AUROC, Train AUPRC, Test AUROC, Test AUPRC, Execution Time
0.9999736666666666,0.9999318333333335,0.8400374999999999,0.708647
0.9999854999999999,0.9999653333333334,0.8594065,0.7231793333333334
0.9999344999999998,0.9998453333333334,0.8629025,0.7437116666666667
0.9999496666666667,0.9998853333333333,0.5234501666666667,0.39326333333333335
0.9999778333333335,0.9999446666666668,0.856229,0.7276025
0.9999928333333333,0.999983,0.8607436666666666,0.7204328333333333
0.999991,0.9999785,0.3413903333333333,0.31300516666666667
0.9999873333333333,0.9999696666666665,0.5252119999999999,0.41716116666666664
0.9999311666666667,0.9998331666666666,0.5332423333333334,0.40918383333333336
0.9999675,0.9999226666666666,0.5237803333333334,0.3666289999999999
0.9999873333333333,0.9999696666666665,0.691465,0.5112070000000001
0.9999933333333333,0.9999871666666668,0.6013253333333334,0.46722816666666667
0.9999928333333333,0.999984,0.8576751666666667,0.712301
0.9999908333333334,0.9999785,0.4352431666666667,0.3326791666666667
1.0,1.0,0.5603118333333333,0.3952718333333333
0.9999891666666666,0.9999745,0.3989806666666666,0.321049
0.9999855000000001,0.9999656666666666,0.4744553333333334,0.3744603333333334
1.0,1.0,0.548727,0.3993643333333334
0.9999896666666667,0.999978,0.8468293333333334,0.7227631666666667
0.999924,0.9998233333333334,0.35592833333333335,0.31469766666666665
0.9999891666666666,0.9999743333333333,0.4177573333333333,0.33968783333333336
0.9999963333333334,0.9999913333333333,0.42931583333333334,0.3293178333333333
0.999953,0.9998908333333333,0.5073848333333333,0.3739495
0.9999185,0.9998083333333333,0.5486771666666667,0.4025746666666667
0.9999401666666666,0.999856,0.4751541666666667,0.35207650000000007
0.9999664999999999,0.9999145,0.6000516666666668,0.4644460000000001
0.9999926666666666,0.9999826666666666,0.5154761666666666,0.3782661666666667
0.9999528333333334,0.9998918333333333,0.5131015,0.38479083333333336
0.9999546666666667,0.9998878333333333,0.4385318333333333,0.3296785
0.9999891666666666,0.9999739999999999,0.4281154999999999,0.334786
1.0,1.0,0.4066663333333333,0.323372
