Train AUROC, Train AUPRC, Test AUROC, Test AUPRC, Execution Time
0.9999963333333334,0.9999913333333333,0.8500723333333333,0.7026331666666668
0.9999846666666666,0.9999583333333334,0.8523415,0.7023765000000001
0.9999855000000001,0.9999651666666667,0.473951,0.38828016666666665
1.0,1.0,0.47198333333333325,0.40618383333333324
0.999996,0.9999883333333334,0.8609265,0.7285083333333334
0.9999713333333333,0.9999349999999999,0.8532963333333333,0.7258884999999999
0.9999593333333333,0.999898,0.8397961666666668,0.6878116666666667
0.9999856666666668,0.999966,0.41779916666666655,0.32438949999999994
0.9999821666666667,0.9999598333333334,0.8303436666666667,0.7062311666666666
1.0,1.0,0.8482044999999999,0.7255604999999999
0.9999783333333333,0.9999501666666667,0.4637708333333334,0.3597238333333334
0.9999928333333333,0.999983,0.8568983333333332,0.7166575000000001
0.9999495,0.9998838333333334,0.4395238333333334,0.34143683333333336
0.999942,0.9998626666666667,0.5115963333333333,0.39021766666666674
0.9999854999999999,0.9999653333333334,0.6408621666666666,0.4893473333333333
0.9999733333333333,0.9999414999999999,0.8483908333333335,0.7177741666666667
1.0,1.0,0.37931183333333335,0.3149935
1.0,1.0,0.6002106666666668,0.43779216666666665
1.0,1.0,0.37335599999999997,0.308957
0.9999646666666666,0.9999113333333334,0.7399705,0.5459726666666667
1.0,1.0,0.4884255,0.3831775
0.9999848333333334,0.9999595,0.4806411666666666,0.3949696666666667
0.9999456666666667,0.9998726666666666,0.45125383333333335,0.343957
0.9999928333333333,0.999983,0.63776,0.49580950000000007
0.9999963333333334,0.9999913333333333,0.4619043333333333,0.34120533333333336
0.999971,0.9999316666666666,0.4828625,0.37091199999999996
0.9999626666666667,0.999917,0.8579748333333334,0.725428
0.9999963333333334,0.9999906666666667,0.41937716666666663,0.3308831666666667
0.9999856666666668,0.9999653333333334,0.4201115,0.3215291666666666
0.9999785000000001,0.9999483333333332,0.5806053333333333,0.4173275000000001
0.9999456666666667,0.9998746666666666,0.412298,0.3232618333333333
0.9999801666666667,0.9999533333333334,0.4997546666666666,0.38829783333333334
0.9999165,0.9998045000000001,0.3998961666666667,0.3228296666666666
