Train AUROC,Validation AUROC,Test AUROC,Train AUPRC,Validation AUPRC,Test AUPRC, Execution Time
0.9999231666666667,0.854229,0.8649551666666667,0.9998128333333334,0.7182808333333334,0.7468306666666668,
0.9999231666666667,0.854229,0.8649551666666667,0.9998128333333334,0.7182808333333334,0.7468306666666668,
0.9999231666666667,0.854229,0.8649551666666667,0.9998128333333334,0.7182808333333334,0.7468306666666668,
0.9999231666666667,0.854229,0.8649551666666667,0.9998128333333334,0.7182808333333334,0.7468306666666668,
0.9999231666666667,0.854229,0.8649551666666667,0.9998128333333334,0.7182808333333334,0.7468306666666668,
=average(A2:A6),=average(B2:B6),=average(C2:C6),=average(D2:D6),=average(E2:E6),=average(F2:F6),=average(G2:G6)
