Generation, Fitness
0,0.5866411924362183
1,0.5866411924362183
2,0.600463330745697
3,0.600463330745697
4,0.600463330745697
5,0.600463330745697
6,0.600463330745697
7,0.600463330745697
8,0.600463330745697
9,0.600463330745697
10,0.600463330745697
11,0.600463330745697
12,0.600463330745697
13,0.600463330745697
