Generation, Fitness
0,0.5866411924362183
1,0.5866411924362183
2,0.5866411924362183
3,0.5866411924362183
4,0.5866411924362183
5,0.5866411924362183
6,0.5866411924362183
7,0.5984762907028198
8,0.5984762907028198
9,0.5984762907028198
10,0.5984762907028198
11,0.5984762907028198
12,0.5984762907028198
13,0.5984762907028198
14,0.5984762907028198
15,0.5984762907028198
16,0.5984762907028198
17,0.5984762907028198
18,0.5984762907028198
