Generation, Fitness
0,0.5866411924362183
1,0.5866411924362183
2,0.5866411924362183
3,0.5866411924362183
4,0.5866411924362183
5,0.5866411924362183
6,0.5866411924362183
7,0.5866411924362183
8,0.5866411924362183
9,0.5866411924362183
10,0.5866411924362183
11,0.5866411924362183
