AUROC,AUPRC,Execution Time
0.7795911885714285,0.7597293257142856,0.1
