MAE,MSE,RMSE,Execution Time
0.41187500000000005,1.87740625,1.14051625,435.7
