MAE,MSE,RMSE,Execution Time
382.0295825,907066.0996800002,641.5146124999999,106.2
