Train AUROC, Train AUPRC, Test AUROC, Test AUPRC, Execution Time
0.9999631666666667,0.9999061666666668,0.857409,0.7558565
0.9999863333333333,0.9999709999999999,0.8587426666666667,0.7542654999999999
0.9999653333333333,0.999912,0.6591901666666667,0.49968016666666665
0.9999893333333333,0.9999743333333333,0.8652206666666666,0.7731228333333334
0.9999243333333333,0.9998005000000001,0.837237,0.7187055
0.9999555000000001,0.999907,0.6554668333333333,0.5600048333333333
0.9999856666666668,0.9999663333333334,0.4524751666666667,0.32643500000000003
0.999985,0.9999601666666668,0.863884,0.78082
0.9999928333333333,0.999983,0.40271833333333346,0.3555553333333334
0.9999601666666668,0.9998998333333332,0.6614553333333334,0.48963549999999995
0.9999435000000001,0.9998965000000001,0.8531849999999999,0.7280451666666666
0.9999606666666666,0.9999046666666667,0.4828748333333333,0.34818333333333334
0.9999856666666668,0.999965,0.48672800000000005,0.352424
0.9999821666666667,0.9999569999999999,0.3877136666666667,0.3128298333333333
0.9999856666666668,0.9999653333333334,0.38599183333333337,0.3100505
0.9999893333333333,0.9999743333333333,0.4140165,0.3440435
0.9999853333333334,0.9999626666666667,0.5070546666666668,0.3543678333333333
0.9999965,0.9999913333333333,0.4300071666666667,0.3121375
0.9999750000000001,0.9999395,0.3624526666666667,0.2958943333333333
0.9999826666666666,0.999962,0.5748411666666667,0.43174816666666666
0.9999896666666667,0.999978,0.8672928333333334,0.7602131666666666
0.9999786666666667,0.9999485,0.38000616666666676,0.304495
0.9999928333333333,0.9999826666666666,0.5369969999999998,0.40613916666666666
0.9999856666666668,0.9999656666666666,0.450634,0.3552575
0.9999486666666666,0.9998891666666667,0.8557156666666668,0.7332668333333333
1.0,1.0,0.45740699999999995,0.3571324999999999
1.0,1.0,0.43387250000000005,0.3438965
