Train AUROC, Train AUPRC, Test AUROC, Test AUPRC, Execution Time
0.9999826666666668,0.9999616666666666,0.8665390000000001,0.7626766666666667
0.9999886666666665,0.9999681666666667,0.5073731666666667,0.4067071666666666
0.9999828333333332,0.999963,0.6463328333333334,0.5225928333333333
0.9999723333333334,0.9999396666666667,0.8780733333333335,0.7744396666666665
1.0,1.0,0.8607714999999999,0.7473915
0.9999828333333333,0.9999628333333334,0.8609481666666666,0.7639201666666667
0.9999729999999999,0.9999351666666666,0.8579301666666668,0.756275
0.9999819999999998,0.9999568333333334,0.8465713333333333,0.7292271666666666
0.9999750000000001,0.9999399999999999,0.5095051666666667,0.4240925
1.0,1.0,0.5090995,0.36541033333333334
0.9999928333333333,0.9999826666666666,0.38582483333333334,0.29950733333333335
0.999996,0.9999883333333334,0.5506455,0.39548583333333337
0.9999965,0.9999913333333333,0.4490435,0.33448966666666663
0.9999856666666668,0.999966,0.40829583333333336,0.31568016666666665
0.999985,0.9999598333333334,0.5323753333333333,0.37735166666666675
0.9999926666666666,0.9999816666666667,0.8682571666666669,0.7608703333333334
0.9999678333333334,0.9999219999999999,0.3865071666666666,0.3137398333333334
0.9999891666666668,0.9999733333333333,0.4456963333333333,0.34775399999999995
0.9999488333333333,0.9998670000000001,0.8512656666666668,0.7381228333333333
1.0,1.0,0.46782166666666675,0.3594273333333334
1.0,1.0,0.44860750000000005,0.3187986666666666
0.9999856666666668,0.9999655000000001,0.5935618333333333,0.48134533333333335
0.9999965,0.9999913333333333,0.8548688333333333,0.7420266666666667
0.9999965,0.9999913333333333,0.5308431666666668,0.4233118333333333
