AUROC,AUPRC,Executio Time
0.86524,0.7690538333333334,
0.86524,0.7690538333333334,
0.86524,0.7690538333333334,
0.86524,0.7690538333333334,
0.86524,0.7690538333333334,
=average(A2:A6),=average(B2:B6),=average(C2:C6),=average(D2:D6)
