MAE,MSE,RMSE,Execution Time
0.7373749999999999,5.4094750000000005,1.9393375000000002,
=average(A2:A2),=average(B2:B2),=average(C2:C2),=average(D2:D2)
