Generation, Fitness
0,9999.135585714286
1,9999.135585714286
2,9999.135585714286
3,9999.135585714286
4,9999.135585714286
5,9999.135585714286
6,9999.135978571428
7,9999.140514285715
8,9999.144978571429
9,9999.144978571429
10,9999.144978571429
11,9999.149435714286
12,9999.149435714286
13,9999.149435714286
14,9999.149435714286
15,9999.149435714286
16,9999.149435714286
17,9999.149435714286
18,9999.149435714286
19,9999.149435714286
20,9999.149435714286
21,9999.149435714286
22,9999.149435714286
23,9999.149435714286
24,9999.149435714286
25,9999.149435714286
26,9999.149435714286
27,9999.149435714286
28,9999.149435714286
29,9999.149435714286
30,9999.149435714286
31,9999.149435714286
32,9999.149435714286
33,9999.149435714286
34,9999.149642857143
35,9999.149642857143
36,9999.149642857143
37,9999.149642857143
38,9999.149642857143
39,9999.151192857144
40,9999.151192857144
41,9999.151192857144
42,9999.151192857144
43,9999.151192857144
44,9999.151192857144
45,9999.151192857144
46,9999.151192857144
47,9999.151192857144
48,9999.151192857144
49,9999.151192857144
50,9999.151192857144
51,9999.151192857144
52,9999.151192857144
53,9999.151192857144
54,9999.151192857144
55,9999.151192857144
56,9999.151192857144
57,9999.151192857144
58,9999.151192857144
59,9999.151192857144
60,9999.151192857144
61,9999.151192857144
62,9999.151192857144
63,9999.151192857144
64,9999.151192857144
65,9999.151192857144
66,9999.151192857144
67,9999.151192857144
68,9999.151192857144
69,9999.151192857144
70,9999.151192857144
