Generation, Fitness
0,9999.136542857143
1,9999.136542857143
2,9999.139578571429
3,9999.139578571429
4,9999.139578571429
5,9999.13982857143
6,9999.13982857143
7,9999.13982857143
8,9999.146792857144
9,9999.146792857144
10,9999.148764285714
11,9999.148764285714
12,9999.148764285714
13,9999.148764285714
14,9999.148764285714
15,9999.148764285714
16,9999.148764285714
17,9999.148764285714
18,9999.148764285714
19,9999.148764285714
20,9999.148764285714
21,9999.148764285714
22,9999.148764285714
23,9999.148764285714
24,9999.148764285714
25,9999.148764285714
26,9999.148764285714
27,9999.148764285714
28,9999.151
29,9999.151
30,9999.151
31,9999.151
32,9999.151
33,9999.151
34,9999.151
35,9999.151
36,9999.151
37,9999.151
38,9999.151
39,9999.151
40,9999.151
41,9999.151
42,9999.151
43,9999.151
44,9999.151
45,9999.151
46,9999.151
47,9999.151
48,9999.151
49,9999.151
50,9999.151
51,9999.151
52,9999.153307142857
53,9999.153307142857
54,9999.153307142857
55,9999.153307142857
56,9999.153307142857
57,9999.153307142857
58,9999.153307142857
59,9999.153307142857
60,9999.153307142857
61,9999.153307142857
62,9999.153307142857
63,9999.153307142857
64,9999.153307142857
65,9999.153307142857
66,9999.153307142857
67,9999.153307142857
68,9999.153307142857
69,9999.153307142857
70,9999.153307142857
71,9999.153307142857
72,9999.153307142857
73,9999.153307142857
74,9999.153307142857
75,9999.153307142857
76,9999.153307142857
77,9999.153307142857
78,9999.153307142857
79,9999.153307142857
80,9999.153307142857
81,9999.153307142857
82,9999.153307142857
83,9999.153307142857
