Generation, Fitness
0,9999.164214285714
1,9999.164214285714
2,9999.164214285714
3,9999.165714285715
4,9999.167721428572
5,9999.167721428572
6,9999.167721428572
7,9999.167721428572
8,9999.167721428572
9,9999.167721428572
10,9999.167721428572
11,9999.167721428572
12,9999.167721428572
13,9999.167721428572
14,9999.170921428571
15,9999.170921428571
16,9999.170921428571
17,9999.170921428571
18,9999.170921428571
19,9999.171357142857
20,9999.171357142857
21,9999.171357142857
22,9999.171357142857
23,9999.171357142857
24,9999.171357142857
25,9999.171357142857
26,9999.171357142857
27,9999.171357142857
28,9999.171357142857
29,9999.171357142857
30,9999.171357142857
31,9999.171357142857
32,9999.171357142857
33,9999.171357142857
34,9999.171357142857
35,9999.172178571429
36,9999.172178571429
37,9999.172178571429
38,9999.17315
39,9999.17315
40,9999.17315
41,9999.17315
42,9999.17315
43,9999.17315
44,9999.17315
45,9999.17315
46,9999.17315
47,9999.173292857144
48,9999.173292857144
49,9999.173292857144
50,9999.173292857144
51,9999.173292857144
52,9999.173292857144
53,9999.173292857144
54,9999.173292857144
55,9999.173292857144
56,9999.173292857144
57,9999.173292857144
58,9999.173292857144
59,9999.173292857144
60,9999.173292857144
61,9999.173292857144
62,9999.173292857144
63,9999.173292857144
64,9999.173292857144
65,9999.173292857144
66,9999.173292857144
67,9999.173292857144
68,9999.173292857144
69,9999.173292857144
70,9999.173292857144
71,9999.173292857144
72,9999.173292857144
73,9999.173292857144
74,9999.173292857144
75,9999.173292857144
76,9999.173292857144
77,9999.173292857144
78,9999.173292857144
