Generation, Fitness
0,9999.136407142858
1,9999.136407142858
2,9999.136407142858
3,9999.136807142857
4,9999.136807142857
5,9999.144842857142
6,9999.144842857142
7,9999.144842857142
8,9999.145078571428
9,9999.145078571428
10,9999.145078571428
11,9999.145078571428
12,9999.145478571429
13,9999.145478571429
14,9999.145478571429
15,9999.145478571429
16,9999.145478571429
17,9999.145478571429
18,9999.145478571429
19,9999.145478571429
20,9999.145478571429
21,9999.145478571429
22,9999.146214285714
23,9999.146214285714
24,9999.146214285714
25,9999.146214285714
26,9999.146214285714
27,9999.146214285714
28,9999.146214285714
29,9999.146214285714
30,9999.146214285714
31,9999.146214285714
32,9999.146214285714
33,9999.148421428572
34,9999.148421428572
35,9999.148421428572
36,9999.148421428572
37,9999.148421428572
38,9999.148421428572
39,9999.148421428572
40,9999.148421428572
41,9999.148421428572
42,9999.148421428572
43,9999.148421428572
44,9999.148421428572
45,9999.148421428572
46,9999.148421428572
47,9999.148421428572
48,9999.148421428572
49,9999.148421428572
50,9999.148421428572
51,9999.148421428572
52,9999.148421428572
53,9999.148421428572
54,9999.148421428572
55,9999.148421428572
56,9999.148421428572
57,9999.148421428572
58,9999.148421428572
59,9999.151142857143
60,9999.151142857143
61,9999.151142857143
62,9999.151657142856
63,9999.151657142856
64,9999.151657142856
65,9999.151657142856
66,9999.151657142856
67,9999.151657142856
68,9999.151657142856
69,9999.151657142856
70,9999.151657142856
71,9999.151657142856
72,9999.151657142856
73,9999.151657142856
74,9999.151657142856
75,9999.151657142856
76,9999.151657142856
77,9999.151657142856
78,9999.151657142856
79,9999.151657142856
80,9999.151657142856
81,9999.151657142856
82,9999.151657142856
83,9999.151657142856
84,9999.151657142856
85,9999.151657142856
86,9999.151657142856
87,9999.151657142856
88,9999.151657142856
89,9999.151657142856
90,9999.151657142856
91,9999.151657142856
92,9999.151657142856
93,9999.151657142856
