Train MAE,Validation MAE,Test MAE,Train MSE,Validation MSE,Test MSE,Train RMSE,Validation RMSE,Test RMSE,Execution Time
0.7941857142857142,0.8267071428571428,0.8897285714285715,1.2881357142857142,1.403242857142857,1.6328642857142857,1.102307142857143,1.1398714285714284,1.2474999999999998,
0.77505,0.87195,0.8466928571428571,1.2430928571428572,1.5740428571428569,1.4950785714285717,1.090157142857143,1.1993928571428571,1.192607142857143,
0.8025285714285715,0.8722428571428572,0.8483428571428571,1.3013285714285718,1.5285071428571426,1.4730142857142858,1.1128500000000001,1.1858642857142858,1.1847857142857143,
0.7955785714285716,0.8633928571428571,0.8449642857142857,1.2854642857142857,1.5163285714285715,1.4764,1.107314285714286,1.1823642857142858,1.18585,
0.776957142857143,0.8634499999999999,0.8488071428571429,1.2458785714285714,1.5490642857142858,1.5126785714285715,1.0922785714285717,1.1892857142857143,1.1993285714285713,
=average(A2:A6),=average(B2:B6),=average(C2:C6),=average(D2:D6),=average(E2:E6),=average(F2:F6),=average(G2:G6)
