MAE,MSE,RMSE,Execution Time
0.8897285714285715,1.6328642857142857,1.2474999999999998,
0.8466928571428571,1.4950785714285717,1.192607142857143,
0.8483428571428571,1.4730142857142858,1.1847857142857143,
0.8449642857142857,1.4764,1.18585,
0.8488071428571429,1.5126785714285715,1.1993285714285713,
=average(A2:A6),=average(B2:B6),=average(C2:C6),=average(D2:D6)
