Accuracy,F1,WMSEnominal
0.8045112781954887,0.7636320000000001,0.7228815772078467,
=average(A2:A2),=average(B2:B2),=average(C2:C2)
