MAE,MSE,RMSE,Execution Time
199.65268125000003,122200.66038125001,303.18624374999996,
=average(A2:A2),=average(B2:B2),=average(C2:C2),=average(D2:D2)
