MAE,MSE,RMSE,Execution Time
2955.8289300000006,1.54303754379675E8,6593.188327499998,139.1
