Train AUROC, Train AUPRC, Test AUROC, Test AUPRC, Execution Time
0.9999775263157894,0.9997340526315789,0.8681212631578947,0.5898577368421052
0.9999857894736842,0.9998417368421052,0.8782307368421053,0.5525748421052631
0.9999982105263158,0.9999876315789473,0.6103230000000001,0.11822578947368421
1.0,1.0,0.5411475789473684,0.0765606842105263
0.9999991052631579,0.9999938421052632,0.620788842105263,0.11076400000000002
1.0,1.0,0.5724388421052631,0.09227889473684213
1.0,1.0,0.6247206842105263,0.08430942105263158
0.9999982105263158,0.9999876315789473,0.6222750000000001,0.09704
1.0,1.0,0.6677854210526316,0.10126336842105262
1.0,1.0,0.5747634736842105,0.09024794736842107
1.0,1.0,0.5817677368421053,0.08341384210526316
