Train AUROC, Train AUPRC, Test AUROC, Test AUPRC, Execution Time
0.9999951578947367,0.9999414210526314,0.8816535263157896,0.5358680526315789
1.0,1.0,0.8689673157894737,0.5496442105263157
0.999987,0.9998972105263157,0.634603052631579,0.1444875263157895
1.0,1.0,0.594128052631579,0.1406667894736842
0.9999801578947368,0.9998520000000001,0.6937538421052631,0.21129384210526317
0.9999982105263158,0.9999876315789473,0.5592977894736842,0.08312826315789472
0.9999921052631578,0.9999093684210526,0.6128384210526315,0.1354418421052631
1.0,1.0,0.6174599473684211,0.11348236842105264
1.0,1.0,0.565315,0.06696689473684211
1.0,1.0,0.5641409999999999,0.07828773684210527
0.9999964210526316,0.9999751052631579,0.5914256315789475,0.132994
1.0,1.0,0.5514473684210528,0.08086426315789474
1.0,1.0,0.604565,0.09604084210526316
1.0,1.0,0.5054573157894735,0.0676186842105263
1.0,1.0,0.5906933684210527,0.09852257894736843
1.0,1.0,0.5942925789473684,0.09379868421052633
1.0,1.0,0.6183338421052632,0.12162336842105263
1.0,1.0,0.6006898421052631,0.09972047368421054
1.0,1.0,0.5894454210526315,0.10122636842105263
1.0,1.0,0.5150794736842106,0.11343921052631582
0.9999856842105264,0.9998876842105264,0.6324736842105263,0.14100336842105266
1.0,1.0,0.5732000526315789,0.101261
