Train AUROC,Validation AUROC,Test AUROC,Train AUPRC,Validation AUPRC,Test AUPRC, Execution Time
1.0,0.6580345789473684,0.7032753684210526,1.0,0.14415863157894734,0.2437967894736842,
0.9999841578947368,0.8636755263157895,0.8947744736842107,0.9996293684210528,0.5167226315789474,0.4613331578947368,
0.9999841578947368,0.8636755263157895,0.8947744736842107,0.9996293684210528,0.5167226315789474,0.4613331578947368,
0.9999841578947368,0.8636755263157895,0.8947744736842107,0.9996293684210528,0.5167226315789474,0.4613331578947368,
0.9999841578947368,0.8636755263157895,0.8947744736842107,0.9996293684210528,0.5167226315789474,0.4613331578947368,
=average(A2:A6),=average(B2:B6),=average(C2:C6),=average(D2:D6),=average(E2:E6),=average(F2:F6),=average(G2:G6)
