AUROC,AUPRC,Executio Time
0.7032753684210526,0.2437967894736842,
0.8947744736842107,0.4613331578947368,
0.8947744736842107,0.4613331578947368,
0.8947744736842107,0.4613331578947368,
0.8947744736842107,0.4613331578947368,
=average(A2:A6),=average(B2:B6),=average(C2:C6),=average(D2:D6)
