Generation, Fitness
0,0.1621759533882141
1,0.16839952766895294
2,0.1687648892402649
3,0.20969578623771667
4,0.20969578623771667
5,0.20969578623771667
6,0.20969578623771667
7,0.20969578623771667
8,0.20969578623771667
9,0.20969578623771667
10,0.20969578623771667
11,0.20969578623771667
12,0.20969578623771667
13,0.20969578623771667
14,0.20969578623771667
