MAE,MSE,RMSE,Execution Time
0.6218874999999999,4.650174999999999,1.6986999999999997,
0.6218874999999999,4.650174999999999,1.6986999999999997,
0.6218874999999999,4.650174999999999,1.6986999999999997,
0.6218874999999999,4.650174999999999,1.6986999999999997,
0.6218874999999999,4.650174999999999,1.6986999999999997,
=average(A2:A6),=average(B2:B6),=average(C2:C6),=average(D2:D6)
