MAE,MSE,RMSE
548.901475,3284346.4883937505,1298.53231875
