Generation, Fitness
0,9910.3276375
1,9911.087275
2,9911.087275
3,9911.087275
4,9911.087275
5,9911.11471875
6,9912.1965875
7,9912.1965875
8,9912.1965875
9,9912.1965875
10,9912.1965875
11,9912.1965875
12,9912.1965875
13,9912.1965875
14,9912.1965875
15,9912.1965875
16,9912.1965875
17,9912.1965875
18,9912.1965875
19,9912.1965875
20,9912.1965875
21,9912.1965875
22,9912.1965875
23,9912.1965875
24,9912.1965875
25,9912.1965875
26,9912.1965875
27,9912.1965875
28,9912.1965875
29,9912.1965875
30,9912.2643625
31,9912.2643625
32,9912.2643625
33,9912.61303125
34,9912.61303125
35,9912.61303125
36,9912.61303125
37,9912.61303125
38,9912.61303125
39,9912.61303125
40,9912.61303125
41,9912.61303125
42,9912.61303125
43,9912.61303125
44,9912.61303125
45,9912.61303125
46,9913.1930375
47,9913.1930375
48,9913.1930375
49,9913.1930375
50,9913.1930375
51,9913.1930375
52,9913.1930375
53,9913.1930375
54,9913.1930375
55,9913.1930375
56,9913.1930375
57,9913.1930375
58,9913.1930375
59,9913.1930375
60,9913.1930375
61,9913.1930375
62,9913.1930375
63,9913.1930375
64,9913.1930375
65,9913.1930375
66,9913.1930375
67,9913.1930375
68,9913.1930375
69,9913.1930375
70,9913.1930375
71,9913.1930375
72,9913.1930375
73,9913.1930375
74,9913.1930375
75,9913.1930375
76,9913.1930375
77,9913.1930375
