Generation, Fitness
0,9910.02864375
1,9910.4312625
2,9910.75804375
3,9910.75804375
4,9911.1557625
5,9911.1557625
6,9911.1557625
7,9911.966662499999
8,9912.09438125
9,9912.09438125
10,9912.09438125
11,9912.09438125
12,9912.09438125
13,9912.37710625
14,9912.37710625
15,9912.37710625
16,9912.37710625
17,9912.37710625
18,9912.37710625
19,9912.37710625
20,9912.37710625
21,9912.37710625
22,9912.45155625
23,9912.45155625
24,9912.45155625
25,9912.45155625
26,9912.45155625
27,9912.45155625
28,9912.45155625
29,9912.45155625
30,9912.45155625
31,9912.45155625
32,9912.45155625
33,9912.83278125
34,9912.83278125
35,9912.83278125
36,9912.83278125
37,9912.83278125
38,9912.83278125
39,9912.83278125
40,9912.83278125
41,9912.83278125
42,9912.83278125
43,9912.83278125
44,9912.94531875
45,9912.94531875
46,9912.94531875
47,9912.94531875
48,9912.94531875
49,9912.94531875
50,9912.94531875
51,9912.94531875
52,9912.94531875
53,9912.94531875
54,9912.98874375
55,9912.98874375
56,9912.98874375
57,9912.98874375
58,9912.98874375
59,9912.98874375
60,9912.98874375
61,9912.98874375
62,9912.98874375
63,9912.98874375
64,9913.6443125
65,9913.6443125
66,9913.6443125
67,9913.6443125
68,9913.6443125
69,9913.6443125
70,9913.6443125
71,9913.6443125
72,9913.6443125
73,9913.6443125
74,9913.6443125
75,9913.6443125
76,9913.6443125
77,9913.6443125
78,9913.6443125
79,9913.6443125
80,9913.6443125
81,9913.6443125
82,9913.6443125
83,9913.6443125
84,9913.6443125
85,9913.6443125
86,9913.6443125
87,9913.6443125
88,9913.6443125
89,9913.6443125
90,9913.6443125
91,9913.6443125
92,9913.6443125
93,9913.6443125
94,9913.6443125
95,9913.6443125
