TrainVal MAE,Validation MAE,Test MAE,TrainVal MSE,Validation MSE,Test MSE,TrainVal RMSE,Validation RMSE,Test RMSE,Execution Time
58.4152875,86.12479375000001,84.50823125,8221.004868749998,18956.5196875,18401.90973125,89.78209374999999,135.80131250000002,134.00949375,
52.93676875,86.7682875,85.69303749999999,7017.7182875,19537.02288125,19557.9761375,82.60965,138.0422125,138.31958749999998,
56.0807625,86.85565625,84.60366874999998,7866.409212499999,19271.6549375,18422.3607125,86.88075625,137.06706874999998,134.16977500000002,
55.282000000000004,87.12343750000001,83.61351875,7490.833943749998,19286.65760625,18652.158525000003,85.42777499999998,136.7831125,134.7912375,
53.87205624999999,86.64298125,82.70276249999999,7203.21840625,19125.984575,17716.850693750002,83.72671874999999,136.350875,131.58706875000001,
=average(A2:A6),=average(B2:B6),=average(C2:C6),=average(D2:D6),=average(E2:E6),=average(F2:F6),=average(G2:G6)
