MAE,MSE,RMSE,Execution Time
88.08260000000001,20477.64909375,141.52434374999999,
86.3556875,19188.520162499997,137.168525,
86.69308750000002,19244.28929375,137.111225,
86.63823125000002,19986.91809375,139.61973125,
86.80696250000001,19205.603349999998,136.83485,
=average(A2:A6),=average(B2:B6),=average(C2:C6),=average(D2:D6)
