AUROC,AUPRC,Execution Time
0.8323349962962963,0.5971010296296296,223.8
