Train AUROC,Validation AUROC,Test AUROC,Train AUPRC,Validation AUPRC,Test AUPRC
0.5320172631578947,0.24417815789473685,0.15355257894736843,0.0582772105263158,0.055137789473684216,0.0502747894736842,
=average(A2:A2),=average(B2:B2),=average(C2:C2),=average(D2:D2),=average(E2:E2),=average(F2:F2)
