AUROC,AUPRC
0.15355257894736843,0.0502747894736842,
=average(A2:A2),=average(B2:B2),=average(C2:C2)
