Generation, Fitness
0,0.7845507860183716
1,0.7845507860183716
2,0.7845507860183716
3,0.7845507860183716
4,0.7845507860183716
5,0.7845507860183716
6,0.7845507860183716
7,0.7845507860183716
8,0.7845507860183716
9,0.8168753981590271
10,0.8168753981590271
11,0.8168753981590271
12,0.8168753981590271
13,0.8168753981590271
14,0.8168753981590271
15,0.8168753981590271
16,0.8168753981590271
17,0.8168753981590271
18,0.8168753981590271
19,0.8168753981590271
20,0.8168753981590271
21,0.8168753981590271
22,0.8168753981590271
23,0.8168753981590271
24,0.8168753981590271
25,0.8168753981590271
26,0.8168753981590271
27,0.8168753981590271
28,0.8168753981590271
29,0.8168753981590271
30,0.8168753981590271
31,0.8168753981590271
32,0.8168753981590271
33,0.8168753981590271
34,0.8168753981590271
35,0.8168753981590271
36,0.8168753981590271
37,0.8168753981590271
38,0.8168753981590271
39,0.8168753981590271
40,0.8168753981590271
41,0.8168753981590271
42,0.8168753981590271
43,0.8168753981590271
44,0.8168753981590271
45,0.8168753981590271
46,0.8168753981590271
47,0.8168753981590271
48,0.8168753981590271
49,0.8168753981590271
50,0.8168753981590271
51,0.8168753981590271
52,0.8168753981590271
53,0.8168753981590271
54,0.8168753981590271
55,0.8168753981590271
56,0.8168753981590271
57,0.8168753981590271
58,0.8168753981590271
59,0.8168753981590271
60,0.8168753981590271
