Generation, Fitness
0,0.7845507860183716
1,0.7845507860183716
2,0.7845507860183716
3,0.7845507860183716
4,0.7845507860183716
5,0.7845507860183716
6,0.7901360988616943
7,0.7901360988616943
8,0.7901360988616943
9,0.7901360988616943
10,0.81052565574646
11,0.81052565574646
12,0.81052565574646
13,0.81052565574646
14,0.81052565574646
15,0.81052565574646
16,0.81052565574646
17,0.81052565574646
18,0.81052565574646
19,0.8170515298843384
20,0.8170515298843384
21,0.8170515298843384
22,0.8170515298843384
23,0.8170515298843384
24,0.8170515298843384
25,0.8170515298843384
26,0.8170515298843384
27,0.8170515298843384
28,0.8170515298843384
29,0.8170515298843384
30,0.8170515298843384
31,0.8170515298843384
32,0.8170515298843384
33,0.8170515298843384
34,0.8170515298843384
35,0.8170515298843384
36,0.8170515298843384
37,0.8170515298843384
38,0.8170515298843384
39,0.8170515298843384
40,0.8170515298843384
41,0.8170515298843384
42,0.8170515298843384
43,0.8170515298843384
44,0.8170515298843384
45,0.8170515298843384
46,0.8170515298843384
47,0.8170515298843384
48,0.8170515298843384
49,0.8170515298843384
50,0.8170515298843384
51,0.8170515298843384
52,0.8170515298843384
53,0.8170515298843384
54,0.8170515298843384
55,0.8170515298843384
56,0.8170515298843384
57,0.8170515298843384
58,0.8170515298843384
59,0.8170515298843384
60,0.8170515298843384
61,0.8170515298843384
62,0.8170515298843384
63,0.8170515298843384
64,0.8170515298843384
65,0.8170515298843384
66,0.8170515298843384
67,0.8170515298843384
68,0.8170515298843384
69,0.8170515298843384
70,0.8170515298843384
