AUROC,AUPRC,Executio Time
0.7643678421052632,0.3183796842105263,
0.764787,0.2984972105263158,
0.796253947368421,0.4095848421052632,
0.8118581578947367,0.221415,
0.7578455263157896,0.35539089473684204,
=average(A2:A6),=average(B2:B6),=average(C2:C6),=average(D2:D6)
