Generation, Fitness
0,0.7845507860183716
1,0.7845507860183716
2,0.7845507860183716
3,0.7845507860183716
4,0.7845507860183716
5,0.7845507860183716
6,0.7845507860183716
7,0.7845507860183716
8,0.7845507860183716
9,0.7845507860183716
10,0.7845507860183716
11,0.7845507860183716
12,0.7845507860183716
13,0.7845507860183716
14,0.8127670288085938
15,0.8127670288085938
16,0.8127670288085938
17,0.8147240877151489
18,0.8147240877151489
19,0.8147240877151489
20,0.8147240877151489
21,0.8147240877151489
22,0.8147240877151489
23,0.8147240877151489
24,0.8147240877151489
25,0.8147240877151489
26,0.8147240877151489
27,0.8147240877151489
28,0.8147240877151489
29,0.8147240877151489
30,0.8147240877151489
31,0.8147240877151489
32,0.8147240877151489
33,0.8147240877151489
34,0.8147240877151489
35,0.8147240877151489
36,0.8147240877151489
37,0.8147240877151489
38,0.8147240877151489
39,0.8147240877151489
40,0.8147240877151489
41,0.8147240877151489
42,0.8147240877151489
43,0.8147240877151489
44,0.8147240877151489
45,0.8147240877151489
46,0.8147240877151489
47,0.8147240877151489
48,0.8147240877151489
49,0.8162342309951782
50,0.8162342309951782
51,0.8162342309951782
52,0.8162342309951782
53,0.8162342309951782
54,0.8162342309951782
55,0.8162342309951782
56,0.8162342309951782
57,0.8162342309951782
58,0.8162342309951782
59,0.8162342309951782
60,0.8162342309951782
61,0.8162342309951782
62,0.8162342309951782
63,0.8162342309951782
64,0.8162342309951782
65,0.8162342309951782
66,0.8162342309951782
67,0.8162342309951782
68,0.8162342309951782
69,0.8162342309951782
70,0.8162342309951782
71,0.8162342309951782
72,0.8162342309951782
73,0.8162342309951782
74,0.8162342309951782
75,0.8162342309951782
76,0.8162342309951782
77,0.8162342309951782
78,0.8162342309951782
79,0.8162342309951782
80,0.8162342309951782
81,0.8162342309951782
82,0.8162342309951782
83,0.8162342309951782
84,0.8162342309951782
85,0.8162342309951782
86,0.8162342309951782
87,0.8162342309951782
88,0.8162342309951782
89,0.8162342309951782
90,0.8162342309951782
91,0.8162342309951782
92,0.8162342309951782
93,0.8162342309951782
94,0.8162342309951782
95,0.8162342309951782
96,0.8162342309951782
97,0.8162342309951782
98,0.8162342309951782
99,0.8162342309951782
100,0.8162342309951782
