AUROC,AUPRC,Executio Time
0.5301968421052631,0.09289436842105263,
0.7356975263157896,0.2856897894736841,
0.5698036315789474,0.17802384210526317,
0.6815560526315789,0.2463405263157894,
0.6674484210526317,0.2479377368421053,
=average(A2:A6),=average(B2:B6),=average(C2:C6),=average(D2:D6)
