Train AUROC,Validation AUROC,Test AUROC,Train AUPRC,Validation AUPRC,Test AUPRC
0.9284063157894737,0.24677089473684208,0.07464484210526316,0.04328473684210527,0.05422663157894738,0.0510122105263158,
=average(A2:A2),=average(B2:B2),=average(C2:C2),=average(D2:D2),=average(E2:E2),=average(F2:F2)
