AUROC,AUPRC,Executio Time
0.8062075714285714,0.7226877142857144,
0.8062075714285714,0.7226877142857144,
0.8062075714285714,0.7226877142857144,
0.8062075714285714,0.7226877142857144,
0.8062075714285714,0.7226877142857144,
=average(A2:A6),=average(B2:B6),=average(C2:C6),=average(D2:D6)
