Generation, Fitness
0,0.7510325312614441
1,0.7510325312614441
2,0.7510325312614441
3,0.7510325312614441
4,0.7510325312614441
5,0.7510325312614441
6,0.7510325312614441
7,0.7510325312614441
8,0.7510325312614441
9,0.7510325312614441
10,0.7510325312614441
11,0.7510325312614441
12,0.7510325312614441
13,0.7510325312614441
14,0.7510325312614441
15,0.7510325312614441
16,0.7510325312614441
17,0.7510325312614441
18,0.7510325312614441
19,0.7510325312614441
20,0.7510325312614441
21,0.7510325312614441
