Generation, Fitness
0,9719.04678125
1,9719.04678125
2,9719.04678125
3,9719.04678125
4,9719.04678125
5,9719.04678125
6,9719.04678125
7,9719.04678125
8,9719.04678125
9,9719.04678125
10,9719.04678125
11,9719.04678125
12,9719.04678125
13,9719.04678125
14,9719.20115625
15,9719.20115625
16,9719.20115625
17,9719.20115625
18,9719.20115625
19,9719.20115625
20,9719.20115625
21,9719.20115625
22,9719.20115625
23,9719.20115625
24,9719.20115625
25,9719.20115625
26,9721.3087125
27,9721.3087125
28,9721.3087125
29,9721.3087125
30,9721.3087125
31,9721.3087125
32,9721.3087125
33,9721.3087125
34,9721.3087125
35,9721.3087125
36,9721.3087125
37,9721.3087125
38,9721.3087125
39,9721.3087125
40,9721.3087125
41,9721.3087125
42,9729.0573625
43,9729.0573625
44,9729.0573625
45,9729.0573625
46,9729.0573625
47,9729.0573625
48,9729.0573625
49,9729.0573625
50,9729.0573625
51,9729.0573625
52,9729.0573625
53,9729.0573625
54,9729.0573625
55,9729.0573625
56,9729.0573625
57,9729.0573625
58,9729.0573625
59,9729.0573625
60,9729.0573625
61,9729.0573625
62,9729.0573625
63,9729.0573625
64,9729.0573625
65,9729.0573625
66,9729.0573625
67,9729.0573625
68,9729.0573625
69,9729.0573625
70,9729.0573625
71,9729.0573625
72,9729.0573625
73,9729.0573625
