Generation, Fitness
0,9711.753025
1,9715.4455
2,9715.4455
3,9715.4455
4,9715.6309125
5,9720.43093125
6,9720.43093125
7,9720.43093125
8,9720.43093125
9,9720.43093125
10,9720.43093125
11,9720.43093125
12,9720.43093125
13,9720.43093125
14,9720.43093125
15,9720.43093125
16,9720.43093125
17,9720.43093125
18,9722.07598125
19,9722.07598125
20,9722.07598125
21,9722.07598125
22,9722.07598125
23,9722.07598125
24,9722.07598125
25,9722.07598125
26,9722.07598125
27,9722.07598125
28,9722.07598125
29,9722.07598125
30,9722.07598125
31,9722.07598125
32,9722.07598125
33,9722.07598125
34,9722.07598125
35,9722.07598125
36,9722.07598125
37,9722.07598125
38,9722.07598125
39,9722.07598125
40,9722.07598125
41,9722.07598125
42,9722.07598125
43,9722.07598125
44,9722.07598125
45,9723.3270375
46,9726.85119375
47,9726.85119375
48,9726.85119375
49,9726.85119375
50,9726.85119375
51,9726.85119375
52,9726.85119375
53,9726.85119375
54,9727.0396375
55,9727.0396375
56,9727.0396375
57,9727.0396375
58,9727.0396375
59,9727.0396375
60,9727.0396375
61,9727.0396375
62,9727.0396375
63,9727.0396375
64,9727.0396375
65,9727.0396375
66,9727.0396375
67,9727.0396375
68,9727.0396375
69,9727.0396375
70,9727.0396375
71,9727.0396375
72,9727.0396375
73,9727.0396375
74,9727.0396375
75,9727.0396375
76,9727.0396375
77,9727.0396375
78,9727.0396375
79,9727.0396375
80,9727.0396375
81,9727.0396375
82,9727.0396375
83,9727.0396375
84,9727.0396375
85,9727.0396375
