Generation, Fitness
0,9703.10825
1,9714.2716375
2,9714.2716375
3,9714.2716375
4,9725.7189125
5,9725.7189125
6,9725.7189125
7,9725.7189125
8,9725.7189125
9,9725.7189125
10,9725.7189125
11,9725.7189125
12,9725.7189125
13,9725.7189125
14,9725.7189125
15,9725.7189125
16,9726.393675
17,9726.393675
18,9726.393675
19,9726.393675
20,9726.393675
21,9726.393675
22,9726.393675
23,9726.393675
24,9726.393675
25,9726.393675
26,9726.393675
27,9726.393675
28,9726.393675
29,9726.393675
30,9726.393675
31,9726.393675
32,9726.393675
33,9726.393675
34,9726.393675
35,9726.393675
36,9726.393675
37,9726.393675
38,9726.393675
39,9726.393675
40,9726.393675
41,9726.393675
42,9726.393675
43,9726.393675
44,9726.393675
45,9726.393675
46,9726.393675
47,9726.393675
