Train MAE,Validation MAE,Test MAE,Train MSE,Validation MSE,Test MSE,Train RMSE,Validation RMSE,Test RMSE,Execution Time
170.16407500000003,167.11034375,200.20804999999996,232919.1989375,207834.6028,265284.2536875,349.18645000000004,329.280325,399.57433124999994,
191.55594374999998,174.5822625,209.97474375,285345.84616250003,185328.62561875,217000.09400625,399.32615,323.3374,387.0313750000001,
176.99114375000002,165.56635,193.18636249999997,293860.72601875,288596.07671875,178641.32415625,388.731325,348.0873875,352.36597500000005,
190.51248124999998,177.39428125,222.43335624999997,268080.75605,179535.82559375,285839.70214375,393.96160625,339.66689375,428.54259375000004,
218.55673124999996,230.33073750000003,262.568525,583959.7256937501,722397.22866875,745641.87291875,483.455475,513.806775,557.3383375000001,
=average(A2:A6),=average(B2:B6),=average(C2:C6),=average(D2:D6),=average(E2:E6),=average(F2:F6),=average(G2:G6)
