AUROC,AUPRC,Executio Time
0.9000472592592593,0.8060562222222222,
0.8914529999999999,0.7789887407407408,
0.8905982962962964,0.7783950740740742,
0.908547,0.815964962962963,
0.9139601111111111,0.8162373333333334,
=average(A2:A6),=average(B2:B6),=average(C2:C6),=average(D2:D6)
