AUROC,AUPRC,Executio Time
0.8014530526315791,0.2456795789473684,
0.8014530526315791,0.2456795789473684,
0.8014530526315791,0.2456795789473684,
0.8014530526315791,0.2456795789473684,
0.8014530526315791,0.2456795789473684,
=average(A2:A6),=average(B2:B6),=average(C2:C6),=average(D2:D6)
