AUROC,AUPRC,Executio Time
0.788837,0.6365521666666667,
0.788837,0.6365521666666667,
0.788837,0.6365521666666667,
0.788837,0.6365521666666667,
0.788837,0.6365521666666667,
=average(A2:A6),=average(B2:B6),=average(C2:C6),=average(D2:D6)
