AUROC,AUPRC,Executio Time
0.795542142857143,0.7569102857142855,
0.7990208571428571,0.7634600000000001,
0.795542142857143,0.7569102857142855,
0.7990208571428571,0.7634600000000001,
0.795542142857143,0.7569102857142855,
=average(A2:A6),=average(B2:B6),=average(C2:C6),=average(D2:D6)
