AUROC,AUPRC,Executio Time
0.6650978571428572,0.6635019999999999,
0.6650978571428572,0.6635019999999999,
0.6650978571428572,0.6635019999999999,
0.6650978571428572,0.6635019999999999,
0.6650978571428572,0.6635019999999999,
=average(A2:A6),=average(B2:B6),=average(C2:C6),=average(D2:D6)
