Train AUROC, Train AUPRC, Test AUROC, Test AUPRC, Execution Time
1.0,1.0,0.636497105263158,0.14894115789473683
0.9999878421052631,0.9998568947368421,0.8614699473684211,0.48444831578947367
0.9999947894736843,0.9999430526315789,0.713455105263158,0.23695457894736838
1.0,1.0,0.7291514736842105,0.2930328421052632
0.9999974210526316,0.9999718421052632,0.8728992105263161,0.4368335263157895
0.9999974210526316,0.9999718421052632,0.8700763684210526,0.4567737894736842
0.9999965789473685,0.9999493684210525,0.6968928421052631,0.16376494736842104
1.0,1.0,0.6624580526315789,0.10240610526315791
0.9999982105263158,0.9999876315789473,0.6261453684210526,0.17543984210526312
1.0,1.0,0.6591905263157894,0.1193113684210526
1.0,1.0,0.5491748421052631,0.1381852105263158
1.0,1.0,0.5825286842105263,0.12192994736842101
1.0,1.0,0.62482,0.15575210526315786
1.0,1.0,0.674389,0.18276268421052633
1.0,1.0,0.5958481578947368,0.12595615789473685
1.0,1.0,0.6001838421052631,0.13840689473684212
1.0,1.0,0.6918255263157895,0.20075173684210523
1.0,1.0,0.6946697368421052,0.19703905263157892
0.9999905263157894,0.9998649473684211,0.8929088421052632,0.4156715789473684
1.0,1.0,0.5778495263157895,0.07019257894736841
1.0,1.0,0.6374547894736843,0.1243948947368421
1.0,1.0,0.6475112631578948,0.13243594736842107
1.0,1.0,0.552627947368421,0.09732478947368421
1.0,1.0,0.6502191052631577,0.1610921578947368
1.0,1.0,0.6038281052631579,0.11596036842105265
1.0,1.0,0.6165686315789474,0.10776621052631581
1.0,1.0,0.6712175789473683,0.19616042105263157
1.0,1.0,0.692773052631579,0.15694194736842107
1.0,1.0,0.5758995263157896,0.10261763157894738
1.0,1.0,0.621426052631579,0.13627736842105262
