Train AUROC, Train AUPRC, Test AUROC, Test AUPRC, Execution Time
1.0,1.0,0.7029883157894737,0.1911368947368421
0.9999974210526316,0.9999718421052632,0.8763232631578949,0.48271489473684204
1.0,1.0,0.6767359473684209,0.1472783684210526
1.0,1.0,0.6299128947368422,0.1580040526315789
1.0,1.0,0.6413525789473685,0.10099284210526316
1.0,1.0,0.7290823684210527,0.20623415789473687
1.0,1.0,0.6567906842105264,0.14507199999999998
1.0,1.0,0.6238672105263159,0.11146694736842107
1.0,1.0,0.6675712105263157,0.15990473684210524
1.0,1.0,0.6499787368421053,0.11490784210526316
1.0,1.0,0.6757878421052632,0.10653447368421053
1.0,1.0,0.6741005789473684,0.18189721052631577
1.0,1.0,0.6287281052631579,0.18254347368421053
1.0,1.0,0.5428036842105264,0.08973257894736844
1.0,1.0,0.6356080000000001,0.10376200000000001
1.0,1.0,0.6417673157894738,0.11436757894736842
1.0,1.0,0.6821124736842105,0.11013468421052632
