Train AUROC, Train AUPRC, Test AUROC, Test AUPRC, Execution Time
0.9999955789473683,0.9999773157894737,0.8681303684210526,0.44155173684210536
1.0,1.0,0.6491201052631579,0.11726099999999999
1.0,1.0,0.6246354736842106,0.10247673684210527
1.0,1.0,0.6254233157894737,0.13359552631578947
0.9999840526315789,0.9998373157894738,0.8541359999999999,0.4722547368421052
0.9999895789473685,0.9998833157894736,0.6273207894736842,0.10755873684210525
0.9999947894736843,0.9999450000000001,0.896897947368421,0.4162175263157895
0.9999836842105264,0.9998556842105264,0.8436417894736842,0.3817496315789475
0.999990052631579,0.9999329473684211,0.9233787368421053,0.5460771578947368
0.999990052631579,0.9999334736842106,0.8892966315789472,0.48548110526315796
1.0,1.0,0.5953318421052632,0.11239778947368421
1.0,1.0,0.5593114736842105,0.06506031578947369
1.0,1.0,0.6399900526315787,0.1271854736842105
1.0,1.0,0.6677280000000001,0.13630452631578946
1.0,1.0,0.5994482105263158,0.11449568421052635
1.0,1.0,0.6294386315789473,0.11824131578947371
0.9999971052631579,0.999964,0.6348046315789473,0.12186347368421052
0.9999982105263158,0.9999876315789473,0.6353726315789474,0.11656994736842102
1.0,1.0,0.6143259473684209,0.12997010526315791
0.9999903684210526,0.99992,0.8685127368421053,0.4710554736842105
0.9999803157894737,0.9997803157894737,0.8666185263157896,0.43901494736842106
1.0,1.0,0.6276438421052631,0.14636505263157892
