AUROC,AUPRC,Executio Time
0.8517665789473683,0.5355093684210525,
0.8517665789473683,0.5355093684210525,
0.8517665789473683,0.5355093684210525,
0.8517665789473683,0.5355093684210525,
0.8517665789473683,0.5355093684210525,
=average(A2:A6),=average(B2:B6),=average(C2:C6),=average(D2:D6)
