Train AUROC,Validation AUROC,Test AUROC,Train AUPRC,Validation AUPRC,Test AUPRC, Execution Time
0.999997947368421,0.821082947368421,0.8517665789473683,0.9999773684210526,0.48572336842105257,0.5355093684210525,
0.999997947368421,0.821082947368421,0.8517665789473683,0.9999773684210526,0.48572336842105257,0.5355093684210525,
0.999997947368421,0.821082947368421,0.8517665789473683,0.9999773684210526,0.48572336842105257,0.5355093684210525,
0.999997947368421,0.821082947368421,0.8517665789473683,0.9999773684210526,0.48572336842105257,0.5355093684210525,
0.999997947368421,0.821082947368421,0.8517665789473683,0.9999773684210526,0.48572336842105257,0.5355093684210525,
=average(A2:A6),=average(B2:B6),=average(C2:C6),=average(D2:D6),=average(E2:E6),=average(F2:F6),=average(G2:G6)
