MAE,MSE,RMSE,Execution Time
416.3936642500001,1596865.0495505002,762.642795375,20.720000000000002
