AUROC,AUPRC,Executio Time
0.8913333684210527,0.5439714210526315,
0.8933095789473685,0.5082386315789474,
0.8907536842105264,0.5597678947368422,
0.8961476842105264,0.4988472631578946,
=average(A2:A6),=average(B2:B6),=average(C2:C6),=average(D2:D6)
