Generation, Fitness
0,0.6383060216903687
1,0.641668438911438
2,0.641668438911438
3,0.641668438911438
4,0.6462568640708923
5,0.6462568640708923
6,0.6462568640708923
7,0.6462568640708923
8,0.6462568640708923
9,0.6462568640708923
10,0.6484490633010864
11,0.6484490633010864
12,0.6484490633010864
13,0.6484490633010864
14,0.6484490633010864
15,0.6484490633010864
16,0.6484490633010864
17,0.6484490633010864
18,0.6484490633010864
19,0.6484490633010864
20,0.6484490633010864
21,0.6484490633010864
22,0.6484490633010864
23,0.6484490633010864
24,0.6569618582725525
25,0.6569618582725525
26,0.6569618582725525
27,0.6569618582725525
28,0.6569618582725525
29,0.6569618582725525
30,0.6569618582725525
31,0.6569618582725525
32,0.6569618582725525
33,0.6569618582725525
34,0.6569618582725525
35,0.6569618582725525
36,0.6569618582725525
37,0.6569618582725525
38,0.6569618582725525
39,0.6569618582725525
40,0.6569618582725525
41,0.6569618582725525
42,0.6569618582725525
43,0.6569618582725525
44,0.6569618582725525
45,0.6569618582725525
46,0.6569618582725525
47,0.6569618582725525
48,0.661566436290741
49,0.661566436290741
50,0.661566436290741
51,0.661566436290741
52,0.661566436290741
53,0.661566436290741
54,0.661566436290741
55,0.661566436290741
56,0.661566436290741
57,0.661566436290741
58,0.661566436290741
59,0.661566436290741
60,0.661566436290741
61,0.661566436290741
62,0.661566436290741
63,0.661566436290741
64,0.661566436290741
65,0.661566436290741
66,0.661566436290741
67,0.661566436290741
68,0.661566436290741
69,0.661566436290741
70,0.661566436290741
71,0.661566436290741
72,0.661566436290741
73,0.661566436290741
74,0.661566436290741
75,0.661566436290741
76,0.661566436290741
77,0.661566436290741
78,0.661566436290741
79,0.661566436290741
