Generation, Fitness
0,0.6524463295936584
1,0.6524463295936584
2,0.6524463295936584
3,0.6524463295936584
4,0.6524463295936584
5,0.6524463295936584
6,0.6524463295936584
7,0.6524463295936584
8,0.6524463295936584
9,0.6524463295936584
10,0.6524463295936584
11,0.6524463295936584
12,0.6524463295936584
13,0.6524463295936584
14,0.6524463295936584
15,0.6574493646621704
16,0.6574493646621704
17,0.6574493646621704
18,0.6574493646621704
19,0.6574493646621704
20,0.6574493646621704
21,0.6574493646621704
22,0.6574493646621704
23,0.6574493646621704
24,0.6574493646621704
25,0.6574493646621704
26,0.6574493646621704
27,0.6574493646621704
28,0.6574493646621704
29,0.6574493646621704
30,0.6574493646621704
31,0.6574493646621704
32,0.6574493646621704
33,0.6574493646621704
34,0.6574493646621704
35,0.6574493646621704
36,0.6574493646621704
37,0.6574493646621704
38,0.6574493646621704
39,0.6574493646621704
40,0.6574493646621704
41,0.6574493646621704
42,0.6574493646621704
43,0.6574493646621704
44,0.6574493646621704
45,0.6574493646621704
46,0.6574493646621704
