AUROC,AUPRC,Executio Time
0.657449357142857,0.4190688571428571,
0.6554802142857143,0.4221263571428571,
0.6615664285714286,0.44195278571428565,
0.6658235714285714,0.4382532142857142,
0.6684290714285714,0.4378747142857143,
=average(A2:A6),=average(B2:B6),=average(C2:C6),=average(D2:D6)
