Train AUROC,Validation AUROC,Test AUROC,Train AUPRC,Validation AUPRC,Test AUPRC, Execution Time
0.727007857142857,0.657449357142857,0.657449357142857,0.5268865,0.4190688571428571,0.4190688571428571,
0.7487474285714285,0.6554802142857143,0.6554802142857143,0.6007097142857144,0.4221263571428571,0.4221263571428571,
0.7672925,0.6615664285714286,0.6615664285714286,0.600733142857143,0.44195278571428565,0.44195278571428565,
0.6675261428571428,0.6658235714285714,0.6658235714285714,0.47381335714285716,0.4382532142857142,0.4382532142857142,
0.7556812857142857,0.6684290714285714,0.6684290714285714,0.5864838571428572,0.4378747142857143,0.4378747142857143,
=average(A2:A6),=average(B2:B6),=average(C2:C6),=average(D2:D6),=average(E2:E6),=average(F2:F6),=average(G2:G6)
