AUROC,AUPRC,Executio Time
0.7174531428571428,0.6441137142857143,
0.7174531428571428,0.6441137142857143,
0.7174531428571428,0.6441137142857143,
0.7174531428571428,0.6441137142857143,
0.7174531428571428,0.6441137142857143,
=average(A2:A6),=average(B2:B6),=average(C2:C6),=average(D2:D6)
