Accuracy,F1,WMSEnominal
0.7655367231638418,0.5963501666666667,0.8608879322303592,
=average(A2:A2),=average(B2:B2),=average(C2:C2)
