AUROC,AUPRC,Executio Time
0.6003095714285713,0.4048297142857143,
0.5877627857142856,0.38862928571428573,
0.5953246428571429,0.38124021428571425,
0.5834607857142858,0.37667364285714283,
0.6092468571428571,0.4009525,
=average(A2:A6),=average(B2:B6),=average(C2:C6),=average(D2:D6)
