MAE,MSE,RMSE,Execution Time
0.8141999999999999,1.3456071428571428,1.1260571428571429,
=average(A2:A2),=average(B2:B2),=average(C2:C2),=average(D2:D2)
