MAE,MSE,RMSE,Execution Time
264.65253125000004,214985.32518749998,362.08779999999996,
=average(A2:A2),=average(B2:B2),=average(C2:C2),=average(D2:D2)
