Generation, Fitness
0,0.8904023170471191
1,0.8904023170471191
2,0.8904023170471191
3,0.8904023170471191
4,0.8904023170471191
5,0.8904023170471191
6,0.8904023170471191
7,0.8904023170471191
8,0.8904023170471191
9,0.8904023170471191
10,0.8904023170471191
11,0.8904023170471191
12,0.8904023170471191
13,0.8904023170471191
14,0.8904023170471191
15,0.8904023170471191
16,0.8904023170471191
17,0.8904023170471191
18,0.8904023170471191
19,0.8904023170471191
20,0.8904023170471191
21,0.8904023170471191
22,0.8904023170471191
23,0.8904023170471191
24,0.8904023170471191
25,0.8904023170471191
26,0.8904023170471191
27,0.8904023170471191
28,0.8904023170471191
29,0.8904023170471191
30,0.8904023170471191
31,0.8904023170471191
32,0.8904023170471191
33,0.8904023170471191
34,0.8904023170471191
35,0.8904023170471191
36,0.8904023170471191
37,0.8904023170471191
38,0.8904023170471191
39,0.8904023170471191
40,0.8904023170471191
41,0.8904023170471191
42,0.8904023170471191
43,0.8904023170471191
44,0.8904023170471191
45,0.8904023170471191
46,0.8904023170471191
47,0.8904023170471191
48,0.8904023170471191
49,0.8904023170471191
50,0.8904023170471191
51,0.8904023170471191
