Generation, Fitness
0,0.8518518805503845
1,0.8720797896385193
2,0.8720797896385193
3,0.8720797896385193
4,0.8720797896385193
5,0.8720797896385193
6,0.8720797896385193
7,0.8720797896385193
8,0.8720797896385193
9,0.8720797896385193
10,0.8720797896385193
11,0.8720797896385193
12,0.8813390135765076
13,0.8813390135765076
14,0.8813390135765076
15,0.8813390135765076
16,0.8813390135765076
17,0.8813390135765076
18,0.8813390135765076
19,0.8813390135765076
20,0.8813390135765076
21,0.8813390135765076
22,0.8813390135765076
23,0.8813390135765076
24,0.8813390135765076
25,0.8813390135765076
26,0.8813390135765076
27,0.8813390135765076
28,0.8813390135765076
29,0.8813390135765076
30,0.8813390135765076
31,0.8813390135765076
32,0.8813390135765076
33,0.8813390135765076
34,0.8813390135765076
35,0.8813390135765076
36,0.8813390135765076
37,0.8813390135765076
38,0.8813390135765076
39,0.8813390135765076
40,0.8813390135765076
41,0.8813390135765076
42,0.8813390135765076
43,0.8813390135765076
44,0.8813390135765076
45,0.8813390135765076
46,0.8813390135765076
47,0.8813390135765076
48,0.8813390135765076
49,0.8813390135765076
50,0.8813390135765076
51,0.8813390135765076
52,0.8813390135765076
53,0.8813390135765076
54,0.8813390135765076
55,0.8813390135765076
56,0.8813390135765076
57,0.8813390135765076
58,0.8813390135765076
59,0.8813390135765076
60,0.8813390135765076
61,0.8813390135765076
62,0.8813390135765076
63,0.8813390135765076
