Train AUROC,Validation AUROC,Test AUROC,Train AUPRC,Validation AUPRC,Test AUPRC
0.9996178518518518,0.34965014814814815,0.35235337037037046,0.10763107407407409,0.04532885185185186,0.04657703703703704,
=average(A2:A2),=average(B2:B2),=average(C2:C2),=average(D2:D2),=average(E2:E2),=average(F2:F2)
