AUROC,AUPRC
0.35235337037037046,0.04657703703703704,
=average(A2:A2),=average(B2:B2),=average(C2:C2)
