MAE,MSE,RMSE,Execution Time
0.8256171428571429,1.3426285714285717,1.1289814285714284,222.9
