AUROC,AUPRC,Executio Time
0.8363325,0.6746296666666667,
0.8624149999999999,0.7431421666666665,
0.8467075000000001,0.7076349999999999,
0.8440160000000002,0.699976,
0.8571611666666668,0.7327404999999999,
=average(A2:A6),=average(B2:B6),=average(C2:C6),=average(D2:D6)
