Accuracy,F1,WMSEnominal
0.788135593220339,0.6257555,0.7181026086275276,
=average(A2:A2),=average(B2:B2),=average(C2:C2)
