AUROC,AUPRC
0.3981251428571429,0.3054393571428572,
=average(A2:A2),=average(B2:B2),=average(C2:C2)
