Train AUROC,Validation AUROC,Test AUROC,Train AUPRC,Validation AUPRC,Test AUPRC
0.6144265714285714,0.40370757142857144,0.3981251428571429,0.34107314285714285,0.30535721428571433,0.3054393571428572,
=average(A2:A2),=average(B2:B2),=average(C2:C2),=average(D2:D2),=average(E2:E2),=average(F2:F2)
