MAE,MSE,RMSE
634.10019575,2612439.7367996247,1128.6756970000001
