Generation, Fitness
0,9723.47943125
1,9723.47943125
2,9723.47943125
3,9723.47943125
4,9723.47943125
5,9723.58821875
6,9724.53210625
7,9724.53210625
8,9724.9885625
9,9724.9885625
10,9724.9885625
11,9724.9885625
12,9724.9885625
13,9732.25125625
14,9732.25125625
15,9732.25125625
16,9732.25125625
17,9732.25125625
18,9732.25125625
19,9732.25125625
20,9732.25125625
21,9734.85270625
22,9734.85270625
23,9734.85270625
24,9734.85270625
25,9734.85270625
26,9734.85270625
27,9734.85270625
28,9734.85270625
29,9734.85270625
30,9734.85270625
31,9734.85270625
32,9734.85270625
33,9734.85270625
34,9734.85270625
35,9736.25420625
36,9736.25420625
37,9736.25420625
38,9736.25420625
39,9736.25420625
40,9736.25420625
41,9736.25420625
42,9736.25420625
43,9736.25420625
44,9736.25420625
45,9736.25420625
46,9736.25420625
47,9736.25420625
48,9736.25420625
49,9736.25420625
50,9740.26920625
51,9741.27086875
52,9741.27086875
53,9741.27086875
54,9741.27086875
55,9741.27086875
56,9741.27086875
57,9741.27086875
58,9741.27086875
59,9741.27086875
60,9741.27086875
61,9741.27086875
62,9741.27086875
63,9741.27086875
64,9741.27086875
65,9741.27086875
66,9741.27086875
67,9741.27086875
68,9741.27086875
69,9741.27086875
70,9741.27086875
71,9741.27086875
72,9741.27086875
73,9741.27086875
74,9741.27086875
75,9741.27086875
76,9742.64730625
77,9742.64730625
78,9742.64730625
79,9742.64730625
80,9742.64730625
81,9742.64730625
82,9742.64730625
83,9742.64730625
84,9742.64730625
85,9742.64730625
86,9742.64730625
87,9742.64730625
88,9742.64730625
89,9742.64730625
90,9742.64730625
91,9742.64730625
92,9742.64730625
93,9742.64730625
94,9742.64730625
95,9742.64730625
96,9742.64730625
97,9742.64730625
98,9742.64730625
99,9742.64730625
100,9742.64730625
101,9742.64730625
102,9742.64730625
103,9742.64730625
104,9742.64730625
105,9742.64730625
106,9742.64730625
107,9742.64730625
