Generation, Fitness
0,9814.7341125
1,9815.27866875
2,9815.27866875
3,9815.27866875
4,9817.77478125
5,9822.635775
6,9825.148475
7,9825.148475
8,9825.148475
9,9825.148475
10,9825.148475
11,9825.148475
12,9825.148475
13,9825.148475
14,9825.148475
15,9825.148475
16,9825.148475
17,9825.148475
18,9825.148475
19,9825.148475
20,9825.148475
21,9825.148475
22,9825.148475
23,9825.148475
24,9825.148475
25,9825.148475
26,9825.148475
27,9825.148475
28,9825.148475
29,9825.148475
30,9825.148475
31,9825.148475
32,9832.4626125
33,9832.4626125
34,9832.4626125
35,9832.4626125
36,9832.4626125
37,9832.4626125
38,9832.4626125
39,9832.4626125
40,9832.4626125
41,9832.4626125
42,9832.4626125
43,9832.4626125
44,9832.4626125
45,9832.4626125
46,9832.4626125
47,9832.4626125
48,9832.4626125
49,9832.4626125
50,9832.4626125
51,9832.4626125
52,9832.4626125
53,9832.4626125
54,9832.4626125
55,9832.4626125
56,9832.4626125
57,9832.4626125
58,9832.4626125
59,9832.4626125
60,9832.4626125
61,9832.4626125
62,9832.4626125
63,9832.4626125
