Generation, Fitness
0,9808.181075
1,9813.24068125
2,9814.80945625
3,9819.6468875
4,9819.6468875
5,9819.6468875
6,9819.6468875
7,9819.6468875
8,9819.6468875
9,9819.6468875
10,9819.6468875
11,9819.6468875
12,9819.6468875
13,9824.61305625
14,9824.61305625
15,9824.61305625
16,9824.61305625
17,9824.61305625
18,9824.61305625
19,9824.61305625
20,9824.61305625
21,9824.61305625
22,9824.61305625
23,9824.61305625
24,9824.61305625
25,9824.61305625
26,9824.61305625
27,9824.61305625
28,9824.61305625
29,9824.61305625
30,9824.61305625
31,9824.61305625
32,9824.61305625
33,9824.61305625
34,9824.61305625
35,9824.61305625
36,9824.61305625
37,9824.61305625
38,9824.61305625
39,9824.61305625
40,9824.61305625
41,9824.61305625
42,9827.482775
43,9827.482775
44,9827.482775
45,9827.482775
46,9827.482775
47,9827.482775
48,9827.482775
49,9827.482775
50,9827.482775
51,9827.482775
52,9827.482775
53,9827.482775
54,9827.482775
55,9827.482775
56,9827.482775
57,9827.482775
58,9827.482775
59,9827.482775
60,9827.482775
61,9827.482775
62,9827.482775
63,9827.482775
64,9827.482775
65,9827.482775
66,9827.482775
67,9827.482775
68,9827.482775
69,9827.482775
70,9827.482775
71,9827.482775
72,9827.482775
73,9827.482775
