Train MAE,Validation MAE,Test MAE,Train MSE,Validation MSE,Test MSE,Train RMSE,Validation RMSE,Test RMSE,Execution Time
189.77260625,201.7806875,175.28099999999995,296230.1579875,334577.07218749996,93525.35199375,399.18649375000007,374.44414374999997,263.58871874999994,
165.8835125,187.72346875,178.08998125,255284.8408875,324650.57651875,105366.2730875,366.77625,362.32093125000006,277.71150624999996,
168.0904,185.85861875,175.52818125,246076.75376249998,311224.99086874997,101773.77882499999,362.36298124999996,349.41932499999996,275.7318375,
194.26256249999997,215.3097375,174.91758125,269673.35876875004,325333.23489375,88266.19917499999,394.04574375000004,381.76039374999993,260.87074375,
165.49846250000002,181.6572375,174.29050625,267274.01046250004,317497.4637125,94349.99424375,377.70512499999995,352.0809124999999,268.07461249999994,
=average(A2:A6),=average(B2:B6),=average(C2:C6),=average(D2:D6),=average(E2:E6),=average(F2:F6),=average(G2:G6)
