Train AUROC,Validation AUROC,Test AUROC,Train AUPRC,Validation AUPRC,Test AUPRC
0.5917885714285714,0.41672135714285713,0.41282207142857147,0.32515599999999995,0.30416671428571435,0.30312878571428575,
=average(A2:A2),=average(B2:B2),=average(C2:C2),=average(D2:D2),=average(E2:E2),=average(F2:F2)
