AUROC,AUPRC
0.41282207142857147,0.30312878571428575,
=average(A2:A2),=average(B2:B2),=average(C2:C2)
