MAE,MSE,RMSE,Execution Time
230.31589375000004,524849.835586875,452.64285125,123.5
