Accuracy,F1,WMSEnominal
0.7526881720430109,0.5843668333333333,0.8217449763097068,
=average(A2:A2),=average(B2:B2),=average(C2:C2)
