Generation, Fitness
0,9461.06209375
1,9461.06209375
2,9461.4163
3,9467.7921625
4,9467.7921625
5,9467.7921625
6,9469.551925
7,9469.551925
8,9490.9378
9,9490.9378
10,9490.9378
11,9490.9378
12,9490.9378
13,9490.9378
14,9490.9378
15,9490.9378
16,9490.9378
17,9490.9378
18,9490.9378
19,9490.9378
20,9490.9378
21,9490.9378
22,9490.9378
23,9490.9378
24,9490.9378
25,9490.9378
26,9490.9378
27,9490.9378
28,9490.9378
29,9490.9378
30,9490.9378
31,9490.9378
32,9490.9378
33,9490.9378
34,9490.9378
35,9490.9378
36,9490.9378
37,9490.9378
38,9490.9378
39,9490.9378
