Generation, Fitness
0,9461.29050625
1,9461.29050625
2,9467.60621875
3,9467.60621875
4,9467.60621875
5,9476.50654375
6,9476.50654375
7,9477.22543125
8,9477.22543125
9,9477.22543125
10,9477.22543125
11,9477.22543125
12,9477.4317
13,9477.4317
14,9477.4317
15,9477.4317
16,9477.4317
17,9477.4317
18,9477.4317
19,9477.4317
20,9477.4317
21,9477.4317
22,9477.4317
23,9477.4317
24,9478.51965625
25,9478.51965625
26,9478.51965625
27,9478.51965625
28,9478.51965625
29,9481.921775
30,9490.63683125
31,9490.63683125
32,9490.63683125
33,9490.63683125
34,9490.63683125
35,9490.63683125
36,9490.63683125
37,9490.63683125
38,9490.63683125
39,9490.63683125
40,9493.6244125
41,9493.6244125
42,9493.6244125
43,9493.6244125
44,9493.6244125
45,9493.6244125
46,9501.95365625
47,9501.95365625
48,9501.95365625
49,9501.95365625
50,9501.95365625
51,9501.95365625
52,9501.95365625
53,9501.95365625
54,9501.95365625
55,9501.95365625
56,9501.95365625
57,9501.95365625
58,9501.95365625
59,9501.95365625
60,9501.95365625
61,9501.95365625
62,9501.95365625
63,9501.95365625
64,9501.95365625
65,9501.95365625
66,9501.95365625
67,9501.95365625
68,9501.95365625
69,9501.95365625
70,9501.95365625
71,9501.95365625
72,9501.95365625
73,9501.95365625
74,9501.95365625
75,9501.95365625
76,9501.95365625
77,9501.95365625
