Generation, Fitness
0,9239.7118125
1,9295.79204375
2,9295.79204375
3,9295.79204375
4,9295.79204375
5,9295.79204375
6,9295.79204375
7,9295.79204375
8,9299.302075
9,9299.302075
10,9299.302075
11,9299.302075
12,9299.302075
13,9299.302075
14,9299.302075
15,9299.302075
16,9299.302075
17,9299.302075
18,9299.302075
19,9299.302075
20,9299.302075
21,9299.302075
22,9299.302075
23,9299.302075
24,9299.302075
25,9299.302075
26,9299.302075
27,9299.302075
28,9301.43831875
29,9301.43831875
30,9301.43831875
31,9301.43831875
32,9301.43831875
33,9301.43831875
34,9301.43831875
35,9301.43831875
36,9301.43831875
37,9303.1817125
38,9303.1817125
39,9303.1817125
40,9303.1817125
41,9303.1817125
42,9336.60343125
43,9336.60343125
44,9336.60343125
45,9336.60343125
46,9336.60343125
47,9336.60343125
48,9336.60343125
49,9336.60343125
50,9336.60343125
51,9336.60343125
52,9336.60343125
53,9345.4107375
54,9347.23950625
55,9347.23950625
56,9347.23950625
57,9347.23950625
58,9347.23950625
59,9347.23950625
60,9347.23950625
61,9347.23950625
62,9347.23950625
63,9347.23950625
64,9347.23950625
65,9352.62473125
66,9352.62473125
67,9352.62473125
68,9352.62473125
69,9352.62473125
70,9352.62473125
71,9352.62473125
72,9352.62473125
73,9352.62473125
74,9352.62473125
75,9352.62473125
76,9352.62473125
77,9352.62473125
78,9352.62473125
79,9352.62473125
80,9352.62473125
81,9352.62473125
82,9352.62473125
83,9352.62473125
84,9352.62473125
85,9352.62473125
86,9352.62473125
87,9352.62473125
88,9352.62473125
89,9352.62473125
90,9352.62473125
91,9352.62473125
92,9352.62473125
93,9352.62473125
94,9352.62473125
95,9352.62473125
96,9352.62473125
