Train MAE,Validation MAE,Test MAE,Train MSE,Validation MSE,Test MSE,Train RMSE,Validation RMSE,Test RMSE,Execution Time
347.39009999999996,647.37526875,628.34388125,573833.3245,3091044.2399499994,2086437.2377749998,603.3669437499999,1322.1828375000002,1074.7497624999999,
355.4842375,839.4405687500001,509.0622,871168.93665625,6557388.8734312495,1265795.77593125,701.4035625,1899.1934812499999,857.3414375,
315.902175,846.97544375,498.0463437499999,556801.7095374999,5927293.1976875,1318776.74674375,602.0097374999999,1840.9559499999998,859.6120937499999,
333.30258125,888.0963437500002,491.4274750000001,763147.6767937501,8026155.94021875,1239600.3720375001,652.55569375,2018.8466687499997,855.16784375,
336.792275,839.5904562500001,501.84231875,863710.0279562501,6557535.77226875,1268102.2424937503,678.0713187499998,1898.01085625,852.0926125,
=average(A2:A6),=average(B2:B6),=average(C2:C6),=average(D2:D6),=average(E2:E6),=average(F2:F6),=average(G2:G6)
