AUROC,AUPRC,Executio Time
0.6028932142857143,0.39754200000000006,
0.618076,0.41801828571428573,
0.6161032857142856,0.41123142857142864,
0.5910464285714286,0.40138935714285723,
0.5872507857142857,0.38309264285714295,
=average(A2:A6),=average(B2:B6),=average(C2:C6),=average(D2:D6)
