Train MAE, Validation MAE, Test MAE, Train MSE, Validation MSE, Test MSE, Train RMSE, Validation RMSE, Test RMSE, Train Execution Time, Validation Execution Time, Test Execution Time
0.36667649999999996,0.70737825,0.6902704999999999,0.8308177499999999,5.200574250000001,3.9130555,0.79919875,1.859507,1.6504249999999996,247.28000000000003,247.28000000000003,247.28000000000003
