MAE,MSE,RMSE,Execution Time
0.6008137499999999,3.576215,1.5472887499999999,16.360000000000003
