Train AUROC, Train AUPRC, Test AUROC, Test AUPRC, Execution Time
0.9950612085561499,0.957022807486631,0.5115441390374332,0.013116216577540115
0.9936226283422455,0.9281844973262036,0.4821090053475937,0.01200175668449197
0.9924056229946526,0.9169039465240633,0.4891295561497328,0.013080708556149736
0.9841890294117652,0.8835686871657753,0.5036702352941179,0.013792235294117649
0.9798739251336904,0.8685249839572186,0.48844186096256687,0.012881302139037423
0.9866099545454559,0.911192823529412,0.5015374732620322,0.015690176470588228
