MAE,MSE,RMSE,Execution Time
0.6115124999999998,6.613399999999999,2.254225,
0.6115124999999998,6.613399999999999,2.254225,
0.6115124999999998,6.613399999999999,2.254225,
0.6115124999999998,6.613399999999999,2.254225,
0.6115124999999998,6.613399999999999,2.254225,
=average(A2:A6),=average(B2:B6),=average(C2:C6),=average(D2:D6)
