Train MAE,Validation MAE,Test MAE,Train MSE,Validation MSE,Test MSE,Train RMSE,Validation RMSE,Test RMSE,Execution Time
0.382525,0.4381,0.39862500000000006,0.8904499999999999,0.938125,1.8013875000000001,0.8261125,0.8376250000000001,1.1164625000000001,
0.382525,0.4381,0.39862500000000006,0.8904499999999999,0.938125,1.8013875000000001,0.8261125,0.8376250000000001,1.1164625000000001,
0.382525,0.4381,0.39862500000000006,0.8904499999999999,0.938125,1.8013875000000001,0.8261125,0.8376250000000001,1.1164625000000001,
0.382525,0.4381,0.39862500000000006,0.8904499999999999,0.938125,1.8013875000000001,0.8261125,0.8376250000000001,1.1164625000000001,
0.382525,0.4381,0.39862500000000006,0.8904499999999999,0.938125,1.8013875000000001,0.8261125,0.8376250000000001,1.1164625000000001,
=average(A2:A6),=average(B2:B6),=average(C2:C6),=average(D2:D6),=average(E2:E6),=average(F2:F6),=average(G2:G6)
