MAE,MSE,RMSE,Execution Time
0.698675,5.30535,2.0942,
0.6895375,6.347912499999999,2.1737874999999995,
0.6895375,6.347912499999999,2.1737874999999995,
0.6895375,6.347912499999999,2.1737874999999995,
0.6895375,6.347912499999999,2.1737874999999995,
=average(A2:A6),=average(B2:B6),=average(C2:C6),=average(D2:D6)
