Train MAE,Validation MAE,Test MAE,Train MSE,Validation MSE,Test MSE,Train RMSE,Validation RMSE,Test RMSE,Execution Time
0.35895,0.674025,0.698675,0.5950124999999999,4.3828000000000005,5.30535,0.62675,1.6570375,2.0942,
0.33665000000000006,0.7039875,0.6895375,0.6534500000000001,7.9748874999999995,6.347912499999999,0.6762374999999999,2.19505,2.1737874999999995,
0.33665000000000006,0.7039875,0.6895375,0.6534500000000001,7.9748874999999995,6.347912499999999,0.6762374999999999,2.19505,2.1737874999999995,
0.33665000000000006,0.7039875,0.6895375,0.6534500000000001,7.9748874999999995,6.347912499999999,0.6762374999999999,2.19505,2.1737874999999995,
0.33665000000000006,0.7039875,0.6895375,0.6534500000000001,7.9748874999999995,6.347912499999999,0.6762374999999999,2.19505,2.1737874999999995,
=average(A2:A6),=average(B2:B6),=average(C2:C6),=average(D2:D6),=average(E2:E6),=average(F2:F6),=average(G2:G6)
