MAE,MSE,RMSE,Execution Time
0.39862500000000006,1.8013875000000001,1.1164625000000001,
0.39862500000000006,1.8013875000000001,1.1164625000000001,
0.39862500000000006,1.8013875000000001,1.1164625000000001,
0.39862500000000006,1.8013875000000001,1.1164625000000001,
0.39862500000000006,1.8013875000000001,1.1164625000000001,
=average(A2:A6),=average(B2:B6),=average(C2:C6),=average(D2:D6)
