Train AUROC, Train AUPRC, Test AUROC, Test AUPRC, Execution Time
0.9973371428571429,0.9926231428571428,0.8339568571428572,0.8128650000000001
0.998358,0.9984934285714286,0.726814,0.6886497142857143
0.9986442857142858,0.9986568571428572,0.6894558571428571,0.6806432857142858
0.9990249999999999,0.9991215714285714,0.6404762857142857,0.6332035714285714
