AUROC,AUPRC,Executio Time
0.7913930000000001,0.8104774285714286,
0.7913930000000001,0.8104774285714286,
0.6630897142857143,0.6596468571428572,
0.7913930000000001,0.8104774285714286,
0.6630897142857143,0.6596468571428572,
=average(A2:A6),=average(B2:B6),=average(C2:C6),=average(D2:D6)
