Generation, Fitness
0,0.7903807759284973
1,0.7957221865653992
2,0.7979189157485962
3,0.7979189157485962
4,0.7979189157485962
5,0.7979189157485962
6,0.7979189157485962
7,0.7979189157485962
8,0.7979189157485962
9,0.7979189157485962
10,0.7979189157485962
11,0.7979189157485962
12,0.7979189157485962
13,0.7979189157485962
14,0.7979189157485962
15,0.7979189157485962
16,0.7979189157485962
17,0.7979189157485962
18,0.7979189157485962
19,0.7979189157485962
20,0.7979189157485962
21,0.7979189157485962
22,0.7979189157485962
23,0.7979189157485962
24,0.7979189157485962
25,0.7979189157485962
26,0.7979189157485962
27,0.7979189157485962
28,0.7979189157485962
29,0.7979189157485962
30,0.7979189157485962
31,0.7979189157485962
32,0.7979189157485962
33,0.7979189157485962
34,0.7979189157485962
35,0.7979189157485962
36,0.7979189157485962
37,0.7979189157485962
38,0.7979189157485962
39,0.7979189157485962
40,0.7979189157485962
41,0.7979189157485962
42,0.7979189157485962
43,0.7979189157485962
44,0.7979189157485962
45,0.7979189157485962
46,0.7979189157485962
47,0.7979189157485962
48,0.7979189157485962
49,0.7979189157485962
50,0.7979189157485962
51,0.7979189157485962
52,0.7979189157485962
53,0.7979189157485962
