Generation, Fitness
0,0.7886631488800049
1,0.8117944002151489
2,0.8117944002151489
3,0.8117944002151489
4,0.8117944002151489
5,0.8117944002151489
6,0.8117944002151489
7,0.8117944002151489
8,0.8212473392486572
9,0.8212473392486572
10,0.8212473392486572
11,0.8212473392486572
12,0.8212473392486572
13,0.8212473392486572
14,0.8212473392486572
15,0.825005054473877
16,0.8417483568191528
17,0.8417483568191528
18,0.8417483568191528
19,0.8417483568191528
20,0.8417483568191528
21,0.8417483568191528
22,0.8417483568191528
23,0.8417483568191528
24,0.8417483568191528
25,0.8417483568191528
26,0.8417483568191528
27,0.8417483568191528
28,0.8417483568191528
29,0.8417483568191528
30,0.8417483568191528
31,0.8417483568191528
32,0.8417483568191528
33,0.8417483568191528
34,0.8417483568191528
35,0.8417483568191528
36,0.8417483568191528
37,0.8417483568191528
38,0.8417483568191528
39,0.8417483568191528
40,0.8417483568191528
41,0.8417483568191528
42,0.8417483568191528
43,0.8417483568191528
44,0.8417483568191528
45,0.8417483568191528
46,0.8417483568191528
47,0.8417483568191528
48,0.8417483568191528
49,0.8417483568191528
50,0.8417483568191528
51,0.8417483568191528
52,0.8417483568191528
53,0.8417483568191528
54,0.8417483568191528
55,0.8417483568191528
56,0.8417483568191528
57,0.8417483568191528
58,0.8417483568191528
59,0.8417483568191528
60,0.8417483568191528
61,0.8417483568191528
62,0.8417483568191528
63,0.8417483568191528
64,0.8417483568191528
65,0.8417483568191528
66,0.8417483568191528
67,0.8417483568191528
