AUROC,AUPRC,Executio Time
0.6782698947368422,0.3635611052631579,
0.6057563684210526,0.24092526315789475,
0.5738626315789473,0.1493463157894737,
0.6984560000000001,0.22735368421052632,
0.6671778421052632,0.2679470526315789,
=average(A2:A6),=average(B2:B6),=average(C2:C6),=average(D2:D6)
