Generation, Fitness
0,0.7845507860183716
1,0.7888410091400146
2,0.7889317870140076
3,0.7889317870140076
4,0.7889317870140076
5,0.7889317870140076
6,0.7889317870140076
7,0.7889317870140076
8,0.7889317870140076
9,0.7889317870140076
10,0.7889317870140076
11,0.7889317870140076
12,0.7889317870140076
13,0.7889317870140076
14,0.7889317870140076
15,0.7889317870140076
16,0.7889317870140076
17,0.7889317870140076
18,0.7889317870140076
19,0.7889317870140076
20,0.7889317870140076
21,0.7889317870140076
22,0.7889317870140076
23,0.7889317870140076
24,0.7889317870140076
25,0.7889317870140076
26,0.7889317870140076
27,0.7889317870140076
28,0.7889317870140076
29,0.7889317870140076
30,0.7889317870140076
31,0.7889317870140076
32,0.7889317870140076
33,0.7889317870140076
34,0.7889317870140076
35,0.7889317870140076
36,0.7889317870140076
37,0.7889317870140076
38,0.7889317870140076
39,0.7889317870140076
40,0.7889317870140076
41,0.7889317870140076
42,0.7889317870140076
43,0.7889317870140076
44,0.7889317870140076
45,0.7889317870140076
46,0.7889317870140076
47,0.7889317870140076
48,0.7889317870140076
49,0.7889317870140076
50,0.7889317870140076
51,0.7889317870140076
52,0.7889317870140076
53,0.7889317870140076
