Generation, Fitness
0,0.7845507860183716
1,0.7888906598091125
2,0.7888906598091125
3,0.7888906598091125
4,0.7888906598091125
5,0.7888906598091125
6,0.7888906598091125
7,0.7888906598091125
8,0.7888906598091125
9,0.7888906598091125
10,0.7888906598091125
11,0.7888906598091125
12,0.7888906598091125
13,0.7888906598091125
14,0.7888906598091125
15,0.7888906598091125
16,0.7977461814880371
17,0.7977461814880371
18,0.7977461814880371
19,0.7977461814880371
20,0.7977461814880371
21,0.7977461814880371
22,0.7977461814880371
23,0.7977461814880371
24,0.7977461814880371
25,0.7977461814880371
26,0.7977461814880371
27,0.7977461814880371
28,0.7977461814880371
29,0.7977461814880371
30,0.7977461814880371
31,0.7977461814880371
32,0.7977461814880371
33,0.7977461814880371
34,0.7977461814880371
35,0.8041163086891174
36,0.8041163086891174
37,0.8041163086891174
38,0.8041163086891174
39,0.8041163086891174
40,0.8041163086891174
41,0.8041163086891174
42,0.8041163086891174
43,0.8041163086891174
44,0.8041163086891174
45,0.8041163086891174
46,0.8041163086891174
47,0.8041163086891174
48,0.8041163086891174
49,0.8041163086891174
50,0.8041163086891174
51,0.8041163086891174
52,0.8041163086891174
53,0.8041163086891174
54,0.8041163086891174
55,0.8041163086891174
56,0.8041163086891174
57,0.8041163086891174
58,0.8041163086891174
59,0.8041163086891174
60,0.8041163086891174
61,0.8041163086891174
62,0.8041163086891174
63,0.8041163086891174
64,0.8041163086891174
65,0.8041163086891174
66,0.8041163086891174
67,0.8041163086891174
68,0.8041163086891174
69,0.8041163086891174
70,0.8041163086891174
71,0.8041163086891174
72,0.8041163086891174
73,0.8041163086891174
74,0.8041163086891174
75,0.8041163086891174
76,0.8041163086891174
77,0.8041163086891174
78,0.8041163086891174
79,0.8041163086891174
80,0.8041163086891174
81,0.8041163086891174
82,0.8041163086891174
83,0.8041163086891174
84,0.8041163086891174
85,0.8041163086891174
86,0.8041163086891174
