MAE,MSE,RMSE,Execution Time
0.7563874999999999,5.448675,2.0578749999999997,
0.7563874999999999,5.448675,2.0578749999999997,
0.7563874999999999,5.448675,2.0578749999999997,
0.7563874999999999,5.448675,2.0578749999999997,
0.7563874999999999,5.448675,2.0578749999999997,
=average(A2:A6),=average(B2:B6),=average(C2:C6),=average(D2:D6)
