MAE,MSE,RMSE,Execution Time
0.7541625,5.419575,1.9221,
0.7129374999999999,4.3725499999999995,1.773925,
0.7129374999999999,4.3725499999999995,1.773925,
0.7129374999999999,4.3725499999999995,1.773925,
0.7129374999999999,4.3725499999999995,1.773925,
=average(A2:A6),=average(B2:B6),=average(C2:C6),=average(D2:D6)
