MAE,MSE,RMSE,Execution Time
0.6634375000000001,4.7572125000000005,1.9128375,
0.6634375000000001,4.7572125000000005,1.9128375,
0.6634375000000001,4.7572125000000005,1.9128375,
0.6634375000000001,4.7572125000000005,1.9128375,
0.6634375000000001,4.7572125000000005,1.9128375,
=average(A2:A6),=average(B2:B6),=average(C2:C6),=average(D2:D6)
