MAE,MSE,RMSE,Execution Time
0.41872500000000007,1.2220499999999999,0.9410250000000001,
=average(A2:A2),=average(B2:B2),=average(C2:C2),=average(D2:D2)
