AUROC,AUPRC,Executio Time
0.6648581428571428,0.6943739999999999,
0.6648581428571428,0.6943739999999999,
0.6648581428571428,0.6943739999999999,
0.6648581428571428,0.6943739999999999,
0.6648581428571428,0.6943739999999999,
=average(A2:A6),=average(B2:B6),=average(C2:C6),=average(D2:D6)
