MAE,MSE,RMSE,Execution Time
232.57932999999997,535116.14799,461.65692625,135.5
