MAE,MSE,RMSE,Execution Time
230.11944750000004,526527.12313875,445.33583250000004,132.3
