MAE,MSE,RMSE,Execution Time
2957.1689833333326,1.6836814229328334E8,6479.478616666668,
=average(A2:A2),=average(B2:B2),=average(C2:C2),=average(D2:D2)
