MAE,MSE,RMSE
6.0764499999999995,258.5749375,13.387662499999998,
6.0764499999999995,258.5749375,13.387662499999998,
6.0764499999999995,258.5749375,13.387662499999998,
6.0764499999999995,258.5749375,13.387662499999998,
6.0764499999999995,258.5749375,13.387662499999998,
=average(A2:A6),=average(B2:B6),=average(C2:C6)
