MAE,MSE,RMSE
21.100187499999997,1236.3453750000003,29.0946875,
=average(A2:A2),=average(B2:B2),=average(C2:C2)
