MAE,MSE,RMSE,Execution Time
0.7748125,6.049188750000001,2.04293625,468.2
