MAE,MSE,RMSE,Execution Time
0.8524785714285715,1.4509285714285716,1.1767142857142858,
=average(A2:A2),=average(B2:B2),=average(C2:C2),=average(D2:D2)
