AUROC,AUPRC,Execution Time
0.8476751251851852,0.6949416762962962,103.76000000000002
