Generation, Fitness
0,0.6357714533805847
1,0.6357714533805847
2,0.6357714533805847
3,0.6357714533805847
4,0.6378014087677002
5,0.6378014087677002
6,0.6378014087677002
7,0.6378014087677002
8,0.6378014087677002
9,0.6378014087677002
10,0.6378014087677002
11,0.6378014087677002
12,0.6378014087677002
13,0.6482676863670349
14,0.6482676863670349
15,0.6482676863670349
16,0.6482676863670349
17,0.6482676863670349
18,0.6482676863670349
19,0.6482676863670349
20,0.6482676863670349
21,0.6482676863670349
22,0.6482676863670349
23,0.6482676863670349
24,0.6482676863670349
25,0.6482676863670349
26,0.6482676863670349
27,0.6482676863670349
28,0.6482676863670349
29,0.6482676863670349
30,0.6482676863670349
31,0.6482676863670349
32,0.6482676863670349
33,0.6482676863670349
34,0.6482676863670349
35,0.6482676863670349
36,0.6482676863670349
37,0.6482676863670349
38,0.6482676863670349
39,0.6482676863670349
40,0.6482676863670349
41,0.6482676863670349
42,0.6482676863670349
43,0.6482676863670349
44,0.6482676863670349
45,0.6482676863670349
46,0.6482676863670349
47,0.6482676863670349
48,0.6482676863670349
49,0.6482676863670349
50,0.6482676863670349
51,0.6482676863670349
52,0.6482676863670349
53,0.6492214202880859
54,0.6492214202880859
55,0.6492214202880859
56,0.6492214202880859
57,0.6492214202880859
58,0.6492214202880859
59,0.6492214202880859
60,0.6492214202880859
61,0.6492214202880859
62,0.6492214202880859
63,0.6492214202880859
64,0.6492214202880859
65,0.6492214202880859
66,0.6492214202880859
67,0.6492214202880859
68,0.6492214202880859
69,0.6492214202880859
70,0.6492214202880859
71,0.6492214202880859
72,0.6492214202880859
73,0.6492214202880859
74,0.6492214202880859
75,0.6492214202880859
76,0.6492214202880859
77,0.6492214202880859
78,0.6492214202880859
79,0.6492214202880859
80,0.6492214202880859
81,0.6492214202880859
82,0.6492214202880859
83,0.6492214202880859
84,0.6492214202880859
85,0.6492214202880859
86,0.6492214202880859
87,0.6492214202880859
88,0.6492214202880859
89,0.6492214202880859
90,0.6492214202880859
91,0.6492214202880859
92,0.6492214202880859
93,0.6492214202880859
94,0.6492214202880859
95,0.6492214202880859
96,0.6492214202880859
97,0.6492214202880859
98,0.6492214202880859
99,0.6492214202880859
100,0.6492214202880859
101,0.6492214202880859
102,0.6492214202880859
103,0.6492214202880859
104,0.6492214202880859
