Train AUROC,Validation AUROC,Test AUROC,Train AUPRC,Validation AUPRC,Test AUPRC, Execution Time
0.7078443571428572,0.6069559285714284,0.5618222142857143,0.6061102857142856,0.39775064285714284,0.3550321428571429,
0.7062626428571429,0.6044364285714285,0.5954007857142857,0.5616672857142857,0.4070490000000001,0.38278078571428564,
0.7205892857142856,0.6345848571428572,0.5668815714285714,0.47674928571428576,0.4050327142857143,0.36013214285714285,
0.8351749285714286,0.6064652857142857,0.586407,0.6830200714285715,0.3986881428571428,0.37360035714285716,
0.7819176428571428,0.6261889999999999,0.6156294999999999,0.6709822857142858,0.4062065,0.3919151428571429,
=average(A2:A6),=average(B2:B6),=average(C2:C6),=average(D2:D6),=average(E2:E6),=average(F2:F6),=average(G2:G6)
