Train AUROC,Validation AUROC,Test AUROC,Train AUPRC,Validation AUPRC,Test AUPRC
0.6147997857142856,0.4152435714285714,0.38329421428571425,0.35878785714285716,0.30312878571428575,0.2967478571428571,
=average(A2:A2),=average(B2:B2),=average(C2:C2),=average(D2:D2),=average(E2:E2),=average(F2:F2)
