AUROC,AUPRC,Executio Time
0.6214202857142858,0.40065028571428574,
0.5447970714285715,0.3426548571428571,
0.6052966428571428,0.37954092857142857,
0.624756,0.3970667142857143,
0.6214202857142858,0.40065028571428574,
=average(A2:A6),=average(B2:B6),=average(C2:C6),=average(D2:D6)
