AUROC,AUPRC,Executio Time
0.5618222142857143,0.3550321428571429,
0.5954007857142857,0.38278078571428564,
0.5668815714285714,0.36013214285714285,
0.586407,0.37360035714285716,
0.6156294999999999,0.3919151428571429,
=average(A2:A6),=average(B2:B6),=average(C2:C6),=average(D2:D6)
