Accuracy,F1,WMSEnominal
0.7602339181286549,0.5718346666666667,0.8485240443922125,
=average(A2:A2),=average(B2:B2),=average(C2:C2)
