Train AUROC, Validation AUROC, Test AUROC, Train AUPRC, Validation AUPRC, Test AUPRC
0.8321713666666668,0.77435105,0.7724352833333332,0.6792024833333332,0.6014087333333332,0.60236635
