Generation, Fitness
0,0.7537025213241577
1,0.7537025213241577
2,0.7537025213241577
3,0.7537025213241577
4,0.7537025213241577
5,0.7537025213241577
6,0.7537025213241577
7,0.7537025213241577
8,0.7537025213241577
9,0.7537025213241577
10,0.7537025213241577
11,0.7537025213241577
