MAE,MSE,RMSE,Execution Time
39.72199375,4026.650350000001,62.519706250000006,
44.938649999999996,5215.471500000001,69.9088125,
43.27050625,4436.949168749999,65.8716875,
38.2892875,3885.1931062500003,61.37638750000001,
42.3562125,4355.550243750001,65.43501875,
=average(A2:A6),=average(B2:B6),=average(C2:C6),=average(D2:D6)
