Generation, Fitness
0,0.7486842274665833
1,0.7486842274665833
2,0.7486842274665833
3,0.7486842274665833
4,0.7486842274665833
5,0.7486842274665833
6,0.7486842274665833
7,0.7486842274665833
8,0.7486842274665833
9,0.7486842274665833
10,0.7486842274665833
11,0.7486842274665833
12,0.7486842274665833
13,0.7486842274665833
14,0.7486842274665833
15,0.7486842274665833
16,0.7486842274665833
17,0.7486842274665833
18,0.7486842274665833
19,0.7486842274665833
20,0.7486842274665833
21,0.7486842274665833
