TrainVal MAE,Validation MAE,Test MAE,TrainVal MSE,Validation MSE,Test MSE,TrainVal RMSE,Validation RMSE,Test RMSE,Execution Time
0.37337499999999996,0.7223499999999999,0.566775,0.7901625000000001,3.9461250000000003,2.1570375000000004,0.7858375000000001,1.7075375,1.2380125000000002,
0.37337499999999996,0.7223499999999999,0.566775,0.7901625000000001,3.9461250000000003,2.1570375000000004,0.7858375000000001,1.7075375,1.2380125000000002,
0.37337499999999996,0.7223499999999999,0.566775,0.7901625000000001,3.9461250000000003,2.1570375000000004,0.7858375000000001,1.7075375,1.2380125000000002,
0.37337499999999996,0.7223499999999999,0.566775,0.7901625000000001,3.9461250000000003,2.1570375000000004,0.7858375000000001,1.7075375,1.2380125000000002,
0.37337499999999996,0.7223499999999999,0.566775,0.7901625000000001,3.9461250000000003,2.1570375000000004,0.7858375000000001,1.7075375,1.2380125000000002,
=average(A2:A6),=average(B2:B6),=average(C2:C6),=average(D2:D6),=average(E2:E6),=average(F2:F6),=average(G2:G6)
