Generation, Fitness
0,0.6467403769493103
1,0.6467403769493103
2,0.6467403769493103
3,0.6467403769493103
4,0.6467403769493103
5,0.6467403769493103
6,0.6467403769493103
7,0.6467403769493103
8,0.6467403769493103
9,0.6467403769493103
10,0.6467403769493103
11,0.6467403769493103
12,0.6467403769493103
13,0.6467403769493103
14,0.6467403769493103
15,0.6467403769493103
16,0.6467403769493103
17,0.6467403769493103
18,0.6467403769493103
19,0.6467403769493103
20,0.6467403769493103
21,0.6467403769493103
22,0.6467403769493103
23,0.6467403769493103
24,0.6467403769493103
25,0.6467403769493103
26,0.6467403769493103
27,0.6467403769493103
28,0.6467403769493103
29,0.6467403769493103
30,0.6467403769493103
31,0.6467403769493103
32,0.6467403769493103
33,0.6467403769493103
34,0.6467403769493103
35,0.6467403769493103
36,0.6467403769493103
37,0.6467403769493103
38,0.6467403769493103
39,0.6467403769493103
40,0.6467403769493103
41,0.6467403769493103
42,0.6467403769493103
43,0.6467403769493103
44,0.6467403769493103
45,0.6467403769493103
46,0.6467403769493103
47,0.6467403769493103
48,0.6467403769493103
49,0.6467403769493103
50,0.6467403769493103
51,0.6467403769493103
