Train AUROC,Validation AUROC,Test AUROC,Train AUPRC,Validation AUPRC,Test AUPRC, Execution Time
0.7213679285714285,0.5732178571428571,0.5744372142857143,0.5755212142857143,0.35785742857142855,0.3721784285714286,
0.7356043571428571,0.5661231428571429,0.607527,0.6070027857142859,0.3740132857142857,0.3998540714285714,
0.8363824285714284,0.6026845714285715,0.5920243571428571,0.6975945,0.37453157142857135,0.3894691428571429,
0.6544487857142858,0.5867356428571427,0.6067232857142857,0.45575350000000003,0.39462800000000003,0.4023032142857143,
0.7485390714285713,0.5931084285714286,0.5941985714285714,0.5322089999999999,0.3850099285714287,0.3918283571428572,
=average(A2:A6),=average(B2:B6),=average(C2:C6),=average(D2:D6),=average(E2:E6),=average(F2:F6),=average(G2:G6)
