Generation, Fitness
0,0.6844441294670105
1,0.6907934546470642
2,0.6920318603515625
3,0.6944130063056946
4,0.6944130063056946
5,0.6944130063056946
6,0.6983811259269714
7,0.6983811259269714
8,0.6983811259269714
9,0.6983811259269714
10,0.6983811259269714
11,0.6983811259269714
12,0.6983811259269714
13,0.6983811259269714
14,0.6983811259269714
15,0.6983811259269714
16,0.6983811259269714
17,0.6983811259269714
