MAE,MSE,RMSE,Execution Time
0.8551714285714285,1.4382285714285712,1.1713642857142859,
=average(A2:A2),=average(B2:B2),=average(C2:C2),=average(D2:D2)
