AUROC,AUPRC,Executio Time
0.8528824285714286,0.8458815714285715,
0.8508218571428571,0.8216095714285715,
0.8528824285714286,0.8458815714285715,
0.8528824285714286,0.8458815714285715,
0.8528824285714286,0.8458815714285715,
=average(A2:A6),=average(B2:B6),=average(C2:C6),=average(D2:D6)
