MAE,MSE,RMSE
42.92595714285714,4237.413199999999,52.08270714285714,
=average(A2:A2),=average(B2:B2),=average(C2:C2)
