Train AUROC, Validation AUROC, Test AUROC, Train AUPRC, Validation AUPRC, Test AUPRC, Train Execution Time, Validation Execution Time, Test Execution Time
0.7196634857142857,0.7670736714285714,0.6843354285714286,0.6839799285714286,0.7189416428571429,0.6646126285714286,0.04,0.04,0.04
