Generation, Fitness
0,9999.12607142857
1,9999.12607142857
2,9999.128185714286
3,9999.129471428572
4,9999.129471428572
5,9999.1316
6,9999.1316
7,9999.132028571428
8,9999.132028571428
9,9999.132492857143
10,9999.134921428571
11,9999.134921428571
12,9999.134921428571
13,9999.134921428571
14,9999.134921428571
15,9999.13705
16,9999.13705
17,9999.13705
18,9999.13705
19,9999.13705
20,9999.13705
21,9999.13705
22,9999.13705
23,9999.13705
24,9999.13705
25,9999.13705
26,9999.13705
27,9999.13705
28,9999.13705
29,9999.137435714285
30,9999.137435714285
31,9999.137435714285
32,9999.137435714285
33,9999.140592857142
34,9999.140592857142
35,9999.140592857142
36,9999.140592857142
37,9999.140592857142
38,9999.140592857142
39,9999.140592857142
40,9999.140592857142
41,9999.140592857142
42,9999.140592857142
43,9999.140592857142
44,9999.140592857142
45,9999.140592857142
46,9999.140592857142
47,9999.140592857142
48,9999.140592857142
49,9999.140592857142
50,9999.140592857142
51,9999.140592857142
52,9999.140592857142
53,9999.140592857142
54,9999.140592857142
55,9999.140592857142
56,9999.140592857142
57,9999.140592857142
58,9999.140592857142
59,9999.140592857142
60,9999.140592857142
61,9999.140592857142
62,9999.140592857142
63,9999.140592857142
64,9999.140592857142
