Generation, Fitness
0,9999.126742857143
1,9999.126742857143
2,9999.129557142856
3,9999.133664285715
4,9999.133664285715
5,9999.133664285715
6,9999.134321428572
7,9999.134321428572
8,9999.134321428572
9,9999.134321428572
10,9999.134321428572
11,9999.134321428572
12,9999.134321428572
13,9999.134321428572
14,9999.134321428572
15,9999.134321428572
16,9999.135814285713
17,9999.135814285713
18,9999.136164285714
19,9999.136164285714
20,9999.136164285714
21,9999.136164285714
22,9999.136735714286
23,9999.138635714286
24,9999.140078571429
25,9999.140078571429
26,9999.140078571429
27,9999.140078571429
28,9999.140078571429
29,9999.140078571429
30,9999.140078571429
31,9999.140078571429
32,9999.140078571429
33,9999.140078571429
34,9999.140078571429
35,9999.140078571429
36,9999.140078571429
37,9999.140078571429
38,9999.140078571429
39,9999.140078571429
40,9999.140078571429
41,9999.140078571429
42,9999.140078571429
43,9999.140078571429
44,9999.140078571429
45,9999.140078571429
46,9999.140078571429
47,9999.140078571429
48,9999.140078571429
49,9999.140078571429
50,9999.140078571429
51,9999.140078571429
52,9999.140078571429
53,9999.140078571429
54,9999.140078571429
55,9999.140078571429
