Generation, Fitness
0,9999.128014285714
1,9999.128014285714
2,9999.128014285714
3,9999.128178571429
4,9999.128178571429
5,9999.131757142857
6,9999.131757142857
7,9999.13245
8,9999.13245
9,9999.1329
10,9999.1329
11,9999.1329
12,9999.1329
13,9999.1329
14,9999.133214285714
15,9999.133214285714
16,9999.133714285714
17,9999.133714285714
18,9999.137871428571
19,9999.137871428571
20,9999.137871428571
21,9999.137871428571
22,9999.137871428571
23,9999.137871428571
24,9999.137871428571
25,9999.137871428571
26,9999.137871428571
27,9999.137871428571
28,9999.137871428571
29,9999.137871428571
30,9999.137871428571
31,9999.137871428571
32,9999.138992857143
33,9999.138992857143
34,9999.138992857143
35,9999.140942857142
36,9999.140942857142
37,9999.140942857142
38,9999.140942857142
39,9999.140942857142
40,9999.140942857142
41,9999.140942857142
42,9999.140942857142
43,9999.140942857142
44,9999.140942857142
45,9999.140942857142
46,9999.140942857142
47,9999.140942857142
48,9999.140942857142
49,9999.140942857142
50,9999.140942857142
51,9999.140942857142
52,9999.140942857142
53,9999.140942857142
54,9999.140942857142
55,9999.140942857142
56,9999.140942857142
57,9999.140942857142
58,9999.140942857142
59,9999.140942857142
60,9999.140942857142
61,9999.140942857142
62,9999.140942857142
63,9999.140942857142
64,9999.140942857142
65,9999.140942857142
66,9999.140942857142
