MAE,MSE,RMSE,Execution Time
0.8819499999999999,1.604007142857143,1.2357285714285713,
0.8754428571428573,1.5880142857142858,1.229357142857143,
0.8793428571428571,1.59255,1.2314357142857142,
0.88355,1.5449857142857142,1.2159142857142857,
0.8993785714285715,1.6170857142857145,1.2398714285714285,
=average(A2:A6),=average(B2:B6),=average(C2:C6),=average(D2:D6)
