Train MAE,Validation MAE,Test MAE,Train MSE,Validation MSE,Test MSE,Train RMSE,Validation RMSE,Test RMSE,Execution Time
0.8017785714285713,0.8050000000000003,0.8882428571428571,1.2990714285714287,1.3246642857142856,1.6372142857142857,1.10945,1.1188714285714285,1.2439214285714286,
0.8292785714285713,0.8630142857142857,0.859057142857143,1.370807142857143,1.4671714285714288,1.5090714285714284,1.1398357142857143,1.1752214285714284,1.2030642857142857,
0.7977785714285713,0.8338214285714286,0.8594071428571428,1.28325,1.411792857142857,1.5064500000000003,1.1041642857142855,1.15255,1.1982000000000002,
0.8208928571428571,0.8508928571428572,0.8574785714285713,1.3453714285714287,1.4568571428571426,1.5065642857142856,1.1289,1.167042857142857,1.2000500000000003,
0.8019428571428573,0.8157785714285717,0.8599214285714284,1.2906785714285716,1.3679714285714284,1.5163857142857144,1.1076214285714288,1.1337285714285714,1.2019071428571428,
=average(A2:A6),=average(B2:B6),=average(C2:C6),=average(D2:D6),=average(E2:E6),=average(F2:F6),=average(G2:G6)
