MAE,MSE,RMSE,Execution Time
0.6503000000000001,4.3542749999999995,1.6821625,
0.6503000000000001,4.3542749999999995,1.6821625,
0.6503000000000001,4.3542749999999995,1.6821625,
0.6503000000000001,4.3542749999999995,1.6821625,
0.6503000000000001,4.3542749999999995,1.6821625,
=average(A2:A6),=average(B2:B6),=average(C2:C6),=average(D2:D6)
