TrainVal MAE,Validation MAE,Test MAE,TrainVal MSE,Validation MSE,Test MSE,TrainVal RMSE,Validation RMSE,Test RMSE,Execution Time
0.4388375,0.7104,0.6503000000000001,1.5565,5.487537499999999,4.3542749999999995,1.03305,1.8983374999999998,1.6821625,
0.4388375,0.7104,0.6503000000000001,1.5565,5.487537499999999,4.3542749999999995,1.03305,1.8983374999999998,1.6821625,
0.4388375,0.7104,0.6503000000000001,1.5565,5.487537499999999,4.3542749999999995,1.03305,1.8983374999999998,1.6821625,
0.4388375,0.7104,0.6503000000000001,1.5565,5.487537499999999,4.3542749999999995,1.03305,1.8983374999999998,1.6821625,
0.4388375,0.7104,0.6503000000000001,1.5565,5.487537499999999,4.3542749999999995,1.03305,1.8983374999999998,1.6821625,
=average(A2:A6),=average(B2:B6),=average(C2:C6),=average(D2:D6),=average(E2:E6),=average(F2:F6),=average(G2:G6)
