AUROC,AUPRC,Executio Time
0.5731525,0.3897746428571428,
0.5339404285714285,0.35236407142857146,
0.5731525,0.3897746428571428,
0.583708,0.38649478571428564,
0.5733937857142858,0.3737262857142857,
=average(A2:A6),=average(B2:B6),=average(C2:C6),=average(D2:D6)
