AUROC,AUPRC,Executio Time
0.8667358333333334,0.761381,
0.8667358333333334,0.761381,
0.8667358333333334,0.761381,
0.8667358333333334,0.761381,
0.8667358333333334,0.761381,
=average(A2:A6),=average(B2:B6),=average(C2:C6),=average(D2:D6)
