Generation, Fitness
0,0.831464409828186
1,0.831464409828186
2,0.831464409828186
3,0.831464409828186
4,0.831464409828186
5,0.831464409828186
6,0.831464409828186
7,0.831464409828186
8,0.831464409828186
9,0.831464409828186
10,0.831464409828186
11,0.831464409828186
12,0.831464409828186
13,0.831464409828186
14,0.831464409828186
15,0.831464409828186
16,0.831464409828186
17,0.831464409828186
18,0.831464409828186
19,0.831464409828186
20,0.831464409828186
21,0.831464409828186
