Generation, Fitness
0,9690.7766875
1,9693.89843125
2,9702.6050625
3,9702.6050625
4,9707.23994375
5,9707.23994375
6,9707.23994375
7,9707.23994375
8,9707.23994375
9,9707.23994375
10,9707.23994375
11,9707.23994375
12,9707.23994375
13,9707.23994375
14,9707.23994375
15,9707.23994375
16,9707.23994375
17,9707.23994375
18,9707.23994375
19,9707.23994375
20,9707.23994375
21,9707.23994375
22,9707.23994375
23,9707.23994375
24,9707.4521125
25,9707.4521125
26,9711.64515625
27,9711.64515625
28,9711.64515625
29,9711.64515625
30,9711.96525
31,9711.96525
32,9711.96525
33,9711.96525
34,9711.96525
35,9711.96525
36,9711.96525
37,9711.96525
38,9711.96525
39,9711.96525
40,9711.96525
41,9711.96525
42,9711.96525
43,9711.96525
44,9711.96525
45,9711.96525
46,9711.96525
47,9711.96525
48,9711.96525
49,9711.96525
50,9713.6389
51,9714.89903125
52,9714.89903125
53,9714.89903125
54,9714.89903125
55,9714.89903125
56,9714.89903125
57,9714.89903125
58,9714.89903125
59,9714.89903125
60,9714.89903125
61,9714.89903125
62,9714.89903125
63,9714.89903125
64,9714.89903125
65,9714.89903125
66,9714.89903125
67,9714.89903125
68,9714.89903125
69,9714.89903125
70,9714.89903125
71,9714.89903125
72,9714.89903125
73,9714.89903125
74,9714.89903125
75,9714.89903125
76,9714.89903125
77,9714.89903125
78,9714.89903125
79,9714.89903125
80,9714.89903125
81,9714.89903125
82,9714.89903125
