Generation, Fitness
0,9685.5223375
1,9692.25175
2,9701.43070625
3,9701.43070625
4,9709.890625
5,9709.890625
6,9709.890625
7,9709.890625
8,9709.890625
9,9709.890625
10,9709.890625
11,9709.890625
12,9709.890625
13,9709.890625
14,9709.890625
15,9709.890625
16,9709.890625
17,9709.890625
18,9709.890625
19,9709.890625
20,9709.890625
21,9709.890625
22,9709.890625
23,9709.890625
24,9710.76955
25,9710.76955
26,9710.76955
27,9710.76955
28,9710.76955
29,9710.76955
30,9711.30949375
31,9711.30949375
32,9711.30949375
33,9711.30949375
34,9711.77070625
35,9712.1564875
36,9712.1564875
37,9712.1564875
38,9712.1564875
39,9712.1564875
40,9712.1564875
41,9712.1564875
42,9712.1564875
43,9712.1564875
44,9712.1564875
45,9712.1564875
46,9712.1564875
47,9712.1564875
48,9712.1564875
49,9712.1564875
50,9712.1564875
51,9712.1564875
52,9712.1564875
53,9712.1564875
54,9712.1564875
55,9712.1564875
56,9712.1564875
57,9712.1564875
58,9712.1564875
59,9712.1564875
60,9712.1564875
61,9712.1564875
62,9712.1564875
63,9712.1564875
64,9712.1564875
65,9712.1564875
66,9712.1564875
