Train MAE,Validation MAE,Test MAE,Train MSE,Validation MSE,Test MSE,Train RMSE,Validation RMSE,Test RMSE,Execution Time
408.0464687500001,282.299325,356.410125,821637.0420812501,272109.48584375,381191.9887125,700.24600625,393.67895,486.10963125,
404.91733125,274.27048749999994,354.28175,792868.37018125,255561.89158750002,385922.25705,692.9477937500001,383.17504375,493.29704374999994,
408.93296875,284.81915625000005,389.93188125,783389.3670125001,238529.98981874998,534481.8999875002,673.64515625,377.37033124999994,553.82171875,
401.3580125,268.363675,356.79684375,793554.51145625,255477.513175,401126.9940625,688.23215,384.1470875,493.45965625,
404.33095000000003,284.5214,351.628475,854195.3704875002,206965.66958750002,366921.49022499996,713.1839562500002,384.2782312499999,479.03855000000004,
=average(A2:A6),=average(B2:B6),=average(C2:C6),=average(D2:D6),=average(E2:E6),=average(F2:F6),=average(G2:G6)
