MAE,MSE,RMSE,Execution Time
344.15031875,362826.36964375,501.12118124999995,
286.78006875,242187.90566249998,417.2722625,
285.10096875,243812.1311375,416.572925,
288.02917499999995,259098.37394375,423.7157125,
287.8435125,235608.88511875,414.782725,
=average(A2:A6),=average(B2:B6),=average(C2:C6),=average(D2:D6)
