MAE,MSE,RMSE,Execution Time
356.410125,381191.9887125,486.10963125,
354.28175,385922.25705,493.29704374999994,
389.93188125,534481.8999875002,553.82171875,
356.79684375,401126.9940625,493.45965625,
351.628475,366921.49022499996,479.03855000000004,
=average(A2:A6),=average(B2:B6),=average(C2:C6),=average(D2:D6)
