AUROC,AUPRC,Executio Time
0.8817125263157896,0.4691841578947369,
0.8836144210526315,0.5009141578947368,
0.853236947368421,0.48714915789473684,
0.8622922105263157,0.5245615789473684,
0.8691265789473683,0.5325690000000001,
=average(A2:A6),=average(B2:B6),=average(C2:C6),=average(D2:D6)
