AUROC,AUPRC,Executio Time
0.6586449999999999,0.6526084285714286,
0.6586449999999999,0.6526084285714286,
0.6586449999999999,0.6526084285714286,
0.6586449999999999,0.6526084285714286,
0.6586449999999999,0.6526084285714286,
=average(A2:A6),=average(B2:B6),=average(C2:C6),=average(D2:D6)
