AUROC,AUPRC
0.6961212857142857,0.5037594285714285,
=average(A2:A2),=average(B2:B2),=average(C2:C2)
