Train AUROC,Validation AUROC,Test AUROC,Train AUPRC,Validation AUPRC,Test AUPRC
0.7903231428571428,0.7113814285714285,0.6961212857142857,0.6048975714285714,0.47857142857142854,0.5037594285714285,
=average(A2:A2),=average(B2:B2),=average(C2:C2),=average(D2:D2),=average(E2:E2),=average(F2:F2)
