AUROC,AUPRC,Executio Time
0.696216,0.6727665714285714,
0.696216,0.6727665714285714,
0.696216,0.6727665714285714,
0.696216,0.6727665714285714,
0.696216,0.6727665714285714,
=average(A2:A6),=average(B2:B6),=average(C2:C6),=average(D2:D6)
