AUROC,AUPRC,Executio Time
0.8333333333333334,0.6672278518518518,
0.8333333333333334,0.6672278518518518,
0.8333333333333334,0.6672278518518518,
0.8333333333333334,0.6672278518518518,
0.8333333333333334,0.6672278518518518,
=average(A2:A6),=average(B2:B6),=average(C2:C6),=average(D2:D6)
