AUROC,AUPRC,Executio Time
0.8487084999999999,0.7288585,
0.8327968333333332,0.7203565,
0.8450739999999999,0.7331455,
0.8418845,0.7262735,
0.8542438333333333,0.7222128333333333,
=average(A2:A6),=average(B2:B6),=average(C2:C6),=average(D2:D6)
