MAE,MSE,RMSE,Execution Time
0.8384785714285715,1.430492857142857,1.1742785714285715,
=average(A2:A2),=average(B2:B2),=average(C2:C2),=average(D2:D2)
