MAE,MSE,RMSE
384.234025,1275424.0913999998,798.9355999999998,
=average(A2:A2),=average(B2:B2),=average(C2:C2)
