Generation, Fitness
0,0.6064063310623169
1,0.6064063310623169
2,0.6221643090248108
3,0.6221643090248108
4,0.6221643090248108
5,0.6221643090248108
6,0.6221643090248108
7,0.6221643090248108
8,0.6221643090248108
9,0.6221643090248108
10,0.6221643090248108
11,0.6221643090248108
12,0.6221643090248108
13,0.6221643090248108
