Generation, Fitness
0,0.5603446364402771
1,0.5603446364402771
2,0.5607730746269226
3,0.5619908571243286
4,0.5619908571243286
5,0.5638905167579651
6,0.5638905167579651
7,0.5638905167579651
8,0.5638905167579651
9,0.5638905167579651
10,0.5638905167579651
11,0.5638905167579651
12,0.5638905167579651
13,0.5638905167579651
14,0.5638905167579651
15,0.5642133951187134
16,0.5642133951187134
17,0.5642133951187134
18,0.5642133951187134
19,0.5642133951187134
20,0.5642133951187134
21,0.5642133951187134
22,0.5642133951187134
23,0.5642133951187134
24,0.5642133951187134
25,0.5642133951187134
26,0.5681582093238831
27,0.5681582093238831
28,0.5681582093238831
29,0.5681582093238831
30,0.5681582093238831
31,0.5681582093238831
32,0.5681582093238831
33,0.5681582093238831
34,0.5681582093238831
35,0.5681582093238831
36,0.5681582093238831
37,0.5681582093238831
38,0.5681582093238831
39,0.5681582093238831
40,0.5681582093238831
41,0.5681582093238831
42,0.5681582093238831
43,0.5681582093238831
44,0.5681582093238831
45,0.5681582093238831
46,0.5681582093238831
47,0.5681582093238831
48,0.5681582093238831
49,0.5681582093238831
50,0.5681582093238831
51,0.5681582093238831
52,0.5681582093238831
53,0.5681582093238831
54,0.5681582093238831
55,0.5681582093238831
56,0.5681582093238831
57,0.5681582093238831
