Generation, Fitness
0,0.734382152557373
1,0.734382152557373
2,0.734382152557373
3,0.734382152557373
4,0.734382152557373
5,0.734382152557373
6,0.734382152557373
7,0.734382152557373
8,0.734382152557373
9,0.734382152557373
10,0.734382152557373
11,0.734382152557373
