MAE,MSE,RMSE
5.410057499999999,226.7312425,12.161123750000002
