MAE,MSE,RMSE
21.100187499999997,1236.3453750000003,29.0946875
