Generation, Fitness
0,0.8333333134651184
1,0.8333333134651184
2,0.8333333134651184
3,0.8333333134651184
4,0.8333333134651184
5,0.8333333134651184
6,0.8333333134651184
7,0.8333333134651184
8,0.8333333134651184
9,0.8333333134651184
10,0.8333333134651184
11,0.8333333134651184
