MAE,MSE,RMSE
0.9013275373971894,NaN,1.1114559237248973
