Generation, Fitness
0,0.7845507860183716
1,0.7845507860183716
2,0.7845507860183716
3,0.7845507860183716
4,0.7845507860183716
5,0.7845507860183716
6,0.7845507860183716
7,0.7996423244476318
8,0.7996423244476318
9,0.7996423244476318
10,0.7996423244476318
11,0.7996423244476318
12,0.7996423244476318
13,0.7996423244476318
14,0.7996423244476318
15,0.7996423244476318
16,0.7996423244476318
17,0.7996423244476318
18,0.7996423244476318
19,0.7996423244476318
20,0.7996423244476318
21,0.7996423244476318
22,0.7996423244476318
23,0.7996423244476318
24,0.7996423244476318
25,0.7996423244476318
26,0.7996423244476318
27,0.7996423244476318
28,0.8087803721427917
29,0.8087803721427917
30,0.8087803721427917
31,0.8087803721427917
32,0.8087803721427917
33,0.8087803721427917
34,0.8087803721427917
35,0.8087803721427917
36,0.8087803721427917
37,0.8087803721427917
38,0.8087803721427917
39,0.8087803721427917
40,0.8087803721427917
41,0.8087803721427917
42,0.8087803721427917
43,0.8087803721427917
44,0.8087803721427917
45,0.8087803721427917
46,0.8087803721427917
47,0.8087803721427917
48,0.8087803721427917
49,0.8087803721427917
50,0.8087803721427917
51,0.8087803721427917
52,0.8087803721427917
53,0.8087803721427917
54,0.8087803721427917
55,0.8087803721427917
56,0.8087803721427917
57,0.8087803721427917
58,0.8087803721427917
59,0.8087803721427917
