Generation, Fitness
0,0.7845507860183716
1,0.8110445141792297
2,0.8110445141792297
3,0.8110445141792297
4,0.8110445141792297
5,0.8110445141792297
6,0.8110445141792297
7,0.8110445141792297
8,0.8110445141792297
9,0.8110445141792297
10,0.8110445141792297
11,0.8110445141792297
12,0.8110445141792297
13,0.8110445141792297
14,0.8110445141792297
15,0.8110445141792297
16,0.8110445141792297
17,0.8110445141792297
18,0.8110445141792297
19,0.8110445141792297
20,0.8110445141792297
21,0.8110445141792297
22,0.8110445141792297
23,0.8110445141792297
24,0.8110445141792297
25,0.8110445141792297
26,0.8110445141792297
27,0.8110445141792297
28,0.8110445141792297
29,0.8110445141792297
30,0.8110445141792297
31,0.8110445141792297
32,0.8110445141792297
