AUROC,AUPRC,Executio Time
0.8087803684210527,0.32525289473684216,
0.8082815263157894,0.27024605263157897,
0.8573134210526316,0.38009384210526315,
0.8307507368421052,0.4211456842105262,
0.8110445263157895,0.4663017368421053,
=average(A2:A6),=average(B2:B6),=average(C2:C6),=average(D2:D6)
