Train AUROC,Validation AUROC,Test AUROC,Train AUPRC,Validation AUPRC,Test AUPRC, Execution Time
0.8967741578947367,0.8087803684210527,0.8087803684210527,0.5476833684210527,0.32525289473684216,0.32525289473684216,
0.8226474210526316,0.8082815263157894,0.8082815263157894,0.2455626842105263,0.27024605263157897,0.27024605263157897,
0.9432771578947369,0.8573134210526316,0.8573134210526316,0.7244904210526315,0.38009384210526315,0.38009384210526315,
0.9609463684210526,0.8307507368421052,0.8307507368421052,0.7469548947368422,0.4211456842105262,0.4211456842105262,
0.9728310526315789,0.8110445263157895,0.8110445263157895,0.7666607894736842,0.4663017368421053,0.4663017368421053,
=average(A2:A6),=average(B2:B6),=average(C2:C6),=average(D2:D6),=average(E2:E6),=average(F2:F6),=average(G2:G6)
