AUROC,AUPRC,Executio Time
0.6119745789473685,0.23093063157894736,
0.7373828947368422,0.31909878947368425,
0.7432352105263158,0.34086463157894736,
0.6027105789473682,0.18781552631578946,
0.6747517368421053,0.2163673157894737,
=average(A2:A6),=average(B2:B6),=average(C2:C6),=average(D2:D6)
