AUROC,AUPRC,Executio Time
0.6976816315789475,0.3747913157894737,
0.690706947368421,0.2666834210526316,
0.7134656842105261,0.38269805263157897,
0.7191805789473683,0.3437822105263158,
0.7165652105263158,0.3196192631578948,
=average(A2:A6),=average(B2:B6),=average(C2:C6),=average(D2:D6)
