Train AUROC,Validation AUROC,Test AUROC,Train AUPRC,Validation AUPRC,Test AUPRC
0.7752682857142857,0.6783584285714286,0.6137984285714285,0.6045198571428572,0.48120314285714283,0.5378151428571428,
=average(A2:A2),=average(B2:B2),=average(C2:C2),=average(D2:D2),=average(E2:E2),=average(F2:F2)
