MAE,MSE,RMSE,Execution Time
0.5979375,2.3236375,1.3004125,
0.5979375,2.3236375,1.3004125,
0.5979375,2.3236375,1.3004125,
0.5979375,2.3236375,1.3004125,
0.5979375,2.3236375,1.3004125,
=average(A2:A6),=average(B2:B6),=average(C2:C6),=average(D2:D6)
