MAE,MSE,RMSE,Execution Time
0.35450000000000004,0.6783875000000001,0.690925,
0.35450000000000004,0.6783875000000001,0.690925,
0.35450000000000004,0.6783875000000001,0.690925,
0.35450000000000004,0.6783875000000001,0.690925,
0.35450000000000004,0.6783875000000001,0.690925,
=average(A2:A6),=average(B2:B6),=average(C2:C6),=average(D2:D6)
