MAE,MSE,RMSE,Execution Time
0.849657142857143,1.4282357142857145,1.1689071428571431,
=average(A2:A2),=average(B2:B2),=average(C2:C2),=average(D2:D2)
