Train AUROC, Train AUPRC, Test AUROC, Test AUPRC, Execution Time
0.9999823333333332,0.9999593333333333,0.8836148333333332,0.7821393333333333
0.9999821666666667,0.999958,0.8663026666666666,0.7696456666666666
0.9999071666666667,0.9997673333333333,0.8848725000000001,0.7737525
0.9999965,0.9999928333333333,0.8792446666666667,0.7608158333333334
0.9999686666666667,0.9999318333333332,0.8623996666666668,0.7497173333333333
1.0,1.0,0.49759333333333333,0.40187200000000006
0.9999673333333333,0.99992,0.46389949999999996,0.37447766666666665
0.9999546666666667,0.9998911666666667,0.40560299999999994,0.3518041666666667
0.999996,0.999988,0.6585679999999999,0.4929831666666666
0.999982,0.9999558333333334,0.5863886666666667,0.4963138333333333
0.9999891666666666,0.9999736666666666,0.47392283333333324,0.4037933333333333
0.9999578333333332,0.9999055,0.8895033333333333,0.7789486666666666
0.9999691666666667,0.9999361666666666,0.8702435,0.7718793333333333
0.9999855000000001,0.999965,0.3758321666666667,0.31779183333333333
0.9999783333333333,0.9999476666666666,0.6411355,0.49791216666666666
0.9999926666666666,0.999982,0.5339511666666666,0.43708533333333327
0.9999861666666666,0.9999705000000002,0.4822271666666667,0.39974299999999996
0.9998933333333334,0.9997366666666666,0.8693823333333333,0.7814293333333334
0.9999633333333334,0.9999071666666667,0.6407053333333333,0.5631195
0.9999675,0.9999216666666667,0.5242468333333333,0.4314911666666666
0.9999873333333333,0.9999691666666667,0.5336044999999999,0.47014400000000006
0.999982,0.9999576666666666,0.6174555,0.4648763333333334
0.9999963333333334,0.9999908333333334,0.888309,0.7880913333333334
0.9999693333333334,0.9999256666666666,0.546649,0.45263633333333325
0.9999855000000001,0.9999655000000001,0.48862249999999996,0.4056686666666667
0.9999743333333333,0.9999359999999999,0.6521443333333333,0.6013273333333333
0.9999638333333333,0.9999121666666667,0.5109561666666667,0.43075766666666665
1.0,1.0,0.5079301666666667,0.3947268333333333
0.9999488333333334,0.999885,0.8843278333333333,0.8058763333333334
0.9999818333333333,0.9999560000000001,0.6304106666666667,0.5570750000000001
0.9999746666666667,0.9999379999999999,0.6689983333333333,0.57128
0.9999783333333333,0.9999463333333334,0.4329493333333334,0.35422166666666666
1.0,1.0,0.4240991666666667,0.36886233333333335
0.999953,0.9998823333333333,0.517223,0.39540166666666665
0.9999581666666666,0.999908,0.8643816666666666,0.7666911666666666
1.0,1.0,0.6384625,0.5041868333333334
