Train AUROC, Train AUPRC, Test AUROC, Test AUPRC, Execution Time
0.999981,0.9999495,0.8795495,0.7879079999999999
0.9999771666666666,0.9999491666666668,0.8918673333333333,0.8003983333333333
0.999968,0.9999258333333333,0.8868491666666668,0.7943398333333332
0.9999781666666666,0.9999466666666667,0.8758716666666667,0.7835541666666667
0.9999963333333334,0.9999913333333333,0.6118138333333334,0.4994556666666667
0.9999963333333334,0.9999906666666667,0.5077403333333333,0.3864448333333334
0.9999051666666667,0.9997893333333335,0.8772515000000002,0.7722548333333333
0.9999451666666667,0.9998816666666667,0.9004543333333334,0.8269958333333335
0.9999721666666667,0.9999383333333333,0.8821921666666666,0.8002523333333333
0.9999648333333333,0.9999213333333333,0.8801338333333333,0.7593920000000001
0.9999509999999999,0.9998908333333333,0.8804418333333333,0.7903955000000001
1.0,1.0,0.6557495,0.5146886666666667
1.0,1.0,0.4804888333333334,0.3697406666666667
1.0,1.0,0.5215283333333334,0.413797
0.9999860000000002,0.9999691666666667,0.8746028333333333,0.774194
0.9999818333333333,0.9999565,0.6503673333333334,0.5601725000000001
1.0,1.0,0.49582733333333334,0.4068835
1.0,1.0,0.3975168333333334,0.340941
0.9999963333333334,0.9999913333333333,0.4889240000000001,0.414252
0.9999928333333333,0.9999825000000001,0.4714818333333333,0.37035233333333334
0.9999855000000001,0.9999646666666667,0.40462899999999996,0.34777166666666665
0.9999963333333334,0.9999913333333333,0.4908679999999999,0.40099233333333323
0.9999923333333335,0.9999793333333332,0.46858249999999996,0.3559471666666667
1.0,1.0,0.4819518333333333,0.3851926666666667
0.9999426666666666,0.9998648333333332,0.8894916666666667,0.7903758333333334
0.9998229999999998,0.9995746666666667,0.8860073333333335,0.8079300000000001
0.9999963333333334,0.9999913333333333,0.5947188333333333,0.4467475000000001
0.9999746666666667,0.9999414999999999,0.3565723333333333,0.324904
0.9999675,0.9999199999999999,0.4405223333333333,0.381769
0.9999681666666667,0.9999266666666667,0.6192449999999999,0.4781073333333333
0.9999748333333334,0.9999385,0.48361516666666665,0.403383
0.9999926666666666,0.9999826666666666,0.491163,0.4092693333333333
0.9999826666666668,0.9999616666666666,0.4660406666666667,0.4126296666666667
