Train AUROC,Validation AUROC,Test AUROC,Train AUPRC,Validation AUPRC,Test AUPRC, Execution Time
0.6409128571428572,0.7318128571428572,0.6461735714285715,0.7843245714285716,0.6790305714285714,0.6821561428571429,
0.6409128571428572,0.7318128571428572,0.6461735714285715,0.7843245714285716,0.6790305714285714,0.6821561428571429,
0.6409128571428572,0.7318128571428572,0.6461735714285715,0.7843245714285716,0.6790305714285714,0.6821561428571429,
0.6409128571428572,0.7318128571428572,0.6461735714285715,0.7843245714285716,0.6790305714285714,0.6821561428571429,
0.6409128571428572,0.7318128571428572,0.6461735714285715,0.7843245714285716,0.6790305714285714,0.6821561428571429,
=average(A2:A6),=average(B2:B6),=average(C2:C6),=average(D2:D6),=average(E2:E6),=average(F2:F6),=average(G2:G6)
