Train AUROC, Train AUPRC, Test AUROC, Test AUPRC, Execution Time
1.0,1.0,0.7177077857142856,0.5120391428571429
0.9999983571428571,0.9999977142857143,0.4947541428571428,0.30747814285714287
0.9999999285714286,0.9999998571428571,0.5105828571428572,0.3299489285714286
0.9999990714285714,0.9999979285714286,0.509761,0.31666771428571433
0.9999994285714287,0.9999988571428571,0.5217927142857143,0.3296699285714285
0.9999955,0.9999927142857141,0.4951913571428571,0.3118843571428571
0.9999987142857144,0.9999978571428574,0.46625614285714295,0.29123978571428577
1.0,1.0,0.5110238571428571,0.32704642857142857
0.9999991428571429,0.9999987142857144,0.4705355,0.3062415714285714
0.9999997142857142,0.9999993571428573,0.4939178571428572,0.30943585714285715
0.9999997142857143,0.9999994285714285,0.5180237142857144,0.3131065
