AUROC,AUPRC,Executio Time
0.6200523571428571,0.40964907142857143,
0.7019146428571427,0.5255679285714285,
0.7019146428571427,0.5255679285714285,
0.7019146428571427,0.5255679285714285,
0.7019146428571427,0.5255679285714285,
=average(A2:A6),=average(B2:B6),=average(C2:C6),=average(D2:D6)
