Train AUROC, Validation AUROC, Test AUROC, Train AUPRC, Validation AUPRC, Test AUPRC
0.7840712714285715,0.6857291285714285,0.6175374857142857,0.6076992000000001,0.4853604857142858,0.4853604857142857
