AUROC,AUPRC,Execution Time
0.6843354285714286,0.6646126285714286,0.04
