AUROC,AUPRC
0.6175374857142857,0.4853604857142857
