Train AUROC,Validation AUROC,Test AUROC,Train AUPRC,Validation AUPRC,Test AUPRC
0.9978307407407407,0.43367444444444453,0.4358735925925927,0.10091988888888889,0.04545470370370371,0.046015814814814815,
=average(A2:A2),=average(B2:B2),=average(C2:C2),=average(D2:D2),=average(E2:E2),=average(F2:F2)
