AUROC,AUPRC,Executio Time
0.8058404444444444,0.6212207777777777,
0.807264962962963,0.6212682592592593,
0.807264962962963,0.6212682592592593,
0.807264962962963,0.6212682592592593,
0.8007122592592593,0.6209315555555556,
=average(A2:A6),=average(B2:B6),=average(C2:C6),=average(D2:D6)
