AUROC,AUPRC,Executio Time
0.8012818333333332,0.675585,
0.833698,0.7400783333333333,
0.7998741666666667,0.6749316666666667,
0.8294568333333334,0.7064509999999999,
0.8229478333333334,0.7008921666666668,
=average(A2:A6),=average(B2:B6),=average(C2:C6),=average(D2:D6)
