AUROC,AUPRC,Executio Time
0.6880102857142857,0.6689695714285714,
0.6880102857142857,0.6689695714285714,
0.6880102857142857,0.6689695714285714,
0.6880102857142857,0.6689695714285714,
0.6880102857142857,0.6689695714285714,
=average(A2:A6),=average(B2:B6),=average(C2:C6),=average(D2:D6)
