MAE,MSE,RMSE,Execution Time
0.8365285714285714,1.4299142857142857,1.1737714285714287,
=average(A2:A2),=average(B2:B2),=average(C2:C2),=average(D2:D2)
