AUROC,AUPRC
0.8470444370370371,0.6930245148148149
