MAE,MSE,RMSE
636.0326749999999,3914642.7068812503,1464.5110625000002,
=average(A2:A2),=average(B2:B2),=average(C2:C2)
