MAE,MSE,RMSE,Execution Time
0.6197499999999999,2.7455499999999997,1.4196875,
0.6197499999999999,2.7455499999999997,1.4196875,
0.6197499999999999,2.7455499999999997,1.4196875,
0.6197499999999999,2.7455499999999997,1.4196875,
0.6197499999999999,2.7455499999999997,1.4196875,
=average(A2:A6),=average(B2:B6),=average(C2:C6),=average(D2:D6)
