MAE,MSE,RMSE,Execution Time
0.569825,2.186725,1.3239750000000001,
0.569825,2.186725,1.3239750000000001,
0.569825,2.186725,1.3239750000000001,
0.569825,2.186725,1.3239750000000001,
0.569825,2.186725,1.3239750000000001,
=average(A2:A6),=average(B2:B6),=average(C2:C6),=average(D2:D6)
