Generation, Fitness
0,0.6144692301750183
1,0.631953775882721
2,0.631953775882721
3,0.631953775882721
4,0.631953775882721
5,0.631953775882721
6,0.631953775882721
7,0.6381546854972839
8,0.6381546854972839
9,0.6381546854972839
10,0.6381546854972839
11,0.6381546854972839
12,0.6381546854972839
13,0.6381546854972839
14,0.6381546854972839
15,0.6499547958374023
16,0.6499547958374023
17,0.6499547958374023
18,0.6499547958374023
19,0.6499547958374023
20,0.6499547958374023
21,0.6499547958374023
22,0.6499547958374023
23,0.6499547958374023
24,0.6499547958374023
25,0.6499547958374023
26,0.6499547958374023
27,0.6499547958374023
28,0.6509059071540833
29,0.6509059071540833
30,0.6509059071540833
31,0.6509059071540833
32,0.6509059071540833
33,0.6509059071540833
34,0.6509059071540833
35,0.6509059071540833
36,0.6509059071540833
37,0.6509059071540833
38,0.6509059071540833
39,0.6509059071540833
40,0.6509059071540833
41,0.6509059071540833
42,0.6509059071540833
43,0.6509059071540833
44,0.6509059071540833
45,0.6509059071540833
46,0.6509059071540833
47,0.6509059071540833
48,0.6509059071540833
49,0.6509059071540833
50,0.6509059071540833
51,0.6509059071540833
52,0.6509059071540833
53,0.6509059071540833
54,0.6509059071540833
55,0.6509059071540833
56,0.6509059071540833
57,0.6509059071540833
58,0.6509059071540833
59,0.6509059071540833
