Generation, Fitness
0,0.6238717436790466
1,0.6283969283103943
2,0.6283969283103943
3,0.63291335105896
4,0.63291335105896
5,0.63291335105896
6,0.63291335105896
7,0.63291335105896
8,0.6342365145683289
9,0.6342365145683289
10,0.6342365145683289
11,0.6342365145683289
12,0.6342365145683289
13,0.6390040516853333
14,0.6390040516853333
15,0.6419809460639954
16,0.6419809460639954
17,0.6419809460639954
18,0.6419809460639954
19,0.6419809460639954
20,0.6419809460639954
21,0.6419809460639954
22,0.6419809460639954
23,0.6419809460639954
24,0.6419809460639954
25,0.6419809460639954
26,0.6419809460639954
27,0.6419809460639954
28,0.6419809460639954
29,0.6419809460639954
30,0.6419809460639954
31,0.6419809460639954
32,0.6419809460639954
33,0.6419809460639954
34,0.6419809460639954
35,0.6419809460639954
36,0.6419809460639954
37,0.6419809460639954
38,0.6419809460639954
39,0.6419809460639954
40,0.6419809460639954
41,0.6419809460639954
42,0.6419809460639954
43,0.6419809460639954
44,0.6419809460639954
45,0.6419809460639954
46,0.6419809460639954
