Generation, Fitness
0,0.6165873408317566
1,0.6172237396240234
2,0.6221755146980286
3,0.6327418088912964
4,0.6327418088912964
5,0.6327682137489319
6,0.6339746713638306
7,0.6339746713638306
8,0.6339746713638306
9,0.6339746713638306
10,0.6455047726631165
11,0.6455047726631165
12,0.6455047726631165
13,0.6455047726631165
14,0.6455047726631165
15,0.6455047726631165
16,0.6455047726631165
17,0.6455047726631165
18,0.6455047726631165
19,0.6455047726631165
20,0.6455047726631165
21,0.6455047726631165
22,0.6455047726631165
23,0.6455047726631165
24,0.6455047726631165
25,0.6455047726631165
26,0.6455047726631165
27,0.6455047726631165
28,0.6455047726631165
29,0.6455047726631165
30,0.6482999920845032
31,0.6482999920845032
32,0.6482999920845032
33,0.6482999920845032
34,0.6482999920845032
35,0.6502858996391296
36,0.6502858996391296
37,0.6502858996391296
38,0.6502858996391296
39,0.6502858996391296
40,0.6502858996391296
41,0.6502858996391296
42,0.6502858996391296
43,0.6502858996391296
44,0.6502858996391296
45,0.6502858996391296
46,0.6502858996391296
47,0.6502858996391296
48,0.6502858996391296
49,0.6502858996391296
50,0.6502858996391296
51,0.6502858996391296
52,0.6502858996391296
53,0.6502858996391296
54,0.6502858996391296
55,0.6502858996391296
56,0.6502858996391296
57,0.6502858996391296
58,0.6502858996391296
59,0.6502858996391296
60,0.6502858996391296
61,0.6502858996391296
62,0.6502858996391296
63,0.6502858996391296
64,0.6502858996391296
65,0.6502858996391296
66,0.6502858996391296
