AUROC,AUPRC,Executio Time
0.6419809285714286,0.4161916428571429,
0.6509059285714286,0.43809521428571424,
0.6496378571428572,0.4313587142857142,
0.6479079285714285,0.4147281428571428,
0.6502859285714286,0.4231049285714285,
=average(A2:A6),=average(B2:B6),=average(C2:C6),=average(D2:D6)
