MAE,MSE,RMSE,Execution Time
0.7955714285714285,1.2418500000000001,1.0842357142857144,
=average(A2:A2),=average(B2:B2),=average(C2:C2),=average(D2:D2)
