Generation, Fitness
0,0.6951116919517517
1,0.6970652937889099
2,0.6970652937889099
3,0.6970652937889099
4,0.7165402770042419
5,0.7165402770042419
6,0.7165402770042419
7,0.7165402770042419
8,0.7236831188201904
9,0.7236831188201904
10,0.7236831188201904
11,0.7236831188201904
12,0.7236831188201904
13,0.7236831188201904
14,0.7236831188201904
15,0.7236831188201904
16,0.7236831188201904
17,0.7236831188201904
18,0.7236831188201904
19,0.7236831188201904
