Generation, Fitness
0,0.7165402770042419
1,0.7165402770042419
2,0.7165402770042419
3,0.7165402770042419
4,0.7165402770042419
5,0.7165402770042419
6,0.7165402770042419
7,0.7165402770042419
8,0.7236831188201904
9,0.7236831188201904
10,0.7236831188201904
11,0.7236831188201904
12,0.7236831188201904
13,0.7236831188201904
14,0.7236831188201904
15,0.7236831188201904
16,0.7236831188201904
17,0.7236831188201904
18,0.7236831188201904
19,0.7236831188201904
