Generation, Fitness
0,0.7236831188201904
1,0.7236831188201904
2,0.7236831188201904
3,0.7236831188201904
4,0.7236831188201904
5,0.7236831188201904
6,0.7236831188201904
7,0.7236831188201904
8,0.7236831188201904
9,0.7236831188201904
10,0.7236831188201904
11,0.7236831188201904
