MAE,MSE,RMSE,Execution Time
0.41630625000000004,1.8901124999999996,1.142385,429.4
