MAE,MSE,RMSE,Execution Time
0.8442785714285714,1.4043428571428573,1.1587999999999998,
=average(A2:A2),=average(B2:B2),=average(C2:C2),=average(D2:D2)
