AUROC,AUPRC,Executio Time
0.848218962962963,0.6727957777777779,
0.848218962962963,0.6727957777777779,
0.848218962962963,0.6727957777777779,
0.848218962962963,0.6727957777777779,
0.848218962962963,0.6727957777777779,
=average(A2:A6),=average(B2:B6),=average(C2:C6),=average(D2:D6)
