MAE,MSE,RMSE,Execution Time
342.93602500000003,2501834.2648187503,1020.4659937499999,
=average(A2:A2),=average(B2:B2),=average(C2:C2),=average(D2:D2)
