AUROC,AUPRC,Executio Time
0.7568446315789474,0.3346700000000001,
0.6908642105263157,0.2843531578947369,
0.6995029473684211,0.29824389473684215,
0.7246485789473683,0.33485115789473696,
0.7094217894736842,0.2942585263157896,
=average(A2:A6),=average(B2:B6),=average(C2:C6),=average(D2:D6)
