TrainVal MAE,Validation MAE,Test MAE,TrainVal MSE,Validation MSE,Test MSE,TrainVal RMSE,Validation RMSE,Test RMSE,Execution Time
0.3902125,0.6844500000000001,0.5873625,1.0357874999999999,3.085375,2.2444499999999996,0.8893125000000001,1.5004000000000002,1.2954999999999999,
0.3902125,0.6844500000000001,0.5873625,1.0357874999999999,3.085375,2.2444499999999996,0.8893125000000001,1.5004000000000002,1.2954999999999999,
0.3902125,0.6844500000000001,0.5873625,1.0357874999999999,3.085375,2.2444499999999996,0.8893125000000001,1.5004000000000002,1.2954999999999999,
0.3902125,0.6844500000000001,0.5873625,1.0357874999999999,3.085375,2.2444499999999996,0.8893125000000001,1.5004000000000002,1.2954999999999999,
0.3902125,0.6844500000000001,0.5873625,1.0357874999999999,3.085375,2.2444499999999996,0.8893125000000001,1.5004000000000002,1.2954999999999999,
=average(A2:A6),=average(B2:B6),=average(C2:C6),=average(D2:D6),=average(E2:E6),=average(F2:F6),=average(G2:G6)
