MAE,MSE,RMSE,Execution Time
0.5873625,2.2444499999999996,1.2954999999999999,
0.5873625,2.2444499999999996,1.2954999999999999,
0.5873625,2.2444499999999996,1.2954999999999999,
0.5873625,2.2444499999999996,1.2954999999999999,
0.5873625,2.2444499999999996,1.2954999999999999,
=average(A2:A6),=average(B2:B6),=average(C2:C6),=average(D2:D6)
