Train MAE,Validation MAE,Test MAE,Train MSE,Validation MSE,Test MSE,Train RMSE,Validation RMSE,Test RMSE,Execution Time
0.382525,0.35450000000000004,0.343775,0.8904499999999999,0.6783875000000001,0.6024875000000001,0.8261125,0.690925,0.6531375,
0.382525,0.35450000000000004,0.343775,0.8904499999999999,0.6783875000000001,0.6024875000000001,0.8261125,0.690925,0.6531375,
0.382525,0.35450000000000004,0.343775,0.8904499999999999,0.6783875000000001,0.6024875000000001,0.8261125,0.690925,0.6531375,
0.382525,0.35450000000000004,0.343775,0.8904499999999999,0.6783875000000001,0.6024875000000001,0.8261125,0.690925,0.6531375,
0.382525,0.35450000000000004,0.343775,0.8904499999999999,0.6783875000000001,0.6024875000000001,0.8261125,0.690925,0.6531375,
=average(A2:A6),=average(B2:B6),=average(C2:C6),=average(D2:D6),=average(E2:E6),=average(F2:F6),=average(G2:G6)
