Train MAE,Validation MAE,Test MAE,Train MSE,Validation MSE,Test MSE,Train RMSE,Validation RMSE,Test RMSE,Execution Time
0.3832125,0.6880000000000001,0.6923125,1.0588625,3.061975,3.11745,0.9210375,1.5173875,1.5686749999999998,
0.37327499999999997,0.6920875000000001,0.6855875,1.0076125,3.6966749999999995,4.0159375,0.8854,1.6056624999999998,1.6369249999999997,
0.37327499999999997,0.6920875000000001,0.6855875,1.0076125,3.6966749999999995,4.0159375,0.8854,1.6056624999999998,1.6369249999999997,
0.37327499999999997,0.6920875000000001,0.6855875,1.0076125,3.6966749999999995,4.0159375,0.8854,1.6056624999999998,1.6369249999999997,
0.37327499999999997,0.6920875000000001,0.6855875,1.0076125,3.6966749999999995,4.0159375,0.8854,1.6056624999999998,1.6369249999999997,
=average(A2:A6),=average(B2:B6),=average(C2:C6),=average(D2:D6),=average(E2:E6),=average(F2:F6),=average(G2:G6)
