MAE,MSE,RMSE,Execution Time
0.343775,0.6024875000000001,0.6531375,
0.343775,0.6024875000000001,0.6531375,
0.343775,0.6024875000000001,0.6531375,
0.343775,0.6024875000000001,0.6531375,
0.343775,0.6024875000000001,0.6531375,
=average(A2:A6),=average(B2:B6),=average(C2:C6),=average(D2:D6)
