MAE,MSE,RMSE,Execution Time
0.6923125,3.11745,1.5686749999999998,
0.6855875,4.0159375,1.6369249999999997,
0.6855875,4.0159375,1.6369249999999997,
0.6855875,4.0159375,1.6369249999999997,
0.6855875,4.0159375,1.6369249999999997,
=average(A2:A6),=average(B2:B6),=average(C2:C6),=average(D2:D6)
