Generation, Fitness
0,9999.1874
1,9999.190075
2,9999.1940875
3,9999.1952
4,9999.1952
5,9999.2008
6,9999.2008
7,9999.2008
8,9999.2008
9,9999.2008
10,9999.2008
11,9999.2008
12,9999.2008
13,9999.2008
14,9999.2008
15,9999.2008
16,9999.2008
17,9999.2008
18,9999.2008
19,9999.2008
20,9999.2008
21,9999.2008
22,9999.2008
23,9999.2008
24,9999.2008
25,9999.2008
26,9999.2008
27,9999.2008
28,9999.2008
29,9999.2008
30,9999.2008
31,9999.2008
32,9999.2008
33,9999.2008
34,9999.2008
35,9999.2008
36,9999.2008
