Train MAE,Validation MAE,Test MAE,Train MSE,Validation MSE,Test MSE,Train RMSE,Validation RMSE,Test RMSE,Execution Time
54.365468750000005,89.11833125,91.83223125,7395.937975000001,20267.954599999997,22463.017850000004,84.55208125,140.06191250000003,147.35831249999998,
56.0092875,90.56450000000001,87.69528125,7849.83303125,20792.7924125,19938.943725,86.6237125,142.2381125,139.0349,
55.84179375,91.959825,86.60470625,7753.913243750001,21734.31190625,18939.570887500002,86.68658124999999,145.1199625,135.67489375,
54.89105000000001,90.37035,87.44851875000002,7590.72365,21091.22396875,19393.3825125,85.04369375,143.06958749999998,137.59019375,
53.29765625,91.30280625,87.88030625,7125.1924687499995,21549.89906875,20368.73651875,83.20818125,144.57983125,140.37011875,
=average(A2:A6),=average(B2:B6),=average(C2:C6),=average(D2:D6),=average(E2:E6),=average(F2:F6),=average(G2:G6)
