MAE,MSE,RMSE,Execution Time
91.83223125,22463.017850000004,147.35831249999998,
87.69528125,19938.943725,139.0349,
86.60470625,18939.570887500002,135.67489375,
87.44851875000002,19393.3825125,137.59019375,
87.88030625,20368.73651875,140.37011875,
=average(A2:A6),=average(B2:B6),=average(C2:C6),=average(D2:D6)
