Generation, Fitness
0,0.8138176798820496
1,0.8138176798820496
2,0.8138176798820496
3,0.8138176798820496
4,0.8138176798820496
5,0.8138176798820496
6,0.8138176798820496
7,0.8138176798820496
8,0.8138176798820496
9,0.8138176798820496
10,0.8138176798820496
11,0.8138176798820496
12,0.8138176798820496
13,0.8138176798820496
14,0.8138176798820496
15,0.8138176798820496
16,0.8138176798820496
17,0.8138176798820496
18,0.8138176798820496
19,0.8138176798820496
20,0.8138176798820496
21,0.8138176798820496
22,0.8138176798820496
23,0.8138176798820496
24,0.8138176798820496
25,0.8141025304794312
26,0.8141025304794312
27,0.8141025304794312
28,0.8141025304794312
29,0.8141025304794312
30,0.8141025304794312
31,0.8141025304794312
32,0.8141025304794312
33,0.8141025304794312
34,0.8141025304794312
35,0.8141025304794312
36,0.8141025304794312
37,0.8141025304794312
38,0.8141025304794312
39,0.8141025304794312
40,0.8141025304794312
41,0.8141025304794312
42,0.8141025304794312
43,0.8141025304794312
44,0.8141025304794312
45,0.8141025304794312
46,0.8141025304794312
47,0.8141025304794312
48,0.8141025304794312
49,0.8141025304794312
50,0.8141025304794312
51,0.8141025304794312
52,0.8141025304794312
53,0.8141025304794312
54,0.8141025304794312
55,0.8141025304794312
56,0.8141025304794312
57,0.8141025304794312
58,0.8141025304794312
59,0.8141025304794312
60,0.8141025304794312
61,0.8141025304794312
62,0.8141025304794312
63,0.8141025304794312
64,0.8141025304794312
65,0.8141025304794312
66,0.8141025304794312
67,0.8141025304794312
68,0.8141025304794312
69,0.8141025304794312
70,0.8141025304794312
71,0.8141025304794312
72,0.8141025304794312
73,0.8141025304794312
74,0.8141025304794312
75,0.8141025304794312
76,0.8141025304794312
