Generation, Fitness
0,9908.45751875
1,9908.48273125
2,9908.610625
3,9908.610625
4,9909.99850625
5,9909.99850625
6,9909.99850625
7,9909.99850625
8,9909.99850625
9,9911.582225
10,9911.582225
11,9911.582225
12,9911.582225
13,9911.582225
14,9911.582225
15,9911.582225
16,9911.582225
17,9911.582225
18,9911.582225
19,9911.582225
20,9911.582225
21,9911.582225
22,9911.582225
23,9911.6125125
24,9911.6125125
25,9911.6125125
26,9911.6125125
27,9911.6125125
28,9911.6125125
29,9911.6125125
30,9911.6125125
31,9911.6125125
32,9911.6125125
33,9911.6125125
34,9911.6125125
35,9911.6125125
36,9911.6125125
37,9911.6125125
38,9911.6125125
39,9911.6125125
40,9911.6125125
41,9911.6125125
42,9911.6125125
43,9911.6125125
44,9911.6125125
45,9911.6125125
46,9911.6125125
47,9911.6125125
48,9911.6125125
49,9911.6125125
50,9911.6125125
51,9911.6125125
52,9911.6125125
53,9911.6125125
54,9911.6125125
