MAE,MSE,RMSE,Execution Time
53.9682,7684.08686875,85.746425,
56.8526,8251.715781249999,88.86636874999999,
58.089949999999995,8781.7451,91.24018125,
55.8603875,7985.8681375,87.76433750000001,
54.27494375,7481.773212500001,85.30998749999999,
=average(A2:A6),=average(B2:B6),=average(C2:C6),=average(D2:D6)
