MAE,MSE,RMSE
0.8194357142857144,1.3274714285714286,1.1198785714285715,
=average(A2:A2),=average(B2:B2),=average(C2:C2)
