MAE,MSE,RMSE,Execution Time
0.5678874999999999,2.7572625,1.391925,
0.5678874999999999,2.7572625,1.391925,
0.5678874999999999,2.7572625,1.391925,
0.5678874999999999,2.7572625,1.391925,
0.5678874999999999,2.7572625,1.391925,
=average(A2:A6),=average(B2:B6),=average(C2:C6),=average(D2:D6)
