AUROC,AUPRC,Executio Time
0.9091168148148149,0.8154321111111111,
0.9094017037037037,0.8154425555555556,
0.8911680740740741,0.7784163333333333,
0.9102564074074074,0.8154761851851852,
0.9091168148148149,0.8154321111111111,
=average(A2:A6),=average(B2:B6),=average(C2:C6),=average(D2:D6)
