AUROC,AUPRC,Executio Time
0.6072005714285714,0.6186421428571428,
0.6072005714285714,0.6186421428571428,
0.6072005714285714,0.6186421428571428,
0.6072005714285714,0.6186421428571428,
0.6072005714285714,0.6186421428571428,
=average(A2:A6),=average(B2:B6),=average(C2:C6),=average(D2:D6)
