Train AUROC,Validation AUROC,Test AUROC,Train AUPRC,Validation AUPRC,Test AUPRC
0.7927721428571429,0.5974648571428572,0.6235052857142858,0.6100164285714286,0.4642857142857143,0.4642857142857143,
=average(A2:A2),=average(B2:B2),=average(C2:C2),=average(D2:D2),=average(E2:E2),=average(F2:F2)
