AUROC,AUPRC,Execution Time
0.8312829962962965,0.5947823333333333,181.3
