MAE,MSE,RMSE,Execution Time
0.7883624999999999,6.300049999999999,2.0846875000000002,
=average(A2:A2),=average(B2:B2),=average(C2:C2),=average(D2:D2)
