MAE,MSE,RMSE
39.430887500000004,3042.48541875,48.96245625,
=average(A2:A2),=average(B2:B2),=average(C2:C2)
