Generation, Fitness
0,9999.124535714285
1,9999.124535714285
2,9999.124535714285
3,9999.124535714285
4,9999.1314
5,9999.1314
6,9999.1314
7,9999.1314
8,9999.1314
9,9999.1314
10,9999.1314
11,9999.1314
12,9999.1314
13,9999.1314
14,9999.1314
15,9999.1314
16,9999.1314
17,9999.1314
18,9999.133292857143
19,9999.133292857143
20,9999.133292857143
21,9999.133292857143
22,9999.134957142856
23,9999.134957142856
24,9999.134957142856
25,9999.134957142856
26,9999.134957142856
27,9999.134957142856
28,9999.134957142856
29,9999.134957142856
30,9999.134957142856
31,9999.134957142856
32,9999.134957142856
33,9999.134957142856
34,9999.134957142856
35,9999.134957142856
36,9999.134957142856
37,9999.134957142856
38,9999.134957142856
39,9999.134957142856
40,9999.134957142856
41,9999.135128571428
42,9999.135128571428
43,9999.135128571428
44,9999.135128571428
45,9999.135128571428
46,9999.135128571428
47,9999.135128571428
48,9999.135128571428
49,9999.135128571428
50,9999.135128571428
51,9999.135128571428
52,9999.135128571428
53,9999.135128571428
54,9999.135128571428
55,9999.135128571428
56,9999.135128571428
57,9999.135128571428
58,9999.135128571428
59,9999.135128571428
60,9999.135128571428
61,9999.135128571428
62,9999.135128571428
63,9999.135128571428
64,9999.135128571428
65,9999.135128571428
66,9999.135128571428
67,9999.135128571428
68,9999.135128571428
69,9999.135128571428
70,9999.135128571428
71,9999.135128571428
72,9999.135642857143
73,9999.135642857143
74,9999.137621428572
75,9999.137621428572
76,9999.137621428572
77,9999.137621428572
78,9999.137621428572
79,9999.137621428572
80,9999.137621428572
81,9999.137621428572
82,9999.137621428572
83,9999.137621428572
84,9999.137621428572
85,9999.137621428572
86,9999.137621428572
87,9999.137621428572
88,9999.137621428572
89,9999.137621428572
90,9999.137621428572
91,9999.137621428572
92,9999.137621428572
93,9999.137621428572
94,9999.137621428572
95,9999.137621428572
96,9999.137621428572
97,9999.137621428572
98,9999.137621428572
99,9999.137621428572
100,9999.137621428572
101,9999.137621428572
102,9999.137621428572
103,9999.137621428572
104,9999.137621428572
105,9999.137621428572
