Train MAE,Validation MAE,Test MAE,Train MSE,Validation MSE,Test MSE,Train RMSE,Validation RMSE,Test RMSE,Execution Time
0.7898500000000002,0.8289000000000001,0.8790285714285716,1.2716785714285714,1.4059428571428572,1.6207428571428573,1.1017857142857144,1.151692857142857,1.2478999999999998,
0.7998714285714288,0.8673857142857144,0.8623785714285715,1.2920357142857142,1.5399357142857144,1.5800499999999997,1.112285714285714,1.2009357142857144,1.2318357142857141,
0.7998714285714288,0.8673857142857144,0.8623785714285715,1.2920357142857142,1.5399357142857144,1.5800499999999997,1.112285714285714,1.2009357142857144,1.2318357142857141,
0.8062928571428571,0.8735071428571429,0.86015,1.3211357142857145,1.5755142857142856,1.5658999999999998,1.1209285714285715,1.2126285714285714,1.2262357142857143,
0.7978714285714288,0.8731142857142858,0.8620071428571429,1.2788214285714286,1.5696357142857145,1.5872214285714283,1.1031071428571428,1.212692857142857,1.2359857142857145,
=average(A2:A6),=average(B2:B6),=average(C2:C6),=average(D2:D6),=average(E2:E6),=average(F2:F6),=average(G2:G6)
