MAE,MSE,RMSE,Execution Time
0.8790285714285716,1.6207428571428573,1.2478999999999998,
0.8623785714285715,1.5800499999999997,1.2318357142857141,
0.8623785714285715,1.5800499999999997,1.2318357142857141,
0.86015,1.5658999999999998,1.2262357142857143,
0.8620071428571429,1.5872214285714283,1.2359857142857145,
=average(A2:A6),=average(B2:B6),=average(C2:C6),=average(D2:D6)
