MAE,MSE,RMSE,Execution Time
0.8923714285714286,1.6306285714285718,1.2419,
0.8923714285714286,1.6306285714285718,1.2419,
0.8813000000000001,1.6111500000000003,1.2341214285714286,
0.8985928571428571,1.651671428571429,1.253007142857143,
0.8923714285714286,1.6306285714285718,1.2419,
=average(A2:A6),=average(B2:B6),=average(C2:C6),=average(D2:D6)
