MAE,MSE,RMSE
437.43741874999995,3128384.2617625007,1171.42661875
