Generation, Fitness
0,9726.70415
1,9731.026275
2,9732.7099625
3,9732.7099625
4,9734.1346125
5,9736.26935
6,9736.26935
7,9736.26935
8,9736.26935
9,9736.26935
10,9738.1590875
11,9738.1590875
12,9738.1590875
13,9738.1590875
14,9738.1590875
15,9738.1590875
16,9738.1590875
17,9738.1590875
18,9738.1590875
19,9739.89031875
20,9739.89031875
21,9742.19929375
22,9742.19929375
23,9742.19929375
24,9742.19929375
25,9742.19929375
26,9742.19929375
27,9742.19929375
28,9742.19929375
29,9742.19929375
30,9742.19929375
31,9742.19929375
32,9742.19929375
33,9744.65199375
34,9744.65199375
35,9744.65199375
36,9744.65199375
37,9744.65199375
38,9744.65199375
39,9744.65199375
40,9744.65199375
41,9744.65199375
42,9744.65199375
43,9744.65199375
44,9744.65199375
45,9744.65199375
46,9744.65199375
47,9744.65199375
48,9744.65199375
49,9744.65199375
50,9744.66475625
51,9744.66475625
52,9744.66475625
53,9744.66475625
54,9744.66475625
55,9744.66475625
56,9744.66475625
57,9744.66475625
58,9744.66475625
59,9744.66475625
60,9744.66475625
61,9744.66475625
62,9744.66475625
63,9744.66475625
64,9744.66475625
65,9744.66475625
66,9744.66475625
67,9744.66475625
68,9744.66475625
69,9744.66475625
70,9744.66475625
71,9744.66475625
72,9744.66475625
73,9746.26509375
74,9746.26509375
75,9746.26509375
76,9746.26509375
77,9746.26509375
78,9746.26509375
79,9746.26509375
80,9746.26509375
81,9746.26509375
82,9746.26509375
83,9746.26509375
84,9746.26509375
85,9746.26509375
86,9746.26509375
87,9746.26509375
88,9746.26509375
89,9746.26509375
90,9746.26509375
91,9746.26509375
92,9746.26509375
93,9746.26509375
94,9746.26509375
95,9746.26509375
96,9746.26509375
97,9746.26509375
98,9746.26509375
99,9746.26509375
100,9746.26509375
101,9746.26509375
102,9746.26509375
103,9746.26509375
104,9746.26509375
