Generation, Fitness
0,9730.16264375
1,9733.47025
2,9733.47025
3,9733.47025
4,9736.34359375
5,9736.34359375
6,9736.34359375
7,9736.34359375
8,9736.34359375
9,9736.34359375
10,9736.34359375
11,9736.34359375
12,9736.34359375
13,9738.358825
14,9738.358825
15,9738.358825
16,9739.2682125
17,9739.2682125
18,9739.2682125
19,9739.2682125
20,9739.2682125
21,9739.2682125
22,9739.2682125
23,9739.2682125
24,9743.57838125
25,9743.57838125
26,9743.57838125
27,9745.4439875
28,9745.4439875
29,9745.4439875
30,9745.4439875
31,9745.4439875
32,9745.4439875
33,9745.4439875
34,9745.4439875
35,9745.4439875
36,9745.4439875
37,9745.4439875
38,9745.4439875
39,9745.4439875
40,9745.4439875
41,9745.4439875
42,9745.4439875
43,9745.4439875
44,9745.4439875
45,9745.4439875
46,9745.4439875
47,9745.4439875
48,9745.4439875
49,9745.4439875
50,9745.4439875
51,9745.4439875
52,9745.4439875
53,9745.4439875
54,9745.4439875
55,9745.4439875
56,9745.4439875
57,9747.32958125
58,9747.32958125
59,9747.32958125
60,9747.32958125
61,9747.32958125
62,9747.32958125
63,9747.32958125
64,9747.32958125
65,9747.32958125
66,9747.32958125
67,9747.32958125
68,9747.32958125
69,9747.32958125
70,9747.32958125
71,9747.32958125
72,9747.32958125
73,9747.32958125
74,9747.32958125
75,9747.32958125
76,9747.32958125
77,9747.32958125
78,9747.32958125
79,9747.32958125
80,9747.32958125
81,9747.32958125
82,9747.32958125
83,9747.32958125
84,9747.32958125
85,9747.32958125
86,9747.32958125
87,9747.32958125
88,9747.32958125
