MAE,MSE,RMSE,Execution Time
282.41279999999995,241292.57835625,390.76669999999996,
253.73490625,217649.84550624999,359.3589125,
253.7611625,229770.5162,369.5865875,
252.67041875000004,229920.89885,366.90615,
253.51375,232489.9401625,370.5216,
=average(A2:A6),=average(B2:B6),=average(C2:C6),=average(D2:D6)
