Train MAE,Validation MAE,Test MAE,Train MSE,Validation MSE,Test MSE,Train RMSE,Validation RMSE,Test RMSE,Execution Time
355.48834375000007,292.93120625,282.41279999999995,819342.82923125,238961.88711875002,241292.57835625,660.04771875,405.38540624999996,390.76669999999996,
314.352625,341.28714375000004,253.73490625,484773.20368125,578863.8663625,217649.84550624999,548.6423562499999,555.3748625000001,359.3589125,
282.67043125000004,363.3133375,253.7611625,470809.3270375,514751.38755,229770.5162,520.8909562499999,563.2846625,369.5865875,
283.0496375,372.98233749999997,252.67041875000004,438913.05967499997,723000.31578125,229920.89885,515.3281625,631.4532875,366.90615,
293.20920624999997,363.37300625,253.51375,467922.16229999997,694027.59896875,232489.9401625,543.5509125,606.3497375000001,370.5216,
=average(A2:A6),=average(B2:B6),=average(C2:C6),=average(D2:D6),=average(E2:E6),=average(F2:F6),=average(G2:G6)
