Generation, Fitness
0,0.7896184921264648
1,0.8170642256736755
2,0.8170642256736755
3,0.8170642256736755
4,0.8170642256736755
5,0.8170642256736755
6,0.8170642256736755
7,0.8170642256736755
8,0.8170642256736755
9,0.8170642256736755
10,0.8229448199272156
11,0.8229448199272156
12,0.8229448199272156
13,0.8229448199272156
14,0.8229448199272156
15,0.8229448199272156
16,0.8229448199272156
17,0.8229448199272156
18,0.8229448199272156
19,0.8229448199272156
20,0.8229448199272156
21,0.8229448199272156
22,0.8229448199272156
23,0.8229448199272156
24,0.8229448199272156
25,0.8229448199272156
26,0.8229448199272156
27,0.8229448199272156
28,0.8229448199272156
29,0.8229448199272156
30,0.8229448199272156
31,0.8229448199272156
32,0.8229448199272156
33,0.8229448199272156
34,0.8229448199272156
35,0.8229448199272156
36,0.8229448199272156
37,0.8229448199272156
38,0.8229448199272156
39,0.8229448199272156
40,0.8229448199272156
41,0.8229448199272156
