Generation, Fitness
0,0.8262255787849426
1,0.8262255787849426
2,0.8262255787849426
3,0.8262255787849426
4,0.8262255787849426
5,0.8262255787849426
6,0.8262255787849426
7,0.8262255787849426
8,0.8262255787849426
9,0.8262255787849426
10,0.8262255787849426
11,0.8262255787849426
12,0.8262255787849426
13,0.8262255787849426
14,0.8262255787849426
15,0.8262255787849426
16,0.8262255787849426
17,0.8262255787849426
18,0.8262255787849426
19,0.8262255787849426
20,0.8262255787849426
21,0.8262255787849426
22,0.8262255787849426
23,0.8262255787849426
24,0.8262255787849426
25,0.8262255787849426
26,0.8262255787849426
27,0.8262255787849426
28,0.8262255787849426
29,0.8262255787849426
30,0.8262255787849426
31,0.8262255787849426
