Generation, Fitness
0,0.8099889159202576
1,0.8099889159202576
2,0.8099889159202576
3,0.817360520362854
4,0.817360520362854
5,0.817360520362854
6,0.8538497686386108
7,0.8538497686386108
8,0.8538497686386108
9,0.8538497686386108
10,0.8538497686386108
11,0.8538497686386108
12,0.8538497686386108
13,0.8538497686386108
14,0.8538497686386108
15,0.8538497686386108
16,0.8538497686386108
17,0.8538497686386108
18,0.8538497686386108
19,0.8538497686386108
20,0.8538497686386108
21,0.8538497686386108
22,0.8538497686386108
23,0.8538497686386108
24,0.8538497686386108
25,0.8538497686386108
26,0.8538497686386108
27,0.8538497686386108
28,0.8538497686386108
29,0.8538497686386108
30,0.8538497686386108
31,0.8538497686386108
32,0.8538497686386108
33,0.8673040270805359
34,0.8673040270805359
35,0.8673040270805359
36,0.8673040270805359
37,0.8673040270805359
38,0.8673040270805359
39,0.8673040270805359
40,0.8801122307777405
41,0.8801122307777405
42,0.8801122307777405
43,0.8801122307777405
44,0.8801122307777405
45,0.8801122307777405
46,0.8801122307777405
47,0.8801122307777405
48,0.8801122307777405
49,0.8801122307777405
50,0.8801122307777405
51,0.8801122307777405
52,0.8801122307777405
53,0.8801122307777405
54,0.8801122307777405
55,0.8801122307777405
56,0.8801122307777405
57,0.8801122307777405
58,0.8801122307777405
59,0.8801122307777405
60,0.8801122307777405
61,0.8801122307777405
62,0.8801122307777405
63,0.8801122307777405
64,0.8801122307777405
65,0.8801122307777405
66,0.8801122307777405
67,0.8801122307777405
68,0.8801122307777405
69,0.8801122307777405
70,0.8801122307777405
71,0.8801122307777405
