AUROC,AUPRC,Executio Time
0.7155116842105264,0.3322656842105263,
0.7340112631578947,0.37558510526315786,
0.7048477894736842,0.23746447368421056,
0.7784906842105264,0.3629412105263158,
0.7298771578947368,0.34442657894736856,
=average(A2:A6),=average(B2:B6),=average(C2:C6),=average(D2:D6)
