AUROC,AUPRC,Executio Time
0.8079606315789473,0.38065615789473684,
0.8594207894736842,0.4251192105263158,
0.8801122105263159,0.4681874736842106,
0.8229448421052631,0.4272493157894738,
0.8262255789473684,0.37402189473684205,
=average(A2:A6),=average(B2:B6),=average(C2:C6),=average(D2:D6)
