Train AUROC,Validation AUROC,Test AUROC,Train AUPRC,Validation AUPRC,Test AUPRC, Execution Time
0.9762525789473684,0.8079606315789473,0.8079606315789473,0.7210468947368419,0.38065615789473684,0.38065615789473684,
0.9776451578947369,0.8594207894736842,0.8594207894736842,0.7500648421052631,0.4251192105263158,0.4251192105263158,
0.9070233684210528,0.8801122105263159,0.8801122105263159,0.5941145263157894,0.4681874736842106,0.4681874736842106,
0.9375609473684211,0.8229448421052631,0.8229448421052631,0.6534371578947369,0.4272493157894738,0.4272493157894738,
0.9092313157894737,0.8262255789473684,0.8262255789473684,0.5526896842105262,0.37402189473684205,0.37402189473684205,
=average(A2:A6),=average(B2:B6),=average(C2:C6),=average(D2:D6),=average(E2:E6),=average(F2:F6),=average(G2:G6)
