Generation, Fitness
0,9908.65900625
1,9908.65900625
2,9909.273675
3,9909.985225
4,9910.005275
5,9910.099125
6,9910.099125
7,9910.15884375
8,9910.15884375
9,9910.15884375
10,9910.29184375
11,9911.011
12,9911.011
13,9911.011
14,9911.011
15,9911.011
16,9911.011
17,9911.011
18,9911.011
19,9911.011
20,9911.011
21,9911.011
22,9911.011
23,9911.011
24,9911.011
25,9911.011
26,9911.011
27,9911.26305
28,9911.26305
29,9911.26305
30,9911.26305
31,9911.33364375
32,9911.33364375
33,9911.33364375
34,9911.58274375
35,9911.58274375
36,9911.58274375
37,9911.61145
38,9911.61145
39,9911.61145
40,9911.61145
41,9911.61145
42,9911.61145
43,9911.61145
44,9912.31123125
45,9912.31123125
46,9912.31123125
47,9912.31123125
48,9912.31123125
49,9912.31123125
50,9912.31123125
51,9912.31123125
52,9912.31123125
53,9912.31123125
54,9912.31123125
55,9912.31123125
56,9912.31123125
57,9912.31123125
58,9912.31123125
59,9912.31123125
60,9912.31123125
61,9912.31123125
62,9912.31123125
63,9912.31123125
64,9912.31123125
65,9912.31123125
66,9912.31123125
67,9912.31123125
68,9912.31123125
69,9912.31123125
70,9912.31123125
71,9912.31123125
72,9912.31123125
73,9912.31123125
74,9912.31123125
75,9912.31123125
