MAE,MSE,RMSE,Execution Time
90.32545625,21608.2781375,145.21028124999998,
88.34461875,20304.879562500002,141.20854374999996,
88.3061875,20042.247312500003,140.28616874999997,
87.85631874999999,19904.122287500002,139.71192499999998,
87.68876875,19797.569831250003,139.45672499999998,
=average(A2:A6),=average(B2:B6),=average(C2:C6),=average(D2:D6)
