AUROC,AUPRC,Executio Time
0.8841755,0.797775,
0.8841755,0.797775,
0.8841755,0.797775,
0.8841755,0.797775,
0.8841755,0.797775,
=average(A2:A6),=average(B2:B6),=average(C2:C6),=average(D2:D6)
