Train AUROC,Validation AUROC,Test AUROC,Train AUPRC,Validation AUPRC,Test AUPRC, Execution Time
0.9999885000000001,0.8736338333333333,0.8841755,0.9999704999999999,0.7762393333333333,0.797775,
0.9999885000000001,0.8736338333333333,0.8841755,0.9999704999999999,0.7762393333333333,0.797775,
0.9999885000000001,0.8736338333333333,0.8841755,0.9999704999999999,0.7762393333333333,0.797775,
0.9999885000000001,0.8736338333333333,0.8841755,0.9999704999999999,0.7762393333333333,0.797775,
0.9999885000000001,0.8736338333333333,0.8841755,0.9999704999999999,0.7762393333333333,0.797775,
=average(A2:A6),=average(B2:B6),=average(C2:C6),=average(D2:D6),=average(E2:E6),=average(F2:F6),=average(G2:G6)
