Train AUROC, Train AUPRC, Test AUROC, Test AUPRC, Execution Time
0.9999992142857143,0.9999987142857142,0.6619561428571429,0.5099887142857142
0.9999962142857143,0.9999937857142857,0.5614998571428572,0.3688859999999999
0.9999976428571429,0.9999962857142857,0.5763415714285715,0.3710247142857143
0.9999992142857143,0.9999985714285715,0.5200186428571428,0.3338285714285714
0.9999939285714285,0.9999913571428571,0.5581380714285715,0.35164964285714284
0.9999990714285715,0.9999987142857144,0.4768775000000001,0.31660842857142857
0.9999989285714286,0.9999982857142857,0.5342580714285715,0.3400775714285715
0.9999990000000001,0.9999984285714286,0.5096041428571428,0.33731785714285717
0.9999985,0.999999,0.7099823571428571,0.5222054285714285
0.9999917857142858,0.9999887857142857,0.5093768571428572,0.326694
0.9999977857142859,0.9999969285714286,0.5139147857142856,0.33773128571428573
0.9999978571428573,0.9999967142857143,0.49262821428571424,0.32293978571428567
0.9999984285714286,0.9999974285714285,0.4891756428571428,0.3269964285714286
0.9999997142857143,0.9999994285714287,0.533698,0.3374511428571429
0.9999988571428571,0.9999976428571429,0.5063987857142858,0.3324532857142857
0.9999981428571428,0.9999969285714287,0.4996116428571428,0.32571700000000003
0.9999987857142857,0.9999977142857143,0.5004668571428571,0.3285900714285714
0.9999986428571427,0.9999981428571428,0.4957427142857143,0.3254032142857143
0.9999972142857142,0.9999959285714287,0.5036999999999999,0.32431464285714284
0.9999995000000002,0.9999993571428573,0.48825964285714285,0.32440914285714284
