Train AUROC,Validation AUROC,Test AUROC,Train AUPRC,Validation AUPRC,Test AUPRC, Execution Time
0.9999996428571428,0.697245857142857,0.6942267857142858,0.9999994285714287,0.5107019285714286,0.5048242142857143,
0.9999996428571428,0.697245857142857,0.6942267857142858,0.9999994285714287,0.5107019285714286,0.5048242142857143,
0.9999996428571428,0.697245857142857,0.6942267857142858,0.9999994285714287,0.5107019285714286,0.5048242142857143,
0.9999996428571428,0.697245857142857,0.6942267857142858,0.9999994285714287,0.5107019285714286,0.5048242142857143,
0.9999996428571428,0.697245857142857,0.6942267857142858,0.9999994285714287,0.5107019285714286,0.5048242142857143,
=average(A2:A6),=average(B2:B6),=average(C2:C6),=average(D2:D6),=average(E2:E6),=average(F2:F6),=average(G2:G6)
