AUROC,AUPRC,Executio Time
0.6942267857142858,0.5048242142857143,
0.6942267857142858,0.5048242142857143,
0.6942267857142858,0.5048242142857143,
0.6942267857142858,0.5048242142857143,
0.6942267857142858,0.5048242142857143,
=average(A2:A6),=average(B2:B6),=average(C2:C6),=average(D2:D6)
