Generation, Fitness
0,9206.64471875
1,9206.64471875
2,9209.41791875
3,9215.367075
4,9224.3210125
5,9232.70204375
6,9238.18844375
7,9238.18844375
8,9238.18844375
9,9238.18844375
10,9238.18844375
11,9238.18844375
12,9238.18844375
13,9238.18844375
14,9238.18844375
15,9238.18844375
16,9238.18844375
17,9238.18844375
18,9238.18844375
19,9241.898
20,9241.898
21,9241.898
22,9241.898
23,9241.898
24,9241.898
25,9241.898
26,9241.898
27,9241.898
28,9241.898
29,9241.898
30,9241.898
31,9241.898
32,9241.898
33,9241.898
34,9241.898
35,9241.898
36,9242.66121875
37,9242.66121875
38,9242.66121875
39,9242.66121875
40,9247.3893625
41,9247.3893625
42,9247.3893625
43,9247.3893625
44,9247.3893625
45,9247.3893625
46,9247.3893625
47,9247.3893625
48,9247.3893625
49,9247.3893625
50,9247.3893625
51,9247.3893625
52,9247.3893625
53,9247.3893625
54,9247.3893625
55,9247.3893625
56,9247.3893625
57,9247.3893625
58,9247.3893625
59,9247.3893625
60,9247.3893625
61,9247.3893625
62,9247.3893625
63,9247.3893625
64,9247.3893625
65,9250.90793125
66,9250.90793125
67,9250.90793125
68,9250.90793125
69,9250.90793125
70,9250.90793125
71,9250.90793125
72,9250.90793125
73,9250.90793125
74,9250.90793125
75,9250.90793125
76,9250.90793125
77,9250.90793125
78,9250.90793125
79,9250.90793125
80,9250.90793125
81,9250.90793125
82,9250.90793125
83,9250.90793125
84,9250.90793125
85,9250.90793125
86,9250.90793125
87,9250.90793125
88,9250.90793125
89,9250.90793125
90,9250.90793125
91,9250.90793125
92,9250.90793125
93,9250.90793125
94,9250.90793125
95,9250.90793125
96,9250.90793125
