Generation, Fitness
0,9202.879975
1,9205.522725
2,9211.1468875
3,9221.47881875
4,9221.47881875
5,9221.47881875
6,9226.863525
7,9234.415625
8,9234.415625
9,9234.415625
10,9234.415625
11,9234.415625
12,9234.415625
13,9234.415625
14,9234.415625
15,9234.415625
16,9234.415625
17,9234.415625
18,9234.415625
19,9234.415625
20,9234.415625
21,9234.415625
22,9234.415625
23,9234.415625
24,9234.415625
25,9234.415625
26,9234.415625
27,9250.93991875
28,9250.93991875
29,9250.93991875
30,9250.93991875
31,9250.93991875
32,9250.93991875
33,9250.93991875
34,9250.93991875
35,9250.93991875
36,9250.93991875
37,9250.93991875
38,9250.93991875
39,9250.93991875
40,9250.93991875
41,9250.93991875
42,9250.93991875
43,9250.93991875
44,9250.93991875
45,9250.93991875
46,9250.93991875
47,9250.93991875
48,9250.93991875
49,9250.93991875
50,9250.93991875
51,9250.93991875
52,9250.93991875
53,9250.93991875
54,9250.93991875
55,9250.93991875
56,9250.93991875
57,9250.93991875
58,9250.93991875
