MAE,MSE,RMSE,Execution Time
824.6119062500001,6656277.3243875,1856.1416875,
749.0920687500002,6393962.821093749,1805.2469375,
752.1417375000002,6206926.9826125,1785.66169375,
749.06008125,6219845.3720625,1799.28578125,
753.5649125000001,6122024.690412499,1785.2836125000001,
=average(A2:A6),=average(B2:B6),=average(C2:C6),=average(D2:D6)
