Train MAE,Validation MAE,Test MAE,Train MSE,Validation MSE,Test MSE,Train RMSE,Validation RMSE,Test RMSE,Execution Time
251.73733750000002,546.1392500000001,824.6119062500001,251548.94428749997,3377716.6768375,6656277.3243875,397.38625625,1381.353625,1856.1416875,
271.2963375,595.42834375,749.0920687500002,360673.57985,3738106.3271812494,6393962.821093749,451.80471249999994,1417.7578,1805.2469375,
298.73378124999994,582.5007375,752.1417375000002,351198.19289375,3401630.0817874996,6206926.9826125,469.54554375,1380.5478500000002,1785.66169375,
308.79332500000004,600.4207875000001,749.06008125,399135.7591750001,3656318.0050937496,6219845.3720625,494.5475062500001,1405.20344375,1799.28578125,
287.91143750000003,611.2737375,753.5649125000001,386062.0779375,3483714.6196625,6122024.690412499,470.53605625,1398.2683937499999,1785.2836125000001,
=average(A2:A6),=average(B2:B6),=average(C2:C6),=average(D2:D6),=average(E2:E6),=average(F2:F6),=average(G2:G6)
