Train AUROC, Train AUPRC, Test AUROC, Test AUPRC, Execution Time
0.9973827142857142,0.9956721428571428,0.7169682857142856,0.6949614285714285
0.9975688571428571,0.9958412857142857,0.7255868571428572,0.6964338571428571
0.9970354285714286,0.9954345714285715,0.7378598571428572,0.7042467142857143
0.9979565714285714,0.9968862857142857,0.7008851428571431,0.6764208571428572
0.9972227142857143,0.9930695714285714,0.7202224285714286,0.7262808571428571
0.997463,0.997795,0.7362712857142856,0.692399142857143
0.9976274285714286,0.9975981428571429,0.5558134285714286,0.585097142857143
0.9982105714285715,0.9981627142857142,0.5308421428571429,0.5933578571428572
0.9982704285714286,0.9981982857142857,0.6983141428571429,0.6606527142857143
0.9980257142857144,0.9982212857142857,0.6417557142857142,0.6461091428571428
0.9967261428571428,0.9899411428571427,0.7465968571428572,0.7081535714285714
0.9975515714285714,0.9959781428571428,0.7346074285714286,0.7184065714285713
0.9978747142857143,0.9979574285714286,0.708509142857143,0.6757754285714286
0.9978222857142857,0.9978618571428571,0.5953879999999999,0.6194589999999999
0.9984251428571429,0.9983824285714287,0.5814337142857143,0.6105150000000001
0.9980022857142858,0.9968027142857142,0.7210470000000001,0.6907550000000001
0.9967961428571428,0.9957602857142857,0.752921,0.7064955714285714
0.9969571428571429,0.9955524285714284,0.7454597142857142,0.705204
0.9985274285714286,0.9987711428571429,0.6188962857142857,0.6116458571428572
0.9971224285714285,0.9934817142857142,0.7710431428571428,0.7234157142857143
0.9974248571428571,0.9954514285714285,0.7463584285714285,0.7170505714285714
0.9972802857142857,0.9973547142857143,0.5354968571428572,0.5709582857142858
0.9975972857142857,0.9948011428571429,0.7524417142857143,0.713299
0.9986928571428572,0.9989612857142858,0.6684921428571428,0.6547865714285714
0.9983077142857143,0.9982924285714285,0.6251018571428572,0.623941142857143
0.9985801428571428,0.9985115714285714,0.720612,0.6678664285714285
0.9991031428571429,0.9992122857142859,0.5714092857142857,0.6151815714285715
0.9981191428571429,0.9984425714285713,0.6217622857142857,0.6443417142857143
0.9986992857142857,0.9987511428571428,0.7165334285714285,0.6927097142857143
0.998386142857143,0.9984847142857143,0.6098997142857143,0.5874198571428572
