Train AUROC, Train AUPRC, Test AUROC, Test AUPRC, Execution Time
0.9966984285714285,0.9965275714285715,0.7745867142857144,0.7267239999999999
0.9980972857142856,0.9957054285714285,0.7091098571428571,0.6716605714285715
0.9967179999999999,0.9952341428571428,0.7506065714285715,0.703476
0.9976418571428571,0.9943715714285716,0.7334524285714286,0.7074074285714286
0.9967791428571429,0.9942004285714285,0.7164198571428572,0.6950462857142856
0.997565,0.9952847142857143,0.7390867142857143,0.7193914285714286
0.9980074285714285,0.9979964285714286,0.6597837142857144,0.6387734285714286
0.9978731428571429,0.9980135714285715,0.711726,0.6504095714285715
0.9984982857142857,0.9988671428571427,0.6365040000000001,0.6320864285714285
0.9976267142857144,0.99757,0.5506735714285715,0.5940684285714285
0.9971132857142857,0.9943828571428571,0.7204654285714286,0.7077872857142856
0.9980657142857143,0.9980427142857143,0.6766211428571429,0.6489900000000001
0.9979494285714287,0.9978978571428572,0.54387,0.5748647142857143
0.9983144285714286,0.9985211428571427,0.5325168571428571,0.5777952857142858
0.9981825714285714,0.99829,0.5863438571428572,0.5792914285714286
0.9982701428571429,0.9982087142857142,0.512985857142857,0.566264
0.9983978571428571,0.9985105714285715,0.6163730000000001,0.5852511428571427
0.9985088571428572,0.998488,0.5975661428571428,0.6285438571428571
0.9982911428571429,0.998364857142857,0.6151412857142857,0.6356681428571429
0.998484,0.9983861428571429,0.649817,0.6629250000000001
0.9988644285714285,0.9989285714285714,0.6486662857142858,0.6495835714285715
0.9979244285714285,0.9978325714285715,0.5416735714285714,0.5898882857142856
0.9981848571428572,0.9982497142857143,0.6644948571428572,0.644209142857143
0.9970291428571427,0.9976341428571429,0.6742494285714286,0.6734284285714285
0.9987804285714287,0.9988718571428572,0.5572717142857143,0.600511
0.9980071428571428,0.9979858571428571,0.6253697142857143,0.6795388571428571
0.998221,0.9984742857142858,0.6210272857142857,0.6053971428571429
0.998627,0.9987329999999999,0.6653725714285714,0.6534981428571429
0.9976950000000001,0.9979047142857143,0.5688541428571429,0.590827
0.9973647142857143,0.9973195714285714,0.5293,0.574644
0.9982584285714287,0.9982425714285714,0.5842034285714286,0.6141375714285715
0.9994742857142856,0.999506,0.6551425714285716,0.6146228571428571
0.9986134285714287,0.9987582857142857,0.5798562857142857,0.5988600000000001
