MAE,MSE,RMSE,Execution Time
0.41753125,1.9355924999999998,1.1576175000000002,453.1
