AUROC,AUPRC,Execution Time
0.8220092663157894,0.3589268810526316,69.16
