Train AUROC, Validation AUROC, Test AUROC, Train AUPRC, Validation AUPRC, Test AUPRC, Train Execution Time, Validation Execution Time, Test Execution Time
0.8978680263157894,0.7420564484210526,0.6932530968421053,0.6095326084210526,0.27536119684210525,0.2670863136842105,70.74,70.74,70.74
