AUROC,AUPRC,Executio Time
0.7194029999999999,0.5205934285714285,
0.7194029999999999,0.5205934285714285,
0.7194029999999999,0.5205934285714285,
0.7194029999999999,0.5205934285714285,
0.7194029999999999,0.5205934285714285,
=average(A2:A6),=average(B2:B6),=average(C2:C6),=average(D2:D6)
