MAE,MSE,RMSE,Execution Time
68.18765149999999,12721.214303125,111.00385987500002,3171.46
