Train AUROC, Train AUPRC, Test AUROC, Test AUPRC, Execution Time
0.9999796666666666,0.9999576666666666,0.862164,0.775777
0.9999576666666666,0.9998975,0.852715,0.733612
0.9999753333333333,0.9999395,0.8576116666666667,0.7591575
0.9999388333333333,0.9998671666666668,0.8520383333333333,0.7559066666666666
0.9999626666666667,0.9998978333333333,0.5607481666666666,0.42613949999999995
0.9999353333333333,0.9998411666666667,0.8667379999999999,0.7620714999999999
0.999907,0.9997878333333333,0.8466128333333334,0.7679241666666666
0.9999893333333333,0.9999729999999999,0.8562951666666666,0.7581923333333332
0.9999851666666668,0.9999615000000001,0.617003,0.49983466666666665
0.9999656666666668,0.9999235,0.42148383333333334,0.32963216666666667
0.9999929999999999,0.9999826666666666,0.5092266666666667,0.36931966666666666
0.9999751666666667,0.9999398333333334,0.4196006666666667,0.32104099999999997
0.9999806666666666,0.9999541666666666,0.8635776666666667,0.7710038333333333
1.0,1.0,0.45478766666666665,0.32546649999999994
0.9999929999999999,0.9999826666666666,0.48862183333333337,0.35818333333333335
1.0,1.0,0.5026021666666667,0.414279
0.9999858333333332,0.9999655000000001,0.4933828333333334,0.34716983333333334
0.9999893333333333,0.9999745,0.43797099999999994,0.3235573333333333
0.999977,0.9999435,0.5568285000000001,0.38469116666666664
1.0,1.0,0.5147523333333334,0.379778
0.9999786666666667,0.9999478333333333,0.42231816666666666,0.32899116666666667
0.9999965,0.9999913333333333,0.6668098333333333,0.4639075
0.9999644999999999,0.9999145,0.4965460000000001,0.3751258333333333
0.9999663333333334,0.9999311666666667,0.5073488333333334,0.4534576666666667
0.9999935,0.9999876666666667,0.4476448333333333,0.3563606666666666
0.9999706666666667,0.9999228333333333,0.7071578333333334,0.607595
0.9999435,0.9998611666666668,0.8709996666666666,0.7614416666666668
0.9999779999999999,0.9999433333333334,0.8562309999999999,0.7757298333333335
0.9999751666666666,0.9999385,0.5149708333333334,0.38009049999999994
0.9999911666666667,0.9999785,0.5323133333333333,0.3804073333333334
0.9999573333333333,0.999898,0.4632593333333333,0.3397921666666666
