Train AUROC, Train AUPRC, Test AUROC, Test AUPRC, Execution Time
0.9999288333333333,0.999822,0.8670384999999999,0.7808345
0.9998746666666666,0.9996718333333333,0.8397098333333332,0.7375913333333334
0.9999791666666668,0.999952,0.8559448333333332,0.7549923333333332
0.999947,0.9998728333333333,0.867028,0.7769476666666666
0.9999328333333333,0.999838,0.8593178333333333,0.74869
0.9999503333333334,0.9998815,0.5675413333333332,0.412104
0.9999221666666666,0.9998119999999999,0.8623943333333334,0.7675893333333333
0.9999039999999999,0.9997630000000001,0.8755013333333334,0.7779458333333333
0.9999965,0.9999913333333333,0.48179449999999996,0.3524065
1.0,1.0,0.48026166666666664,0.37522950000000005
0.9999893333333333,0.9999743333333333,0.4536180000000001,0.37874366666666665
0.9999923333333333,0.9999786666666667,0.6642644999999999,0.4875645
0.9999893333333333,0.9999739999999999,0.5160996666666666,0.3895145
0.9999893333333333,0.9999745,0.5774933333333333,0.43216116666666676
0.9999661666666667,0.9999073333333333,0.8625176666666667,0.7653401666666667
0.9999716666666667,0.999933,0.508012,0.3878445
0.9999833333333333,0.9999665000000001,0.5260583333333334,0.3857656666666667
1.0,1.0,0.36989083333333345,0.31301766666666664
0.9999893333333333,0.9999739999999999,0.40761583333333334,0.312935
0.9999823333333335,0.999959,0.8672423333333333,0.7757631666666667
0.9999965,0.9999913333333333,0.4960496666666667,0.348851
0.999961,0.9999038333333333,0.5759898333333332,0.424231
1.0,1.0,0.49584433333333333,0.377653
0.999997,0.9999963333333334,0.530843,0.38994850000000003
0.9999508333333332,0.9998845,0.8528671666666666,0.7577813333333333
0.9999273333333333,0.9998251666666667,0.6580935,0.5069880000000001
0.9999786666666667,0.9999493333333334,0.5445304999999999,0.4086728333333333
0.9999641666666665,0.9999121666666667,0.5489966666666667,0.4336541666666667
0.9999608333333333,0.9999058333333334,0.483374,0.34639183333333334
0.9999631666666667,0.999923,0.866826,0.7818695
0.9999821666666667,0.9999566666666665,0.5409941666666667,0.4140473333333334
1.0,1.0,0.6322475,0.4292386666666667
0.9999929999999999,0.9999826666666666,0.4312498333333333,0.3309325
0.9999735,0.9999356666666667,0.5069451666666667,0.40675616666666664
0.9999538333333334,0.9998888333333333,0.4234496666666667,0.3292455
