Train AUROC, Train AUPRC, Test AUROC, Test AUPRC, Execution Time
0.9999555,0.9998998333333334,0.8575356666666667,0.7694991666666667
0.9999571666666668,0.9998946666666667,0.8575428333333331,0.7632574999999999
0.9999963333333334,0.9999908333333334,0.8698468333333333,0.7725831666666666
1.0,1.0,0.5668621666666667,0.43632999999999994
0.9999896666666667,0.9999775000000001,0.6511596666666667,0.5298045
0.9999893333333333,0.9999743333333333,0.5165244999999999,0.46482666666666667
0.9999343333333334,0.9998556666666666,0.8506444999999999,0.765977
0.9999568333333334,0.9999026666666667,0.8685981666666668,0.7582428333333332
0.9999620000000001,0.9999163333333333,0.8560715000000001,0.7645796666666667
0.9999538333333332,0.9998889999999999,0.42268483333333334,0.3196231666666667
0.9999786666666667,0.999949,0.6257501666666666,0.46042533333333324
0.9999893333333333,0.9999743333333333,0.4381428333333334,0.3245416666666667
0.9999891666666668,0.9999726666666667,0.46537950000000006,0.38673399999999997
0.9999645,0.9999156666666668,0.852024,0.7540473333333333
0.9999698333333334,0.9999283333333334,0.5199106666666667,0.4338845
0.9999681666666667,0.9999236666666667,0.6338953333333334,0.5305593333333333
0.9999823333333332,0.9999565,0.5493916666666666,0.40331200000000006
0.9999786666666667,0.9999481666666666,0.5438895,0.3984045
0.9999853333333334,0.9999623333333334,0.44839199999999996,0.36867733333333336
0.9999981666666667,0.9999956666666666,0.5423006666666667,0.4038028333333334
0.9999881666666667,0.9999751666666666,0.5782791666666666,0.486524
0.9999591666666666,0.9999031666666666,0.4384171666666667,0.3299615
0.999996,0.999988,0.4623543333333333,0.36263466666666666
0.9999929999999999,0.9999826666666666,0.5041893333333334,0.36536516666666663
0.9999643333333333,0.9999141666666667,0.6866726666666666,0.5062895
0.9999910000000001,0.9999779999999999,0.7214839999999999,0.594279
