AUROC,AUPRC,Executio Time
0.8738913333333334,0.7833979999999999,
0.8738913333333334,0.7833979999999999,
0.8738913333333334,0.7833979999999999,
0.8738913333333334,0.7833979999999999,
0.8738913333333334,0.7833979999999999,
=average(A2:A6),=average(B2:B6),=average(C2:C6),=average(D2:D6)
