AUROC,AUPRC,Execution Time
0.8513741366666666,0.73659129,1.5400000000000003
