AUROC,AUPRC,Executio Time
0.8259615714285714,0.817495142857143,
0.8521692857142857,0.8414532857142856,
0.8315824285714285,0.8160632857142857,
0.8105965714285714,0.8125827142857143,
0.8366801428571428,0.8158767142857144,
=average(A2:A6),=average(B2:B6),=average(C2:C6),=average(D2:D6)
