AUROC,AUPRC
0.5904838333333333,0.33040933333333333,
=average(A2:A2),=average(B2:B2),=average(C2:C2)
