MAE,MSE,RMSE,Execution Time
0.6473,5.0751124999999995,1.8118125000000003,
0.6473,5.0751124999999995,1.8118125000000003,
0.6473,5.0751124999999995,1.8118125000000003,
0.6473,5.0751124999999995,1.8118125000000003,
0.6473,5.0751124999999995,1.8118125000000003,
=average(A2:A6),=average(B2:B6),=average(C2:C6),=average(D2:D6)
