MAE,MSE,RMSE
0.8009642857142857,1.1929357142857142,1.0576357142857142
