AUROC,AUPRC,Executio Time
0.73302,0.757047857142857,
0.7535594285714285,0.7792465714285715,
0.7406845714285714,0.7759954285714284,
0.7948704285714286,0.7957062857142858,
0.7512801428571431,0.7678247142857142,
=average(A2:A6),=average(B2:B6),=average(C2:C6),=average(D2:D6)
