MAE,MSE,RMSE,Execution Time
84.82295625,19389.025393750002,137.00771249999997,
83.12604375000001,18679.81339375,134.55011249999998,
84.16056250000001,19028.482293750003,135.92299375000002,
83.45819375,18320.146643750002,133.21049375,
82.5448875,18249.2058875,133.03543124999996,
=average(A2:A6),=average(B2:B6),=average(C2:C6),=average(D2:D6)
