AUROC,AUPRC,Execution Time
0.49731784117647065,0.0328030831550802,46130.0
