Train AUROC, Validation AUROC, Test AUROC, Train AUPRC, Validation AUPRC, Test AUPRC
0.5975058428571428,0.41284962857142854,0.3991776714285714,0.3240247857142857,0.30268915714285716,0.30268915714285716
