AUROC,AUPRC
0.3991776714285714,0.30268915714285716
