Generation, Fitness
0,0.19249631464481354
1,0.19249631464481354
2,0.19249631464481354
3,0.19249631464481354
4,0.19249631464481354
5,0.19249631464481354
6,0.19249631464481354
7,0.19249631464481354
8,0.19249631464481354
9,0.19249631464481354
10,0.19249631464481354
11,0.19249631464481354
