Train AUROC,Validation AUROC,Test AUROC,Train AUPRC,Validation AUPRC,Test AUPRC
0.20530421052631576,0.19249631578947365,0.2456795789473684,0.05335621052631579,0.056875947368421054,0.05345394736842105,
=average(A2:A2),=average(B2:B2),=average(C2:C2),=average(D2:D2),=average(E2:E2),=average(F2:F2)
