AUROC,AUPRC
0.2456795789473684,0.05345394736842105,
=average(A2:A2),=average(B2:B2),=average(C2:C2)
