Generation, Fitness
0,9999.149678571428
1,9999.15192142857
2,9999.1537
3,9999.154564285715
4,9999.154564285715
5,9999.154564285715
6,9999.154564285715
7,9999.154564285715
8,9999.154564285715
9,9999.154564285715
10,9999.154564285715
11,9999.15567142857
12,9999.15567142857
13,9999.157371428571
14,9999.157371428571
15,9999.157371428571
16,9999.157371428571
17,9999.157371428571
18,9999.157371428571
19,9999.157371428571
20,9999.157371428571
21,9999.158135714286
22,9999.158135714286
23,9999.159335714286
24,9999.159335714286
25,9999.159335714286
26,9999.159335714286
27,9999.159335714286
28,9999.159335714286
29,9999.159335714286
30,9999.159335714286
31,9999.159335714286
32,9999.159335714286
33,9999.159335714286
34,9999.159335714286
35,9999.159335714286
36,9999.159335714286
37,9999.159335714286
38,9999.159335714286
39,9999.161057142857
40,9999.161057142857
41,9999.161057142857
42,9999.161057142857
43,9999.161057142857
44,9999.161057142857
45,9999.161057142857
46,9999.161057142857
47,9999.161057142857
48,9999.161057142857
49,9999.161057142857
50,9999.161057142857
51,9999.161057142857
52,9999.161057142857
53,9999.161057142857
54,9999.161057142857
55,9999.161057142857
56,9999.161057142857
57,9999.161057142857
58,9999.161057142857
59,9999.161057142857
60,9999.161057142857
61,9999.161057142857
62,9999.161057142857
63,9999.161057142857
64,9999.161057142857
65,9999.161057142857
66,9999.161057142857
67,9999.161057142857
68,9999.161057142857
69,9999.161057142857
70,9999.161057142857
