Generation, Fitness
0,9999.14515
1,9999.14515
2,9999.14515
3,9999.147
4,9999.154814285714
5,9999.154814285714
6,9999.154814285714
7,9999.154814285714
8,9999.154814285714
9,9999.154814285714
10,9999.154814285714
11,9999.154814285714
12,9999.154814285714
13,9999.154814285714
14,9999.154814285714
15,9999.154814285714
16,9999.154814285714
17,9999.154814285714
18,9999.154814285714
19,9999.154814285714
20,9999.155142857142
21,9999.155142857142
22,9999.155142857142
23,9999.155142857142
24,9999.155142857142
25,9999.155142857142
26,9999.156092857143
27,9999.156092857143
28,9999.156092857143
29,9999.156628571429
30,9999.156628571429
31,9999.156628571429
32,9999.156628571429
33,9999.158814285714
34,9999.158814285714
35,9999.158814285714
36,9999.158814285714
37,9999.158814285714
38,9999.158814285714
39,9999.158814285714
40,9999.159428571429
41,9999.159428571429
42,9999.159428571429
43,9999.159428571429
44,9999.159428571429
45,9999.159428571429
46,9999.159642857143
47,9999.159642857143
48,9999.159642857143
49,9999.159642857143
50,9999.159642857143
51,9999.159642857143
52,9999.159642857143
53,9999.159642857143
54,9999.159642857143
55,9999.159642857143
56,9999.159642857143
57,9999.159642857143
58,9999.159642857143
59,9999.159642857143
60,9999.159642857143
61,9999.159642857143
62,9999.159642857143
63,9999.159642857143
64,9999.160392857142
65,9999.162592857143
66,9999.162592857143
67,9999.162592857143
68,9999.165721428571
69,9999.165721428571
70,9999.165721428571
71,9999.165721428571
72,9999.165721428571
73,9999.165721428571
74,9999.165721428571
75,9999.165721428571
76,9999.165721428571
77,9999.165721428571
78,9999.165721428571
79,9999.165721428571
80,9999.165721428571
81,9999.165721428571
82,9999.165721428571
83,9999.165721428571
84,9999.165721428571
85,9999.165721428571
86,9999.165721428571
87,9999.165721428571
88,9999.165721428571
89,9999.165721428571
90,9999.165721428571
91,9999.165721428571
92,9999.165721428571
93,9999.165721428571
94,9999.165721428571
95,9999.165721428571
96,9999.165721428571
97,9999.165721428571
98,9999.165721428571
99,9999.165721428571
