Generation, Fitness
0,9999.144507142857
1,9999.14825
2,9999.14825
3,9999.14825
4,9999.148907142857
5,9999.148907142857
6,9999.15035
7,9999.153335714285
8,9999.153335714285
9,9999.153335714285
10,9999.153335714285
11,9999.153335714285
12,9999.153335714285
13,9999.153335714285
14,9999.155135714285
15,9999.155135714285
16,9999.155135714285
17,9999.155135714285
18,9999.155135714285
19,9999.155135714285
20,9999.155135714285
21,9999.164142857142
22,9999.164142857142
23,9999.164142857142
24,9999.164142857142
25,9999.164142857142
26,9999.164142857142
27,9999.164142857142
28,9999.164142857142
29,9999.164142857142
30,9999.164142857142
31,9999.164142857142
32,9999.164142857142
33,9999.164142857142
34,9999.164142857142
35,9999.164142857142
36,9999.164142857142
37,9999.164142857142
38,9999.164142857142
39,9999.164142857142
40,9999.164142857142
41,9999.164142857142
42,9999.164142857142
43,9999.164142857142
44,9999.164142857142
45,9999.164142857142
46,9999.164142857142
47,9999.164142857142
48,9999.164142857142
49,9999.164142857142
50,9999.164142857142
51,9999.164142857142
52,9999.164142857142
