AUROC,AUPRC,Execution Time
0.7044460484210525,0.27725796421052634,169.52
