Train AUROC, Validation AUROC, Test AUROC, Train AUPRC, Validation AUPRC, Test AUPRC
0.7282834631578948,0.20682624210526318,0.10530807894736842,0.03972676842105264,0.048050763157894735,0.0481330052631579
