Generation, Fitness
0,0.7222314476966858
1,0.7287248373031616
2,0.7287248373031616
3,0.7287248373031616
4,0.7287248373031616
5,0.7287248373031616
6,0.7318128347396851
7,0.7318128347396851
8,0.7318128347396851
9,0.7318128347396851
10,0.7318128347396851
11,0.7318128347396851
12,0.7318128347396851
13,0.7318128347396851
14,0.7318128347396851
15,0.7318128347396851
16,0.7318128347396851
17,0.7318128347396851
