Generation, Fitness
0,0.7222314476966858
1,0.7222314476966858
2,0.7318128347396851
3,0.7318128347396851
4,0.7318128347396851
5,0.7318128347396851
6,0.7318128347396851
7,0.7318128347396851
8,0.7318128347396851
9,0.7318128347396851
10,0.7318128347396851
11,0.7318128347396851
12,0.7318128347396851
13,0.7318128347396851
