MAE,MSE,RMSE,Execution Time
0.5823875000000001,2.8645,1.3760250000000003,
0.5823875000000001,2.8645,1.3760250000000003,
0.5823875000000001,2.8645,1.3760250000000003,
0.5823875000000001,2.8645,1.3760250000000003,
0.5823875000000001,2.8645,1.3760250000000003,
=average(A2:A6),=average(B2:B6),=average(C2:C6),=average(D2:D6)
