Generation, Fitness
0,0.8875055909156799
1,0.8875055909156799
2,0.8875055909156799
3,0.8875055909156799
4,0.888594925403595
5,0.888594925403595
6,0.888594925403595
7,0.888594925403595
8,0.888594925403595
9,0.888594925403595
10,0.888594925403595
11,0.888594925403595
12,0.888594925403595
13,0.888594925403595
14,0.888594925403595
15,0.888594925403595
16,0.888594925403595
17,0.888594925403595
18,0.888594925403595
19,0.888594925403595
20,0.888594925403595
21,0.888594925403595
22,0.888594925403595
23,0.888594925403595
24,0.888594925403595
25,0.888594925403595
26,0.888594925403595
27,0.888594925403595
28,0.888594925403595
29,0.888594925403595
30,0.888594925403595
31,0.888594925403595
32,0.888594925403595
33,0.8888888955116272
34,0.8888888955116272
35,0.8888888955116272
36,0.8888888955116272
37,0.8888888955116272
38,0.8888888955116272
39,0.8888888955116272
40,0.8888888955116272
41,0.8888888955116272
42,0.8888888955116272
43,0.8888888955116272
44,0.8888888955116272
45,0.8888888955116272
46,0.8888888955116272
47,0.8888888955116272
48,0.8888888955116272
49,0.8888888955116272
50,0.8888888955116272
51,0.8888888955116272
52,0.8888888955116272
53,0.8888888955116272
54,0.8888888955116272
55,0.8888888955116272
56,0.8888888955116272
57,0.8888888955116272
58,0.8888888955116272
59,0.8888888955116272
60,0.8888888955116272
61,0.8888888955116272
62,0.8888888955116272
63,0.8888888955116272
64,0.8888888955116272
65,0.8888888955116272
66,0.8888888955116272
67,0.8888888955116272
68,0.8888888955116272
69,0.8888888955116272
70,0.8888888955116272
71,0.8888888955116272
72,0.8888888955116272
73,0.8888888955116272
74,0.8888888955116272
75,0.8888888955116272
76,0.8888888955116272
77,0.8888888955116272
78,0.8888888955116272
79,0.8888888955116272
80,0.8888888955116272
81,0.8888888955116272
82,0.8888888955116272
83,0.8888888955116272
84,0.8888888955116272
