Generation, Fitness
0,0.907211422920227
1,0.907211422920227
2,0.907211422920227
3,0.907211422920227
4,0.907211422920227
5,0.907211422920227
6,0.907211422920227
7,0.907211422920227
8,0.907211422920227
9,0.907211422920227
10,0.907211422920227
11,0.907211422920227
12,0.907211422920227
13,0.907211422920227
14,0.907211422920227
15,0.907211422920227
16,0.907211422920227
17,0.907211422920227
18,0.907211422920227
19,0.907211422920227
20,0.907211422920227
21,0.907211422920227
22,0.907211422920227
23,0.907211422920227
24,0.907211422920227
25,0.907211422920227
26,0.907211422920227
27,0.907211422920227
28,0.907211422920227
29,0.907211422920227
30,0.907211422920227
31,0.907211422920227
32,0.907211422920227
33,0.907211422920227
34,0.9074074029922485
35,0.9074074029922485
36,0.9074074029922485
37,0.9074074029922485
38,0.9074074029922485
39,0.9074074029922485
40,0.9074074029922485
41,0.9074074029922485
42,0.9074074029922485
43,0.9074074029922485
44,0.9074074029922485
45,0.9074074029922485
46,0.9074074029922485
47,0.9074074029922485
48,0.9074074029922485
49,0.9074074029922485
50,0.9074074029922485
51,0.9074074029922485
52,0.9074074029922485
53,0.9074074029922485
54,0.9074074029922485
55,0.9074074029922485
56,0.9074074029922485
57,0.9074074029922485
58,0.9074074029922485
59,0.9074074029922485
60,0.9074074029922485
61,0.9074074029922485
62,0.9074074029922485
63,0.9074074029922485
64,0.9074074029922485
65,0.9074074029922485
66,0.9074074029922485
67,0.9074074029922485
68,0.9074074029922485
69,0.9074074029922485
70,0.9074074029922485
71,0.9074074029922485
72,0.9074074029922485
73,0.9074074029922485
74,0.9074074029922485
75,0.9074074029922485
76,0.9074074029922485
77,0.9074074029922485
78,0.9074074029922485
79,0.9074074029922485
80,0.9074074029922485
81,0.9074074029922485
82,0.9074074029922485
83,0.9074074029922485
84,0.9074074029922485
85,0.9074074029922485
