Generation, Fitness
0,0.8703703880310059
1,0.8703703880310059
2,0.8703703880310059
3,0.8703703880310059
4,0.8703703880310059
5,0.8703703880310059
6,0.8703703880310059
7,0.8703703880310059
8,0.8703703880310059
9,0.8703703880310059
10,0.8703703880310059
11,0.8703703880310059
12,0.8703703880310059
13,0.8703703880310059
14,0.8703703880310059
15,0.8703703880310059
16,0.8703703880310059
17,0.8703703880310059
18,0.8703703880310059
19,0.8703703880310059
20,0.8703703880310059
21,0.8703703880310059
22,0.8703703880310059
23,0.8703703880310059
24,0.8703703880310059
25,0.8703703880310059
26,0.8703703880310059
27,0.8703703880310059
28,0.8703703880310059
29,0.8703703880310059
30,0.8703703880310059
31,0.8703703880310059
32,0.8703703880310059
33,0.8703703880310059
34,0.8703703880310059
35,0.8703703880310059
36,0.8703703880310059
37,0.8703703880310059
38,0.8703703880310059
39,0.8703703880310059
40,0.8703703880310059
41,0.8703703880310059
42,0.8703703880310059
43,0.8703703880310059
44,0.8703703880310059
45,0.8703703880310059
46,0.8703703880310059
47,0.8703703880310059
48,0.8703703880310059
49,0.8703703880310059
50,0.8703703880310059
51,0.8703703880310059
