AUROC,AUPRC
0.42226785185185184,0.04657703703703704,
=average(A2:A2),=average(B2:B2),=average(C2:C2)
