Train AUROC,Validation AUROC,Test AUROC,Train AUPRC,Validation AUPRC,Test AUPRC
0.9968489259259259,0.45444829629629635,0.42226785185185184,0.09899344444444444,0.04713825925925926,0.04657703703703704,
=average(A2:A2),=average(B2:B2),=average(C2:C2),=average(D2:D2),=average(E2:E2),=average(F2:F2)
