MAE,MSE,RMSE,Execution Time
0.6952624999999999,3.5417125,1.6356625,
0.6808500000000001,2.9377125000000004,1.507175,
0.6808500000000001,2.9377125000000004,1.507175,
0.6808500000000001,2.9377125000000004,1.507175,
0.6808500000000001,2.9377125000000004,1.507175,
=average(A2:A6),=average(B2:B6),=average(C2:C6),=average(D2:D6)
