AUROC,AUPRC,Execution Time
0.85615237,0.73988471,184.47999999999996
