Generation, Fitness
0,0.8518518805503845
1,0.8544159531593323
2,0.8712250590324402
3,0.8712250590324402
4,0.8712250590324402
5,0.8712250590324402
6,0.8712250590324402
7,0.8712250590324402
8,0.8712250590324402
9,0.8712250590324402
10,0.8712250590324402
11,0.8712250590324402
12,0.8712250590324402
13,0.8726495504379272
14,0.8726495504379272
15,0.8726495504379272
16,0.8726495504379272
17,0.8726495504379272
18,0.8726495504379272
19,0.8726495504379272
20,0.8726495504379272
21,0.8726495504379272
22,0.8726495504379272
23,0.8726495504379272
24,0.8726495504379272
25,0.8726495504379272
26,0.8726495504379272
27,0.8726495504379272
28,0.8726495504379272
29,0.8726495504379272
30,0.8726495504379272
31,0.8726495504379272
32,0.8726495504379272
33,0.8726495504379272
34,0.8726495504379272
35,0.8726495504379272
36,0.8726495504379272
37,0.8726495504379272
38,0.8726495504379272
39,0.8726495504379272
40,0.8726495504379272
41,0.8726495504379272
42,0.8726495504379272
43,0.8726495504379272
44,0.8726495504379272
45,0.8726495504379272
46,0.8726495504379272
47,0.8726495504379272
48,0.8726495504379272
49,0.8726495504379272
50,0.8726495504379272
51,0.8726495504379272
52,0.8726495504379272
53,0.8726495504379272
54,0.8726495504379272
55,0.8726495504379272
56,0.8726495504379272
57,0.8726495504379272
58,0.8726495504379272
59,0.8726495504379272
60,0.8726495504379272
61,0.8726495504379272
62,0.8726495504379272
63,0.8726495504379272
64,0.8726495504379272
