Generation, Fitness
0,0.8396514058113098
1,0.8518518805503845
2,0.8518518805503845
3,0.853561282157898
4,0.853561282157898
5,0.853561282157898
6,0.853561282157898
7,0.8703703880310059
8,0.8703703880310059
9,0.8703703880310059
10,0.8703703880310059
11,0.8703703880310059
12,0.8703703880310059
13,0.8703703880310059
14,0.8729344606399536
15,0.8729344606399536
16,0.8729344606399536
17,0.8729344606399536
18,0.8729344606399536
19,0.8729344606399536
20,0.8729344606399536
21,0.8729344606399536
22,0.8729344606399536
23,0.8729344606399536
24,0.8729344606399536
25,0.8729344606399536
26,0.8729344606399536
27,0.8729344606399536
28,0.8729344606399536
29,0.8729344606399536
30,0.8729344606399536
31,0.8729344606399536
32,0.8729344606399536
33,0.8729344606399536
34,0.8729344606399536
35,0.8729344606399536
36,0.8729344606399536
37,0.8729344606399536
38,0.8729344606399536
39,0.8729344606399536
40,0.8729344606399536
41,0.8729344606399536
42,0.8729344606399536
43,0.8729344606399536
44,0.8729344606399536
45,0.8729344606399536
46,0.8729344606399536
47,0.8729344606399536
48,0.8888888955116272
49,0.8888888955116272
50,0.8888888955116272
51,0.8888888955116272
52,0.8888888955116272
53,0.8888888955116272
54,0.8888888955116272
55,0.8888888955116272
56,0.8888888955116272
57,0.8888888955116272
58,0.8888888955116272
59,0.8900284767150879
60,0.8900284767150879
61,0.8900284767150879
62,0.8900284767150879
63,0.8900284767150879
64,0.8900284767150879
65,0.8900284767150879
66,0.8900284767150879
67,0.8900284767150879
68,0.8900284767150879
69,0.8900284767150879
70,0.8900284767150879
71,0.8900284767150879
72,0.8900284767150879
73,0.8900284767150879
74,0.8900284767150879
75,0.8900284767150879
76,0.8900284767150879
77,0.8900284767150879
78,0.8900284767150879
79,0.8900284767150879
80,0.8900284767150879
81,0.8900284767150879
82,0.8900284767150879
83,0.8900284767150879
84,0.8900284767150879
85,0.8900284767150879
86,0.8900284767150879
87,0.8900284767150879
88,0.8900284767150879
89,0.8900284767150879
90,0.8900284767150879
91,0.8900284767150879
92,0.8900284767150879
93,0.8900284767150879
94,0.8900284767150879
95,0.8900284767150879
96,0.8900284767150879
97,0.8900284767150879
98,0.8900284767150879
99,0.8900284767150879
100,0.8900284767150879
101,0.8900284767150879
102,0.8900284767150879
103,0.8900284767150879
104,0.8900284767150879
105,0.8900284767150879
106,0.8900284767150879
107,0.8900284767150879
108,0.8900284767150879
109,0.8900284767150879
110,0.8900284767150879
