MAE,MSE,RMSE,Execution Time
0.8251349999999998,1.3452292857142856,1.1295235714285714,224.2
