Generation, Fitness
0,0.6402829885482788
1,0.6402829885482788
2,0.6402829885482788
3,0.6402829885482788
4,0.6402829885482788
5,0.6402829885482788
6,0.6402829885482788
7,0.6402829885482788
8,0.6402829885482788
9,0.6402829885482788
10,0.6402829885482788
11,0.6402829885482788
12,0.6402829885482788
13,0.6402829885482788
14,0.6402829885482788
15,0.6402829885482788
16,0.6402829885482788
17,0.6402829885482788
18,0.6402829885482788
19,0.6402829885482788
20,0.6402829885482788
21,0.6402829885482788
22,0.6402829885482788
23,0.6402829885482788
24,0.6402829885482788
25,0.6402829885482788
26,0.6402829885482788
27,0.6418821215629578
28,0.6418821215629578
29,0.6418821215629578
30,0.6418821215629578
31,0.6418821215629578
32,0.6418821215629578
33,0.6418821215629578
34,0.6418821215629578
35,0.6418821215629578
36,0.6418821215629578
37,0.6418821215629578
38,0.6418821215629578
39,0.6418821215629578
40,0.6418821215629578
41,0.6418821215629578
42,0.6418821215629578
43,0.6418821215629578
44,0.6418821215629578
45,0.6418821215629578
46,0.6418821215629578
47,0.6418821215629578
48,0.6418821215629578
49,0.6418821215629578
50,0.6418821215629578
51,0.6418821215629578
52,0.6418821215629578
53,0.6418821215629578
54,0.6418821215629578
55,0.6418821215629578
56,0.6418821215629578
57,0.6418821215629578
58,0.6418821215629578
59,0.6418821215629578
60,0.6418821215629578
61,0.6418821215629578
62,0.6418821215629578
63,0.6418821215629578
64,0.6418821215629578
65,0.6418821215629578
66,0.6418821215629578
67,0.6418821215629578
68,0.6418821215629578
69,0.6418821215629578
70,0.6418821215629578
71,0.6418821215629578
72,0.6418821215629578
73,0.6418821215629578
74,0.6418821215629578
75,0.6418821215629578
76,0.6418821215629578
77,0.6418821215629578
78,0.6418821215629578
