Generation, Fitness
0,0.6358449459075928
1,0.6358449459075928
2,0.6358449459075928
3,0.6358449459075928
4,0.6358449459075928
5,0.645542562007904
6,0.645542562007904
7,0.645542562007904
8,0.645542562007904
9,0.645542562007904
10,0.645542562007904
11,0.645542562007904
12,0.645542562007904
13,0.645542562007904
14,0.645542562007904
15,0.645542562007904
16,0.645542562007904
17,0.645542562007904
18,0.645542562007904
19,0.645542562007904
20,0.645542562007904
21,0.645542562007904
22,0.645542562007904
23,0.645542562007904
24,0.645542562007904
25,0.645542562007904
26,0.645542562007904
27,0.645542562007904
28,0.645542562007904
29,0.645542562007904
30,0.645542562007904
31,0.645542562007904
32,0.6459411978721619
33,0.6459411978721619
34,0.6459411978721619
35,0.6459411978721619
36,0.6459411978721619
37,0.6459411978721619
38,0.6459411978721619
39,0.6459411978721619
40,0.6459411978721619
41,0.6459411978721619
42,0.6459411978721619
43,0.6459411978721619
44,0.6459411978721619
45,0.6459411978721619
46,0.6459411978721619
47,0.6459411978721619
48,0.6459411978721619
49,0.6459411978721619
50,0.6459411978721619
51,0.6459411978721619
52,0.6459411978721619
53,0.6459411978721619
54,0.6459411978721619
55,0.6459411978721619
56,0.6459411978721619
57,0.6459411978721619
58,0.6459411978721619
59,0.6459411978721619
60,0.6479799747467041
61,0.6479799747467041
62,0.6479799747467041
63,0.6479799747467041
64,0.6479799747467041
65,0.6479799747467041
66,0.6479799747467041
67,0.6479799747467041
68,0.6479799747467041
69,0.6479799747467041
70,0.6479799747467041
71,0.6479799747467041
72,0.6479799747467041
73,0.6479799747467041
74,0.6479799747467041
75,0.6479799747467041
76,0.6479799747467041
77,0.6479799747467041
78,0.6479799747467041
79,0.6479799747467041
80,0.6479799747467041
81,0.6479799747467041
82,0.6479799747467041
83,0.6479799747467041
84,0.6479799747467041
85,0.6479799747467041
86,0.6479799747467041
87,0.6479799747467041
88,0.6479799747467041
89,0.6479799747467041
90,0.6479799747467041
91,0.6479799747467041
92,0.6479799747467041
93,0.6479799747467041
94,0.6479799747467041
95,0.6479799747467041
96,0.6479799747467041
97,0.6479799747467041
98,0.6479799747467041
99,0.6479799747467041
100,0.6479799747467041
101,0.6479799747467041
102,0.6479799747467041
103,0.6479799747467041
104,0.6479799747467041
105,0.6479799747467041
106,0.6479799747467041
107,0.6479799747467041
108,0.6479799747467041
109,0.6479799747467041
110,0.6479799747467041
111,0.6479799747467041
