Train AUROC,Validation AUROC,Test AUROC,Train AUPRC,Validation AUPRC,Test AUPRC
0.6997784999999999,0.39633085714285715,0.3954987857142857,0.34281128571428576,0.2983019285714286,0.30693364285714286,
=average(A2:A2),=average(B2:B2),=average(C2:C2),=average(D2:D2),=average(E2:E2),=average(F2:F2)
