AUROC,AUPRC
0.3954987857142857,0.30693364285714286,
=average(A2:A2),=average(B2:B2),=average(C2:C2)
