MAE,MSE,RMSE,Execution Time
49.7382675,6615.592026875001,80.22855125000001,8943.3
