AUROC,AUPRC,Executio Time
0.7140723333333333,0.4676726666666666,
0.7140723333333333,0.4676726666666666,
0.7140723333333333,0.4676726666666666,
0.7140723333333333,0.4676726666666666,
0.7140723333333333,0.4676726666666666,
=average(A2:A6),=average(B2:B6),=average(C2:C6),=average(D2:D6)
