MAE,MSE,RMSE
437.43741874999995,3128384.2617625007,1171.42661875,
437.43741874999995,3128384.2617625007,1171.42661875,
=average(A2:A3),=average(B2:B3),=average(C2:C3)
