Accuracy,F1,WMSEnominal
0.7457627118644067,0.526916,0.8420415098289419,
=average(A2:A2),=average(B2:B2),=average(C2:C2)
