Generation, Fitness
0,0.6363868117332458
1,0.6363868117332458
2,0.6363868117332458
3,0.6411252617835999
4,0.6411252617835999
5,0.6411252617835999
6,0.6411252617835999
7,0.6411252617835999
8,0.6411252617835999
9,0.6411252617835999
10,0.6411252617835999
11,0.6411252617835999
12,0.6411252617835999
13,0.6411252617835999
14,0.6424893140792847
15,0.6424893140792847
16,0.6466538310050964
17,0.6466538310050964
18,0.6466538310050964
19,0.6466538310050964
20,0.6466538310050964
21,0.6466538310050964
22,0.6679793000221252
23,0.6679793000221252
24,0.6679793000221252
25,0.6679793000221252
26,0.6679793000221252
27,0.6679793000221252
28,0.6679793000221252
29,0.6679793000221252
30,0.6679793000221252
31,0.6679793000221252
32,0.6696469783782959
33,0.6696469783782959
34,0.6696469783782959
35,0.6696469783782959
36,0.6696469783782959
37,0.6696469783782959
38,0.6696469783782959
39,0.6696469783782959
40,0.6696469783782959
41,0.6696469783782959
42,0.6696469783782959
43,0.6696469783782959
44,0.6696469783782959
45,0.6696469783782959
46,0.6696469783782959
47,0.6696469783782959
48,0.6696469783782959
49,0.6696469783782959
50,0.6696469783782959
51,0.6696469783782959
52,0.6696469783782959
53,0.6696469783782959
54,0.6696469783782959
55,0.6696469783782959
56,0.6696469783782959
57,0.6696469783782959
58,0.6696469783782959
59,0.6696469783782959
60,0.6696469783782959
61,0.6696469783782959
62,0.6696469783782959
63,0.6696469783782959
