Generation, Fitness
0,0.630854070186615
1,0.6353343725204468
2,0.6436970829963684
3,0.6436970829963684
4,0.6436970829963684
5,0.6436970829963684
6,0.6436970829963684
7,0.652532160282135
8,0.652532160282135
9,0.652532160282135
10,0.652532160282135
11,0.652532160282135
12,0.652532160282135
13,0.652532160282135
14,0.652532160282135
15,0.652532160282135
16,0.652532160282135
17,0.6615336537361145
18,0.6615336537361145
19,0.6615336537361145
20,0.6615336537361145
21,0.6615336537361145
22,0.6615336537361145
23,0.6615336537361145
24,0.6615336537361145
25,0.6615336537361145
26,0.6615336537361145
27,0.6626365184783936
28,0.6626365184783936
29,0.6626365184783936
30,0.6626365184783936
31,0.6626365184783936
32,0.6626365184783936
33,0.6626365184783936
34,0.6626365184783936
35,0.6626365184783936
36,0.6626365184783936
37,0.6626365184783936
38,0.6626365184783936
39,0.6626365184783936
40,0.6626365184783936
41,0.6626365184783936
42,0.6626365184783936
43,0.6626365184783936
44,0.6626365184783936
45,0.6626365184783936
46,0.6626365184783936
47,0.6626365184783936
48,0.6626365184783936
49,0.6626365184783936
50,0.6626365184783936
51,0.6626365184783936
52,0.6626365184783936
53,0.6626365184783936
54,0.6626365184783936
55,0.6626365184783936
56,0.6626365184783936
57,0.6626365184783936
58,0.6626365184783936
