AUROC,AUPRC,Executio Time
0.6445589285714286,0.4154559285714286,
0.6626364999999999,0.4538595,
0.6562499285714286,0.420866,
0.6523265,0.4262528571428571,
0.6696470000000001,0.44089149999999994,
=average(A2:A6),=average(B2:B6),=average(C2:C6),=average(D2:D6)
