Train AUROC,Validation AUROC,Test AUROC,Train AUPRC,Validation AUPRC,Test AUPRC, Execution Time
0.6712952857142856,0.6445589285714286,0.6445589285714286,0.445268,0.4154559285714286,0.4154559285714286,
0.6950291428571428,0.6626364999999999,0.6626364999999999,0.4888142857142857,0.4538595,0.4538595,
0.7152824999999998,0.6562499285714286,0.6562499285714286,0.49145242857142846,0.420866,0.420866,
0.7999554285714288,0.6523265,0.6523265,0.6566936428571429,0.4262528571428571,0.4262528571428571,
0.7219553571428571,0.6696470000000001,0.6696470000000001,0.5681986428571428,0.44089149999999994,0.44089149999999994,
=average(A2:A6),=average(B2:B6),=average(C2:C6),=average(D2:D6),=average(E2:E6),=average(F2:F6),=average(G2:G6)
