MAE,MSE,RMSE,Execution Time
0.791155,6.250780000000001,2.0695825,471.8
