Train AUROC,Validation AUROC,Test AUROC,Train AUPRC,Validation AUPRC,Test AUPRC
0.7091776666666667,0.5868821666666667,0.5882978333333333,0.30737966666666666,0.32183900000000004,0.3083331666666667,
=average(A2:A2),=average(B2:B2),=average(C2:C2),=average(D2:D2),=average(E2:E2),=average(F2:F2)
