AUROC,AUPRC
0.5882978333333333,0.3083331666666667,
=average(A2:A2),=average(B2:B2),=average(C2:C2)
