AUROC,AUPRC,Executio Time
0.7843019999999999,0.6155689999999999,
0.7843019999999999,0.6155689999999999,
0.7843019999999999,0.6155689999999999,
0.7843019999999999,0.6155689999999999,
0.7843019999999999,0.6155689999999999,
=average(A2:A6),=average(B2:B6),=average(C2:C6),=average(D2:D6)
