MAE,MSE,RMSE,Execution Time
86.0694,19933.502931249997,139.69498124999998,
85.3752125,19409.699024999998,137.82901249999998,
84.13488125,19037.060425,136.113825,
86.0306875,19540.851475,137.9658875,
86.00095625,19865.699137499996,139.4242875,
=average(A2:A6),=average(B2:B6),=average(C2:C6),=average(D2:D6)
