TrainVal MAE,Validation MAE,Test MAE,TrainVal MSE,Validation MSE,Test MSE,TrainVal RMSE,Validation RMSE,Test RMSE,Execution Time
54.333118750000004,87.31009374999998,86.0694,7422.889981250001,19572.01414375,19933.502931249997,84.18496875000001,137.9736375,139.69498124999998,
54.7081375,87.09981249999998,85.3752125,7319.091125,19570.669418749996,19409.699024999998,84.26163125,137.64944375000002,137.82901249999998,
53.742218750000006,86.93235624999998,84.13488125,7237.736381250001,19110.703687499998,19037.060425,83.52006875,136.33500625000002,136.113825,
55.52046875,87.5598875,86.0306875,7623.424900000001,19843.484149999997,19540.851475,85.92993125,138.77994999999999,137.9658875,
54.69015,87.01784999999998,86.00095625,7512.139681250001,19310.06201875,19865.699137499996,84.87454375,136.90000625,139.4242875,
=average(A2:A6),=average(B2:B6),=average(C2:C6),=average(D2:D6),=average(E2:E6),=average(F2:F6),=average(G2:G6)
