Generation, Fitness
0,9788.1513625
1,9788.1513625
2,9788.93195
3,9788.93195
4,9788.93195
5,9789.00731875
6,9789.00731875
7,9789.00731875
8,9789.00731875
9,9789.00731875
10,9789.00731875
11,9789.00731875
12,9789.00731875
13,9789.00731875
14,9792.6918375
15,9792.6918375
16,9792.6918375
17,9794.00155
18,9794.00155
19,9794.00155
20,9794.00155
21,9794.00155
22,9794.00155
23,9794.00155
24,9794.00155
25,9794.00155
26,9794.00155
27,9794.00155
28,9794.00155
29,9794.00155
30,9794.00155
31,9794.00155
32,9794.00155
33,9794.00155
34,9794.00155
35,9794.00155
36,9794.00155
37,9794.00155
38,9794.00155
39,9794.00155
40,9794.00155
41,9794.00155
42,9794.00155
43,9794.00155
44,9794.00155
45,9794.00155
46,9794.00155
47,9794.00155
48,9794.00155
