Generation, Fitness
0,9782.65365
1,9782.65365
2,9783.13945
3,9789.68731875
4,9789.68731875
5,9789.68731875
6,9789.68731875
7,9789.68731875
8,9789.68731875
9,9789.68731875
10,9792.99403125
11,9792.99403125
12,9792.99403125
13,9792.99403125
14,9792.99403125
15,9792.99403125
16,9792.99403125
17,9792.99403125
18,9792.99403125
19,9792.99403125
20,9792.99403125
21,9792.99403125
22,9792.99403125
23,9792.99403125
24,9792.99403125
25,9792.99403125
26,9792.99403125
27,9792.99403125
28,9792.99403125
29,9792.99403125
30,9792.99403125
31,9792.99403125
32,9792.99403125
33,9792.99403125
34,9792.99403125
35,9792.99403125
36,9792.99403125
37,9792.99403125
38,9792.99403125
39,9792.99403125
40,9792.99403125
41,9792.99403125
