Generation, Fitness
0,9696.333525
1,9699.86850625
2,9699.86850625
3,9699.86850625
4,9702.53954375
5,9702.53954375
6,9702.53954375
7,9702.53954375
8,9706.777175
9,9706.777175
10,9706.777175
11,9708.34243125
12,9708.34243125
13,9708.34243125
14,9708.34243125
15,9715.44725
16,9715.44725
17,9715.44725
18,9715.44725
19,9715.44725
20,9715.44725
21,9715.44725
22,9715.44725
23,9715.44725
24,9715.44725
25,9715.44725
26,9715.44725
27,9715.44725
28,9715.44725
29,9715.44725
30,9715.44725
31,9715.44725
32,9715.44725
33,9715.44725
34,9715.44725
35,9715.44725
36,9715.44725
37,9715.44725
38,9715.44725
39,9715.44725
40,9715.44725
41,9715.44725
42,9715.44725
43,9715.44725
44,9715.44725
45,9715.44725
46,9715.44725
