MAE,MSE,RMSE,Execution Time
243.4127125,398916.76539375,462.5052875,
207.25009375000002,228949.49533749997,361.23496875,
205.99845,200791.78464375,356.19961250000006,
250.51874375000003,417926.9102875,480.69657500000005,
=average(A2:A6),=average(B2:B6),=average(C2:C6),=average(D2:D6)
