MAE,MSE,RMSE,Execution Time
143.91362499999997,103829.88986874999,248.0628,
155.86448749999997,123259.37810625,265.35011875,
165.60549375,132353.20456875,272.07946250000003,
149.05537499999997,87373.58789375,233.94573124999997,
167.53260624999996,132572.0620625,278.9011,
=average(A2:A6),=average(B2:B6),=average(C2:C6),=average(D2:D6)
