TrainVal MAE,Validation MAE,Test MAE,TrainVal MSE,Validation MSE,Test MSE,TrainVal RMSE,Validation RMSE,Test RMSE,Execution Time
0.34836249999999996,0.6811125,0.5773874999999999,0.6829375000000001,3.627274999999999,2.20405,0.753175,1.5097625,1.2808499999999998,
0.34836249999999996,0.6811125,0.5773874999999999,0.6829375000000001,3.627274999999999,2.20405,0.753175,1.5097625,1.2808499999999998,
0.34836249999999996,0.6811125,0.5773874999999999,0.6829375000000001,3.627274999999999,2.20405,0.753175,1.5097625,1.2808499999999998,
0.34836249999999996,0.6811125,0.5773874999999999,0.6829375000000001,3.627274999999999,2.20405,0.753175,1.5097625,1.2808499999999998,
0.34836249999999996,0.6811125,0.5773874999999999,0.6829375000000001,3.627274999999999,2.20405,0.753175,1.5097625,1.2808499999999998,
=average(A2:A6),=average(B2:B6),=average(C2:C6),=average(D2:D6),=average(E2:E6),=average(F2:F6),=average(G2:G6)
