Generation, Fitness
0,0.7845507860183716
1,0.7845507860183716
2,0.7845507860183716
3,0.7845507860183716
4,0.7845507860183716
5,0.7845507860183716
6,0.7845507860183716
7,0.7845507860183716
8,0.7845507860183716
9,0.7845507860183716
10,0.7845507860183716
11,0.7845507860183716
12,0.7845507860183716
13,0.7845507860183716
14,0.7845507860183716
15,0.7845507860183716
16,0.7845507860183716
17,0.7845507860183716
18,0.7845507860183716
19,0.7845507860183716
20,0.8022472858428955
21,0.8022472858428955
22,0.8022472858428955
23,0.8022472858428955
24,0.8022472858428955
25,0.8022472858428955
26,0.8022472858428955
27,0.8022472858428955
28,0.8022472858428955
29,0.8022472858428955
30,0.8022472858428955
31,0.8022472858428955
32,0.8022472858428955
33,0.8022472858428955
34,0.8022472858428955
35,0.8022472858428955
36,0.8022472858428955
37,0.8022472858428955
38,0.8022472858428955
39,0.8022472858428955
40,0.8022472858428955
41,0.8022472858428955
42,0.8022472858428955
43,0.8022472858428955
44,0.8022472858428955
45,0.8022472858428955
46,0.8022472858428955
47,0.8022472858428955
48,0.8022472858428955
49,0.8022472858428955
50,0.8022472858428955
51,0.8022472858428955
52,0.8022472858428955
53,0.8022472858428955
54,0.8022472858428955
55,0.8022472858428955
56,0.8022472858428955
57,0.8022472858428955
58,0.8022472858428955
59,0.8022472858428955
60,0.8022472858428955
61,0.8022472858428955
62,0.8022472858428955
63,0.8022472858428955
64,0.8022472858428955
65,0.8022472858428955
66,0.8022472858428955
67,0.8022472858428955
68,0.8022472858428955
69,0.8022472858428955
70,0.8022472858428955
71,0.8022472858428955
