Generation, Fitness
0,0.7845507860183716
1,0.7845507860183716
2,0.7845507860183716
3,0.7845507860183716
4,0.8026578426361084
5,0.8026578426361084
6,0.8026578426361084
7,0.8026578426361084
8,0.8026578426361084
9,0.8026578426361084
10,0.8026578426361084
11,0.8026578426361084
12,0.8026578426361084
13,0.8026578426361084
14,0.8026578426361084
15,0.8026578426361084
16,0.8026578426361084
17,0.8026578426361084
18,0.8026578426361084
19,0.8026578426361084
20,0.8026578426361084
21,0.8026578426361084
22,0.8026578426361084
23,0.8026578426361084
24,0.8026578426361084
25,0.8026578426361084
26,0.8026578426361084
27,0.8026578426361084
28,0.8026578426361084
29,0.8026578426361084
30,0.8026578426361084
31,0.8026578426361084
32,0.8026578426361084
33,0.8026578426361084
34,0.8026578426361084
35,0.8026578426361084
36,0.8026578426361084
37,0.8026578426361084
38,0.8026578426361084
39,0.8026578426361084
40,0.8026578426361084
41,0.8026578426361084
42,0.8026578426361084
43,0.8026578426361084
44,0.8026578426361084
45,0.812002420425415
46,0.812002420425415
47,0.812002420425415
48,0.812002420425415
49,0.812002420425415
50,0.812002420425415
51,0.812002420425415
52,0.812002420425415
53,0.812002420425415
54,0.812002420425415
55,0.812002420425415
56,0.812002420425415
57,0.812002420425415
58,0.812002420425415
59,0.812002420425415
60,0.812002420425415
61,0.812002420425415
62,0.812002420425415
63,0.812002420425415
64,0.812002420425415
65,0.812002420425415
66,0.812002420425415
67,0.812002420425415
68,0.812002420425415
69,0.812002420425415
70,0.812002420425415
71,0.812002420425415
72,0.812002420425415
73,0.812002420425415
74,0.812002420425415
75,0.812002420425415
76,0.812002420425415
77,0.812002420425415
78,0.812002420425415
79,0.812002420425415
80,0.812002420425415
81,0.812002420425415
82,0.812002420425415
83,0.812002420425415
84,0.812002420425415
85,0.812002420425415
86,0.812002420425415
87,0.812002420425415
88,0.812002420425415
89,0.812002420425415
90,0.812002420425415
91,0.812002420425415
92,0.812002420425415
93,0.812002420425415
94,0.812002420425415
95,0.812002420425415
96,0.812002420425415
