Generation, Fitness
0,0.7845507860183716
1,0.7845507860183716
2,0.7845507860183716
3,0.7845507860183716
4,0.7845507860183716
5,0.7845507860183716
6,0.7845507860183716
7,0.7845507860183716
8,0.7845507860183716
9,0.7845507860183716
10,0.7845507860183716
11,0.7915075421333313
12,0.7915075421333313
13,0.7915075421333313
14,0.7915075421333313
15,0.7915075421333313
16,0.7915075421333313
17,0.7915075421333313
18,0.7915075421333313
19,0.7927606105804443
20,0.7977182865142822
21,0.7977182865142822
22,0.7977182865142822
23,0.7977182865142822
24,0.7977182865142822
25,0.7977182865142822
26,0.7977182865142822
27,0.7977182865142822
28,0.7977182865142822
29,0.7977182865142822
30,0.7977182865142822
31,0.7977182865142822
32,0.7977182865142822
33,0.7977182865142822
34,0.7977182865142822
35,0.7977182865142822
36,0.7977182865142822
37,0.7977182865142822
38,0.7977182865142822
39,0.7977182865142822
40,0.7977182865142822
41,0.7977182865142822
42,0.7977182865142822
43,0.7977182865142822
44,0.7977182865142822
45,0.7977182865142822
46,0.7977182865142822
47,0.7977182865142822
48,0.7977182865142822
49,0.7977182865142822
50,0.7977182865142822
51,0.7977182865142822
52,0.7977182865142822
53,0.7977182865142822
54,0.7977182865142822
55,0.7977182865142822
56,0.7977182865142822
57,0.7977182865142822
58,0.7977182865142822
59,0.7977182865142822
60,0.7977182865142822
61,0.7977182865142822
62,0.7977182865142822
63,0.7977182865142822
64,0.7977182865142822
65,0.7977182865142822
66,0.7977182865142822
67,0.7977182865142822
68,0.7977182865142822
69,0.7977182865142822
70,0.7977182865142822
71,0.7977182865142822
