AUROC,AUPRC,Executio Time
0.7698331052631578,0.2022004736842105,
0.7591854736842106,0.2244687368421053,
0.6631437368421053,0.2119383157894737,
0.6302963157894736,0.19809742105263156,
0.7698331052631578,0.2022004736842105,
=average(A2:A6),=average(B2:B6),=average(C2:C6),=average(D2:D6)
