Accuracy,F1,WMSEnominal
0.7293233082706766,0.7126345714285715,0.9547102640901931,
=average(A2:A2),=average(B2:B2),=average(C2:C2)
