Train AUROC,Validation AUROC,Test AUROC,Train AUPRC,Validation AUPRC,Test AUPRC, Execution Time
0.9999973333333333,0.8590958333333333,0.8430635,0.9999941666666666,0.7512351666666667,0.7026583333333334,
0.9999973333333333,0.8590958333333333,0.8430635,0.9999941666666666,0.7512351666666667,0.7026583333333334,
0.9999973333333333,0.8590958333333333,0.8430635,0.9999941666666666,0.7512351666666667,0.7026583333333334,
0.9999973333333333,0.8590958333333333,0.8430635,0.9999941666666666,0.7512351666666667,0.7026583333333334,
0.9999973333333333,0.8590958333333333,0.8430635,0.9999941666666666,0.7512351666666667,0.7026583333333334,
=average(A2:A6),=average(B2:B6),=average(C2:C6),=average(D2:D6),=average(E2:E6),=average(F2:F6),=average(G2:G6)
