Generation, Fitness
0,9999.140207142857
1,9999.141292857143
2,9999.148371428571
3,9999.148371428571
4,9999.148371428571
5,9999.153678571429
6,9999.153678571429
7,9999.153678571429
8,9999.153678571429
9,9999.153678571429
10,9999.153678571429
11,9999.153678571429
12,9999.153678571429
13,9999.153678571429
14,9999.153678571429
15,9999.153678571429
16,9999.153678571429
17,9999.153678571429
18,9999.153678571429
19,9999.153678571429
20,9999.153678571429
21,9999.153678571429
22,9999.153678571429
23,9999.153678571429
24,9999.153678571429
25,9999.153678571429
26,9999.153678571429
27,9999.153678571429
28,9999.153678571429
29,9999.153678571429
30,9999.153678571429
31,9999.153678571429
32,9999.153678571429
33,9999.153678571429
34,9999.153678571429
35,9999.154028571429
36,9999.154028571429
37,9999.154028571429
38,9999.154028571429
39,9999.154028571429
40,9999.154028571429
41,9999.154028571429
42,9999.154028571429
43,9999.159264285714
44,9999.159264285714
45,9999.159264285714
46,9999.159264285714
47,9999.159264285714
48,9999.159264285714
49,9999.159264285714
50,9999.159264285714
51,9999.159264285714
52,9999.159264285714
53,9999.159264285714
54,9999.159264285714
55,9999.159264285714
56,9999.159264285714
57,9999.159264285714
58,9999.159264285714
59,9999.159264285714
60,9999.159264285714
61,9999.159264285714
62,9999.159264285714
63,9999.159264285714
64,9999.159264285714
65,9999.159264285714
66,9999.159264285714
67,9999.159264285714
68,9999.159264285714
69,9999.159264285714
70,9999.159264285714
71,9999.159264285714
72,9999.159264285714
73,9999.159264285714
74,9999.159264285714
