Generation, Fitness
0,9999.14782142857
1,9999.14782142857
2,9999.149757142857
3,9999.149757142857
4,9999.149757142857
5,9999.149757142857
6,9999.150307142858
7,9999.1546
8,9999.1546
9,9999.1546
10,9999.1546
11,9999.1546
12,9999.1546
13,9999.1546
14,9999.1546
15,9999.1546
16,9999.1546
17,9999.155292857144
18,9999.155292857144
19,9999.155292857144
20,9999.155292857144
21,9999.155292857144
22,9999.155292857144
23,9999.155292857144
24,9999.155292857144
25,9999.155292857144
26,9999.155292857144
27,9999.155292857144
28,9999.155292857144
29,9999.155292857144
30,9999.155292857144
31,9999.155292857144
32,9999.160392857142
33,9999.160392857142
34,9999.160392857142
35,9999.161842857144
36,9999.161842857144
37,9999.161842857144
38,9999.161842857144
39,9999.161842857144
40,9999.161842857144
41,9999.161842857144
42,9999.161842857144
43,9999.161842857144
44,9999.161842857144
45,9999.161842857144
46,9999.161842857144
47,9999.16235
48,9999.16235
49,9999.16235
50,9999.16235
51,9999.16235
52,9999.162607142856
53,9999.162607142856
54,9999.162607142856
55,9999.162607142856
56,9999.162607142856
57,9999.162607142856
58,9999.162607142856
59,9999.162607142856
60,9999.162607142856
61,9999.162607142856
62,9999.162607142856
63,9999.162607142856
64,9999.162607142856
65,9999.162607142856
66,9999.162607142856
67,9999.162607142856
68,9999.162607142856
69,9999.162607142856
70,9999.162607142856
71,9999.162607142856
72,9999.162607142856
73,9999.162607142856
74,9999.162607142856
75,9999.162607142856
76,9999.162607142856
77,9999.162607142856
78,9999.162607142856
79,9999.162607142856
80,9999.162607142856
81,9999.162607142856
82,9999.162607142856
83,9999.162607142856
