Generation, Fitness
0,9999.136121428572
1,9999.14455
2,9999.150457142858
3,9999.150457142858
4,9999.150457142858
5,9999.150457142858
6,9999.150457142858
7,9999.150457142858
8,9999.150457142858
9,9999.150457142858
10,9999.150457142858
11,9999.150728571429
12,9999.1519
13,9999.1519
14,9999.1524
15,9999.157078571428
16,9999.157078571428
17,9999.157078571428
18,9999.157078571428
19,9999.157078571428
20,9999.157078571428
21,9999.157078571428
22,9999.157078571428
23,9999.158842857143
24,9999.162242857143
25,9999.162242857143
26,9999.162242857143
27,9999.162242857143
28,9999.162242857143
29,9999.162242857143
30,9999.162242857143
31,9999.162242857143
32,9999.162242857143
33,9999.162242857143
34,9999.162242857143
35,9999.162242857143
36,9999.162242857143
37,9999.162242857143
38,9999.162242857143
39,9999.162242857143
40,9999.162242857143
41,9999.162242857143
42,9999.162242857143
43,9999.162242857143
44,9999.162242857143
45,9999.162242857143
46,9999.162242857143
47,9999.162242857143
48,9999.162242857143
49,9999.162242857143
50,9999.162242857143
51,9999.162242857143
52,9999.162242857143
53,9999.162242857143
54,9999.162242857143
55,9999.162242857143
