Generation, Fitness
0,9999.141135714286
1,9999.141135714286
2,9999.143771428571
3,9999.143771428571
4,9999.151264285714
5,9999.151264285714
6,9999.151264285714
7,9999.151264285714
8,9999.151264285714
9,9999.153285714287
10,9999.153285714287
11,9999.153285714287
12,9999.153285714287
13,9999.153285714287
14,9999.153285714287
15,9999.154992857142
16,9999.154992857142
17,9999.154992857142
18,9999.156407142857
19,9999.156407142857
20,9999.156407142857
21,9999.156407142857
22,9999.156407142857
23,9999.156407142857
24,9999.156964285714
25,9999.156964285714
26,9999.156964285714
27,9999.156964285714
28,9999.156964285714
29,9999.156964285714
30,9999.156964285714
31,9999.156964285714
32,9999.156964285714
33,9999.156964285714
34,9999.156964285714
35,9999.156964285714
36,9999.156964285714
37,9999.156964285714
38,9999.156964285714
39,9999.156964285714
40,9999.156964285714
41,9999.156964285714
42,9999.156964285714
43,9999.15697857143
44,9999.15697857143
45,9999.15697857143
46,9999.15697857143
47,9999.15697857143
48,9999.15697857143
49,9999.15697857143
50,9999.15697857143
51,9999.15697857143
52,9999.15697857143
53,9999.15697857143
54,9999.15697857143
55,9999.15697857143
56,9999.15697857143
57,9999.15697857143
58,9999.15697857143
59,9999.158164285715
60,9999.158164285715
61,9999.158164285715
62,9999.158164285715
63,9999.158164285715
64,9999.15992857143
65,9999.15992857143
66,9999.15992857143
67,9999.15992857143
68,9999.15992857143
69,9999.15992857143
70,9999.15992857143
71,9999.15992857143
72,9999.15992857143
73,9999.15992857143
74,9999.15992857143
75,9999.15992857143
76,9999.15992857143
77,9999.15992857143
78,9999.15992857143
79,9999.15992857143
80,9999.15992857143
81,9999.15992857143
82,9999.15992857143
83,9999.15992857143
84,9999.15992857143
85,9999.15992857143
86,9999.15992857143
87,9999.15992857143
88,9999.15992857143
89,9999.15992857143
90,9999.15992857143
91,9999.15992857143
92,9999.15992857143
93,9999.15992857143
94,9999.15992857143
95,9999.15992857143
