Train MAE,Validation MAE,Test MAE,Train MSE,Validation MSE,Test MSE,Train RMSE,Validation RMSE,Test RMSE,Execution Time
0.8068499999999998,0.8687500000000001,0.8614214285714287,1.3060357142857144,1.5812714285714284,1.5107357142857143,1.1132071428571426,1.2304071428571428,1.195707142857143,
0.8017500000000001,0.8859857142857143,0.8407357142857143,1.3002714285714287,1.6368142857142856,1.4509714285714284,1.1096357142857143,1.2536285714285715,1.1676000000000002,
0.8049071428571428,0.8800571428571429,0.8373928571428569,1.3021714285714288,1.6300571428571426,1.4492785714285714,1.1102285714285713,1.2504214285714286,1.1659214285714286,
0.8011785714285715,0.8865071428571428,0.8377571428571429,1.2949714285714289,1.6512857142857145,1.4497642857142856,1.1067357142857142,1.2596214285714287,1.1667428571428573,
0.7955285714285715,0.8872214285714286,0.8400714285714285,1.2812785714285713,1.6747642857142857,1.4642571428571427,1.1012642857142858,1.2698,1.1708214285714287,
=average(A2:A6),=average(B2:B6),=average(C2:C6),=average(D2:D6),=average(E2:E6),=average(F2:F6),=average(G2:G6)
