Generation, Fitness
0,0.8681800961494446
1,0.8877995610237122
2,0.8877995610237122
3,0.8877995610237122
4,0.8877995610237122
5,0.8877995610237122
6,0.8877995610237122
7,0.8877995610237122
8,0.8877995610237122
9,0.8877995610237122
10,0.8877995610237122
11,0.8877995610237122
12,0.8877995610237122
13,0.8877995610237122
14,0.8877995610237122
15,0.8877995610237122
16,0.8877995610237122
17,0.8877995610237122
18,0.8877995610237122
19,0.8877995610237122
20,0.8877995610237122
21,0.8877995610237122
22,0.8877995610237122
23,0.8877995610237122
24,0.8877995610237122
25,0.8877995610237122
26,0.8877995610237122
27,0.8877995610237122
28,0.8877995610237122
29,0.8877995610237122
30,0.8877995610237122
31,0.8877995610237122
32,0.8877995610237122
33,0.8877995610237122
34,0.8877995610237122
35,0.8877995610237122
36,0.8877995610237122
37,0.8877995610237122
38,0.8877995610237122
39,0.8877995610237122
40,0.8877995610237122
41,0.8877995610237122
42,0.8877995610237122
43,0.8877995610237122
44,0.8877995610237122
45,0.8877995610237122
46,0.8877995610237122
47,0.8877995610237122
48,0.8877995610237122
49,0.8877995610237122
50,0.8877995610237122
51,0.8877995610237122
52,0.8877995610237122
