Generation, Fitness
0,0.8518518805503845
1,0.8600217700004578
2,0.8726495504379272
3,0.8729344606399536
4,0.8729344606399536
5,0.8729344606399536
6,0.8729344606399536
7,0.8729344606399536
8,0.8729344606399536
9,0.8729344606399536
10,0.8729344606399536
11,0.8729344606399536
12,0.8729344606399536
13,0.8729344606399536
14,0.8729344606399536
15,0.8729344606399536
16,0.8729344606399536
17,0.8729344606399536
18,0.8729344606399536
19,0.8729344606399536
20,0.8729344606399536
21,0.8729344606399536
22,0.8729344606399536
23,0.8729344606399536
24,0.8729344606399536
25,0.8729344606399536
26,0.8729344606399536
27,0.8729344606399536
28,0.8729344606399536
29,0.8729344606399536
30,0.8729344606399536
31,0.8729344606399536
32,0.8729344606399536
33,0.8729344606399536
34,0.8729344606399536
35,0.8729344606399536
36,0.8729344606399536
37,0.8729344606399536
38,0.8729344606399536
39,0.8729344606399536
40,0.8729344606399536
41,0.8729344606399536
42,0.8729344606399536
43,0.8729344606399536
44,0.8729344606399536
45,0.8729344606399536
46,0.8729344606399536
47,0.8729344606399536
48,0.8729344606399536
49,0.8729344606399536
50,0.8729344606399536
51,0.8729344606399536
52,0.8729344606399536
53,0.8729344606399536
54,0.8740741014480591
55,0.8740741014480591
56,0.8740741014480591
57,0.8740741014480591
58,0.8740741014480591
59,0.8740741014480591
60,0.8740741014480591
61,0.8740741014480591
62,0.8740741014480591
63,0.8740741014480591
64,0.8740741014480591
65,0.8740741014480591
66,0.8740741014480591
67,0.8740741014480591
68,0.8740741014480591
69,0.8740741014480591
70,0.8740741014480591
71,0.8740741014480591
72,0.8740741014480591
73,0.8740741014480591
74,0.8740741014480591
75,0.8740741014480591
76,0.8740741014480591
77,0.8740741014480591
78,0.8740741014480591
79,0.8740741014480591
80,0.8740741014480591
81,0.8740741014480591
82,0.8740741014480591
83,0.8740741014480591
84,0.8740741014480591
85,0.8740741014480591
86,0.8740741014480591
87,0.8740741014480591
88,0.8740741014480591
89,0.8740741014480591
90,0.8740741014480591
91,0.8740741014480591
92,0.8740741014480591
93,0.8740741014480591
94,0.8740741014480591
95,0.8740741014480591
96,0.8740741014480591
97,0.8740741014480591
98,0.8740741014480591
99,0.8740741014480591
100,0.8740741014480591
101,0.8740741014480591
102,0.8740741014480591
103,0.8740741014480591
104,0.8740741014480591
105,0.8740741014480591
