Generation, Fitness
0,0.8703703880310059
1,0.8703703880310059
2,0.8703703880310059
3,0.8703703880310059
4,0.8703703880310059
5,0.8703703880310059
6,0.8703703880310059
7,0.8703703880310059
8,0.8703703880310059
9,0.8703703880310059
10,0.8703703880310059
11,0.8703703880310059
12,0.8703703880310059
13,0.8703703880310059
14,0.8703703880310059
15,0.8703703880310059
16,0.8703703880310059
17,0.8703703880310059
18,0.8703703880310059
19,0.8703703880310059
20,0.8703703880310059
21,0.8703703880310059
22,0.8703703880310059
23,0.8703703880310059
24,0.8703703880310059
25,0.8703703880310059
26,0.8703703880310059
27,0.8703703880310059
28,0.8703703880310059
29,0.8703703880310059
30,0.8703703880310059
31,0.8703703880310059
32,0.8703703880310059
33,0.8703703880310059
34,0.8703703880310059
35,0.8703703880310059
36,0.8703703880310059
37,0.8703703880310059
38,0.8715099692344666
39,0.8715099692344666
40,0.8715099692344666
41,0.8715099692344666
42,0.8715099692344666
43,0.8715099692344666
44,0.8715099692344666
45,0.8729344606399536
46,0.8729344606399536
47,0.8729344606399536
48,0.8729344606399536
49,0.8729344606399536
50,0.8743589520454407
51,0.8743589520454407
52,0.8743589520454407
53,0.8743589520454407
54,0.8743589520454407
55,0.8743589520454407
56,0.8743589520454407
57,0.8743589520454407
58,0.8743589520454407
59,0.8743589520454407
60,0.8743589520454407
61,0.8743589520454407
62,0.8743589520454407
63,0.8743589520454407
64,0.8743589520454407
65,0.8743589520454407
66,0.8743589520454407
67,0.8743589520454407
68,0.8743589520454407
69,0.8743589520454407
70,0.8743589520454407
71,0.8743589520454407
72,0.8743589520454407
73,0.8743589520454407
74,0.8743589520454407
75,0.8743589520454407
76,0.8743589520454407
77,0.8743589520454407
78,0.8743589520454407
79,0.8743589520454407
80,0.8743589520454407
81,0.8743589520454407
82,0.8743589520454407
83,0.8743589520454407
84,0.8743589520454407
85,0.8743589520454407
86,0.8743589520454407
87,0.8743589520454407
88,0.8743589520454407
89,0.8743589520454407
90,0.8743589520454407
91,0.8743589520454407
92,0.8743589520454407
93,0.8743589520454407
94,0.8743589520454407
95,0.8743589520454407
96,0.8743589520454407
97,0.8743589520454407
98,0.8743589520454407
99,0.8743589520454407
100,0.8743589520454407
101,0.8743589520454407
