AUROC,AUPRC
0.43167259259259266,0.04545470370370371,
=average(A2:A2),=average(B2:B2),=average(C2:C2)
