Train AUROC, Train AUPRC, Test AUROC, Test AUPRC, Execution Time
0.9999685,0.9999324999999999,0.8607754999999999,0.7615068333333334
0.9999756666666668,0.9999480000000002,0.8503115,0.7498453333333334
0.9999406666666667,0.9998758333333333,0.8446314999999999,0.7398488333333333
0.9999161666666666,0.9998554999999999,0.8508844999999999,0.7560291666666666
0.9999926666666666,0.999982,0.39379549999999997,0.31819566666666665
0.9999505000000001,0.999892,0.8530336666666667,0.7556128333333333
0.9999984999999999,0.9999981666666667,0.5437723333333333,0.40304383333333327
0.9999751666666666,0.9999435000000001,0.8439696666666666,0.7465561666666666
1.0,1.0,0.47606683333333333,0.33557016666666667
0.9999928333333333,0.9999826666666666,0.6070758333333334,0.5121129999999999
0.9999746666666667,0.9999385,0.6054865,0.48074750000000005
0.9999591666666667,0.9998968333333332,0.8649996666666667,0.7597805000000001
0.9999963333333334,0.9999913333333333,0.32961833333333335,0.317642
0.9999266666666667,0.9998260000000001,0.5890771666666667,0.4180251666666667
0.9999891666666666,0.9999743333333333,0.47720049999999997,0.39645816666666667
0.9999278333333333,0.9998268333333332,0.40790333333333334,0.3252701666666667
0.9999783333333333,0.9999474999999999,0.3873865,0.305651
1.0,1.0,0.5619804999999999,0.4098718333333333
0.999994,0.9999925,0.3540568333333334,0.3379663333333333
1.0,1.0,0.4337128333333333,0.3122486666666667
1.0,1.0,0.6240066666666666,0.5263848333333333
0.9999933333333334,0.999987,0.4091593333333334,0.3334873333333333
0.9999656666666666,0.9999158333333332,0.48369666666666666,0.33628449999999993
0.9999963333333334,0.9999906666666667,0.4385601666666667,0.347887
0.9999746666666667,0.9999388333333332,0.47056933333333334,0.3952603333333333
1.0,1.0,0.5129061666666667,0.35701583333333337
0.9999945,0.9999871666666666,0.503602,0.3380325
0.9999963333333334,0.9999913333333333,0.5248745,0.4133575
0.9999768333333333,0.9999468333333331,0.8557021666666667,0.7468868333333333
0.9999928333333333,0.9999826666666666,0.3908133333333334,0.29606383333333336
0.9999783333333333,0.9999474999999999,0.5842996666666666,0.46912983333333336
0.9999963333333334,0.9999913333333333,0.4368063333333334,0.32698866666666665
0.9999926666666666,0.9999826666666666,0.483238,0.4436123333333333
