Train AUROC, Train AUPRC, Test AUROC, Test AUPRC, Execution Time
1.0,1.0,0.8479333333333333,0.7243304999999999
0.9999746666666667,0.9999399999999999,0.6277218333333334,0.48770433333333335
1.0,1.0,0.6432923333333335,0.5001398333333333
0.9999963333333334,0.9999913333333333,0.5019545000000001,0.36841999999999997
0.9999908333333334,0.9999779999999999,0.6469981666666668,0.5504575
0.9999793333333334,0.9999568333333334,0.8403608333333333,0.7395985
0.9999335,0.9998505,0.8627761666666666,0.7631566666666666
0.9999963333333334,0.9999913333333333,0.5089853333333333,0.370504
0.9999491666666667,0.999877,0.4259201666666667,0.3107626666666667
0.9999783333333333,0.9999488333333333,0.563952,0.41141849999999996
0.9999683333333333,0.9999285000000001,0.8728526666666666,0.7735795
0.9999423333333333,0.9998623333333333,0.8490936666666666,0.7335821666666668
0.9999891666666666,0.9999739999999999,0.38948333333333335,0.29426483333333336
0.9999908333333334,0.9999776666666667,0.4626108333333334,0.34051499999999996
0.9999566666666667,0.9998958333333333,0.5411328333333333,0.4478395
0.9999891666666666,0.9999739999999999,0.4306706666666667,0.30621716666666665
0.9999933333333333,0.9999876666666667,0.45900566666666665,0.36412949999999994
0.9999855000000001,0.9999656666666666,0.36959533333333333,0.2963398333333333
0.999997,0.9999963333333334,0.33764466666666665,0.2897671666666667
0.9999931666666667,0.9999853333333334,0.8625038333333332,0.7559126666666668
0.9999790000000001,0.9999533333333334,0.5108758333333333,0.37354116666666665
0.9999963333333334,0.9999913333333333,0.6174673333333333,0.46185583333333335
0.9999963333333334,0.9999913333333333,0.36786666666666673,0.28892833333333334
1.0,1.0,0.5330728333333333,0.44386449999999994
0.999982,0.9999571666666668,0.48799283333333326,0.3518236666666666
0.9999764999999999,0.9999463333333333,0.487382,0.36627866666666664
0.9999855000000001,0.9999653333333333,0.38915666666666676,0.3092591666666667
0.9999928333333333,0.9999826666666666,0.4367475,0.32815600000000006
