AUROC,AUPRC,Executio Time
0.7815171428571428,0.7494151428571428,
0.799165,0.7537347142857141,
0.7877075714285714,0.7300651428571427,
0.7852484285714284,0.7515299999999999,
0.7984704285714285,0.7565585714285713,
=average(A2:A6),=average(B2:B6),=average(C2:C6),=average(D2:D6)
