Train AUROC, Train AUPRC, Test AUROC, Test AUPRC, Execution Time
0.99831,0.9947997142857143,0.6987771428571429,0.669924
0.9972897142857143,0.9954882857142857,0.7276968571428571,0.7330842857142857
0.9975872857142857,0.9940502857142858,0.7463137142857142,0.7314582857142857
0.9975072857142857,0.994483,0.7022544285714284,0.710672
0.9965444285714286,0.993174,0.7065824285714287,0.7098568571428572
0.9979705714285715,0.994307,0.7307974285714286,0.7604048571428571
0.9974782857142859,0.994101,0.701954,0.7526312857142857
0.9977842857142857,0.9979321428571428,0.48284914285714287,0.49127757142857137
0.9973535714285714,0.9974677142857143,0.6134657142857144,0.5958261428571429
0.997543,0.9978962857142858,0.5813317142857143,0.5403361428571429
0.9988378571428571,0.9988247142857142,0.661378,0.5975774285714285
0.9981425714285714,0.9983224285714286,0.6975514285714286,0.6295255714285714
0.996217857142857,0.9917194285714286,0.7233814285714285,0.736053
0.9986765714285715,0.998791857142857,0.6115265714285715,0.5991348571428572
0.9978931428571428,0.9981528571428572,0.5525051428571428,0.5639668571428571
0.9982697142857143,0.9981671428571428,0.48548771428571424,0.506173
0.997389,0.9958752857142857,0.7201527142857144,0.7633912857142857
0.9972132857142857,0.9970525714285715,0.5211192857142857,0.5431177142857143
0.9989391428571429,0.9990648571428571,0.6077659999999999,0.6004471428571428
0.9996588571428572,0.9997034285714286,0.6392941428571428,0.6813245714285715
0.9969382857142858,0.9941028571428571,0.7096511428571429,0.7782499999999999
0.998928,0.9990777142857142,0.5887984285714286,0.5768457142857143
0.9980388571428572,0.9983252857142858,0.5955184285714286,0.6557255714285715
0.9978932857142857,0.998143857142857,0.5702090000000001,0.5618485714285714
0.9976561428571429,0.9976064285714286,0.6565065714285714,0.6659284285714284
0.9990158571428571,0.9993755714285714,0.6114734285714286,0.6080731428571429
0.9981711428571429,0.9981601428571428,0.6891831428571429,0.6493567142857143
