Train AUROC, Train AUPRC, Test AUROC, Test AUPRC, Execution Time
0.9979945714285714,0.9951688571428571,0.6893158571428571,0.6974581428571428
0.9975017142857142,0.9934251428571429,0.7237338571428572,0.7285022857142857
0.9977408571428572,0.9959904285714286,0.7411685714285714,0.7862947142857142
0.9969702857142856,0.9953842857142856,0.7285441428571428,0.764602857142857
0.9977287142857144,0.9925232857142857,0.7247434285714286,0.7688805714285715
0.9979094285714287,0.9981255714285713,0.5849151428571427,0.6032104285714286
0.9972364285714287,0.997777,0.5171697142857143,0.5418998571428572
0.9976007142857143,0.9976772857142856,0.6680708571428572,0.6857291428571429
0.9981437142857145,0.9985405714285714,0.618821,0.625406
0.9979574285714286,0.9979308571428572,0.49749114285714285,0.5092319999999999
0.9986417142857142,0.9986902857142859,0.5662884285714285,0.5634758571428572
0.9979407142857142,0.998065857142857,0.6032652857142857,0.6260755714285714
0.9974445714285716,0.997598,0.6639204285714285,0.6044044285714286
0.9982721428571429,0.9985087142857143,0.7066231428571428,0.646794
0.9980962857142857,0.9962585714285714,0.7193912857142858,0.7270088571428571
0.9986504285714286,0.9988145714285714,0.49908357142857135,0.5394255714285714
0.9984031428571428,0.9982297142857143,0.5975058571428572,0.6164382857142857
0.9969164285714286,0.9926667142857143,0.702158,0.725159857142857
0.9972228571428572,0.9924582857142857,0.7254921428571429,0.7931842857142856
0.9983817142857143,0.9985595714285714,0.6091862857142857,0.5733179999999999
0.9982831428571428,0.9985994285714286,0.5102752857142857,0.541418
0.9979982857142858,0.9981537142857144,0.710114,0.6420694285714285
0.9970720000000001,0.9915268571428572,0.7153408571428572,0.7872091428571428
0.9986747142857143,0.9990472857142857,0.6643341428571429,0.7221154285714285
0.9985454285714287,0.9987974285714286,0.6313158571428571,0.6533388571428571
0.9985028571428571,0.998952142857143,0.5824345714285715,0.623116857142857
0.9987468571428572,0.9989111428571429,0.520798,0.5239461428571428
0.998617142857143,0.9986635714285714,0.6944055714285714,0.6757967142857143
0.9990205714285713,0.9992,0.630796,0.6863534285714286
0.9983799999999999,0.9983655714285716,0.5837191428571428,0.5605447142857143
0.9982158571428571,0.9983968571428571,0.6429777142857143,0.5822738571428571
0.9981535714285714,0.9984095714285716,0.6115918571428571,0.6148751428571428
