Accuracy,F1,WMSEnominal
0.6766917293233083,0.6421121428571429,1.1291199654909339,
=average(A2:A2),=average(B2:B2),=average(C2:C2)
