Train AUROC, Train AUPRC, Test AUROC, Test AUPRC, Execution Time
1.0,1.0,0.5316013157894737,0.10367457894736844
1.0,1.0,0.591672842105263,0.1534987894736842
1.0,1.0,0.6253175263157894,0.206699
1.0,1.0,0.6023451052631578,0.16229563157894739
1.0,1.0,0.5977050526315789,0.12931715789473686
0.9999907894736842,0.9998721578947368,0.8575933684210527,0.5314044210526315
1.0,1.0,0.608645894736842,0.12563231578947368
1.0,1.0,0.6125859473684209,0.10433178947368422
1.0,1.0,0.5810993684210527,0.1407176315789474
1.0,1.0,0.6340006842105262,0.2110394210526316
0.9999982105263158,0.9999876315789473,0.5883109999999999,0.17108489473684205
1.0,1.0,0.6198009999999998,0.13378742105263156
1.0,1.0,0.6435429473684211,0.14394284210526317
0.9999885789473685,0.9999048947368422,0.6627375263157894,0.10002352631578948
1.0,1.0,0.6198340526315789,0.09012678947368422
1.0,1.0,0.6166538421052632,0.203733
1.0,1.0,0.5571808947368421,0.12254742105263157
1.0,1.0,0.5755191578947368,0.12346705263157894
1.0,1.0,0.5946224736842104,0.1632173157894737
1.0,1.0,0.6129784736842104,0.1279517894736842
1.0,1.0,0.6102405789473683,0.11275963157894738
1.0,1.0,0.6134094210526316,0.15500905263157896
1.0,1.0,0.6252021578947369,0.12009284210526318
1.0,1.0,0.5765036315789472,0.13036936842105262
1.0,1.0,0.5973006315789473,0.12300894736842108
