Train AUROC, Train AUPRC, Test AUROC, Test AUPRC, Execution Time
1.0,1.0,0.6341003684210527,0.17917415789473684
1.0,1.0,0.6353294736842106,0.11412915789473682
1.0,1.0,0.6273947368421052,0.10687326315789474
1.0,1.0,0.5980255789473684,0.17852952631578944
1.0,1.0,0.574349,0.11027789473684212
1.0,1.0,0.5958566842105263,0.11038742105263157
1.0,1.0,0.5715465789473684,0.09915921052631578
0.9999925789473685,0.9999628947368421,0.8436906842105263,0.49573031578947374
0.9999982105263158,0.9999876315789473,0.5943552105263157,0.1610212105263158
0.9999982105263158,0.9999876315789473,0.6418138421052632,0.1389162631578947
1.0,1.0,0.605799947368421,0.13697768421052633
1.0,1.0,0.584726052631579,0.10275063157894737
1.0,1.0,0.6293733157894736,0.13365515789473684
1.0,1.0,0.7031310526315789,0.15878878947368424
1.0,1.0,0.6246824736842105,0.15167578947368418
1.0,1.0,0.6350019473684211,0.14334599999999997
0.9999982105263158,0.9999876315789473,0.663546,0.12930242105263157
0.9999902105263159,0.9999221578947368,0.834987,0.5470198947368421
0.9999982105263158,0.9999876315789473,0.5287951052631579,0.11866136842105264
1.0,1.0,0.5238619473684212,0.13156694736842106
1.0,1.0,0.5934951578947368,0.0993277894736842
