Train AUROC, Validation AUROC, Test AUROC, Train AUPRC, Validation AUPRC, Test AUPRC, Train Execution Time, Validation Execution Time, Test Execution Time
0.9576394315508008,0.568832090106952,0.568832090106952,0.44923068181818177,0.04263934251336898,0.04263934251336898,17664.2,17664.2,17664.2
