AUROC,AUPRC,Execution Time
0.568832090106952,0.04263934251336898,17664.2
