Train MAE,Validation MAE,Test MAE,Train MSE,Validation MSE,Test MSE,Train RMSE,Validation RMSE,Test RMSE,Execution Time
0.396875,0.708625,0.7196,0.8815375,3.4544,5.1242125000000005,0.8336,1.58325,1.8355124999999999,
0.3729125,0.7331624999999999,0.703,0.7659625,8.802375,3.3228500000000003,0.7815375,2.3486125,1.5790624999999998,
0.3729125,0.7331624999999999,0.703,0.7659625,8.802375,3.3228500000000003,0.7815375,2.3486125,1.5790624999999998,
0.3729125,0.7331624999999999,0.703,0.7659625,8.802375,3.3228500000000003,0.7815375,2.3486125,1.5790624999999998,
0.3729125,0.7331624999999999,0.703,0.7659625,8.802375,3.3228500000000003,0.7815375,2.3486125,1.5790624999999998,
=average(A2:A6),=average(B2:B6),=average(C2:C6),=average(D2:D6),=average(E2:E6),=average(F2:F6),=average(G2:G6)
