MAE,MSE,RMSE,Execution Time
0.5920625,3.620425,1.486175,
0.5920625,3.620425,1.486175,
0.5920625,3.620425,1.486175,
0.5920625,3.620425,1.486175,
0.5920625,3.620425,1.486175,
=average(A2:A6),=average(B2:B6),=average(C2:C6),=average(D2:D6)
