MAE,MSE,RMSE,Execution Time
0.4532875,1.0510624999999998,0.88845,
0.4532875,1.0510624999999998,0.88845,
0.4532875,1.0510624999999998,0.88845,
0.4532875,1.0510624999999998,0.88845,
0.4532875,1.0510624999999998,0.88845,
=average(A2:A6),=average(B2:B6),=average(C2:C6),=average(D2:D6)
