MAE,MSE,RMSE,Execution Time
476.85490624999994,1468141.5152562503,907.5706875000001,
=average(A2:A2),=average(B2:B2),=average(C2:C2),=average(D2:D2)
