MAE,MSE,RMSE,Execution Time
0.78095625,6.134050000000001,2.05639625,459.5
