AUROC,AUPRC
0.12945736842105263,0.05263152631578947,
=average(A2:A2),=average(B2:B2),=average(C2:C2)
