MAE,MSE,RMSE
24.247625000000003,1113.2596624999999,29.606700000000004,
=average(A2:A2),=average(B2:B2),=average(C2:C2)
