MAE,MSE,RMSE,Execution Time
2945.4223541666665,1.715591642541517E8,6417.564130000001,185.7
