Train MAE,Validation MAE,Test MAE,Train MSE,Validation MSE,Test MSE,Train RMSE,Validation RMSE,Test RMSE,Execution Time
0.382525,0.4506125,0.7274875000000001,0.8904499999999999,1.2174125,4.6779375000000005,0.8261125,0.9069624999999999,1.9035,
0.382525,0.4506125,0.7274875000000001,0.8904499999999999,1.2174125,4.6779375000000005,0.8261125,0.9069624999999999,1.9035,
0.382525,0.4506125,0.7274875000000001,0.8904499999999999,1.2174125,4.6779375000000005,0.8261125,0.9069624999999999,1.9035,
0.382525,0.4506125,0.7274875000000001,0.8904499999999999,1.2174125,4.6779375000000005,0.8261125,0.9069624999999999,1.9035,
0.382525,0.4506125,0.7274875000000001,0.8904499999999999,1.2174125,4.6779375000000005,0.8261125,0.9069624999999999,1.9035,
=average(A2:A6),=average(B2:B6),=average(C2:C6),=average(D2:D6),=average(E2:E6),=average(F2:F6),=average(G2:G6)
