Train MAE,Validation MAE,Test MAE,Train MSE,Validation MSE,Test MSE,Train RMSE,Validation RMSE,Test RMSE,Execution Time
0.40991250000000007,0.6932625000000001,0.7111500000000001,0.9845625,2.8935250000000003,3.2099625,0.85055,1.4693250000000002,1.55185,
0.40237500000000004,0.714025,0.6962124999999999,1.0693624999999998,4.681275,2.7855000000000003,0.8976000000000001,1.839,1.4473375,
0.40237500000000004,0.714025,0.6962124999999999,1.0693624999999998,4.681275,2.7855000000000003,0.8976000000000001,1.839,1.4473375,
0.40237500000000004,0.714025,0.6962124999999999,1.0693624999999998,4.681275,2.7855000000000003,0.8976000000000001,1.839,1.4473375,
0.40237500000000004,0.714025,0.6962124999999999,1.0693624999999998,4.681275,2.7855000000000003,0.8976000000000001,1.839,1.4473375,
=average(A2:A6),=average(B2:B6),=average(C2:C6),=average(D2:D6),=average(E2:E6),=average(F2:F6),=average(G2:G6)
