AUROC,AUPRC
0.6155689999999999,0.32183900000000004,
=average(A2:A2),=average(B2:B2),=average(C2:C2)
