Train AUROC,Validation AUROC,Test AUROC,Train AUPRC,Validation AUPRC,Test AUPRC, Execution Time
0.8187148333333334,0.7963988333333333,0.7843019999999999,0.6452356666666667,0.6607898333333333,0.6155689999999999,
0.8187148333333334,0.7963988333333333,0.7843019999999999,0.6452356666666667,0.6607898333333333,0.6155689999999999,
0.8187148333333334,0.7963988333333333,0.7843019999999999,0.6452356666666667,0.6607898333333333,0.6155689999999999,
0.8187148333333334,0.7963988333333333,0.7843019999999999,0.6452356666666667,0.6607898333333333,0.6155689999999999,
0.8187148333333334,0.7963988333333333,0.7843019999999999,0.6452356666666667,0.6607898333333333,0.6155689999999999,
=average(A2:A6),=average(B2:B6),=average(C2:C6),=average(D2:D6),=average(E2:E6),=average(F2:F6),=average(G2:G6)
