Train AUROC, Train AUPRC, Test AUROC, Test AUPRC, Execution Time
0.9999753333333333,0.9999438333333334,0.8501721666666667,0.7552340000000001
0.9999868333333334,0.9999745000000001,0.8497018333333334,0.7356371666666668
0.9999548333333333,0.9999001666666668,0.8581031666666666,0.7742165
0.9999861666666668,0.9999690000000001,0.8596351666666666,0.7558401666666666
0.9999803333333334,0.9999523333333334,0.8781016666666668,0.775338
0.9999926666666666,0.9999826666666666,0.35824133333333336,0.2964395
0.9999928333333333,0.9999825000000001,0.508961,0.42992483333333326
0.9999748333333334,0.9999386666666666,0.39898799999999995,0.32124800000000003
0.9999715,0.9999425000000001,0.8641981666666667,0.7745436666666667
0.9999928333333333,0.9999826666666666,0.5006596666666667,0.4285805000000001
1.0,1.0,0.4673138333333334,0.32823566666666665
1.0,1.0,0.531697,0.44138933333333336
0.9999928333333333,0.9999826666666666,0.49211,0.3746106666666667
0.9999855000000001,0.9999651666666667,0.5449860000000001,0.405024
0.9999963333333334,0.9999913333333333,0.6326681666666666,0.4321536666666666
1.0,1.0,0.395943,0.31761349999999994
0.9999676666666667,0.9999218333333332,0.42036333333333326,0.3186976666666666
0.9999891666666666,0.9999736666666666,0.39217233333333334,0.36156666666666665
0.9999508333333335,0.999886,0.8480854999999999,0.727059
0.9999443333333332,0.9998618333333334,0.3737796666666666,0.284495
1.0,1.0,0.4274321666666667,0.31465133333333334
0.9999621666666667,0.9999064999999999,0.3735371666666667,0.28879133333333334
0.9999926666666669,0.999981,0.6645086666666666,0.5637511666666667
0.9999748333333334,0.9999379999999999,0.5008825,0.3967585
0.999964,0.9999101666666667,0.500023,0.376617
0.9999855000000001,0.999965,0.5240393333333334,0.3859076666666667
0.9999748333333334,0.9999381666666668,0.6628819999999999,0.47474550000000004
0.9999928333333333,0.9999825000000001,0.47536799999999996,0.3805773333333333
1.0,1.0,0.6171461666666667,0.5111881666666666
0.9999375,0.9998366666666666,0.6420701666666666,0.5709211666666666
0.9999426666666666,0.9998619999999999,0.3910318333333333,0.307973
0.9999903333333333,0.999983,0.45253733333333335,0.35253700000000004
0.9999891666666668,0.9999739999999999,0.38347299999999995,0.35106666666666664
