Train AUROC, Train AUPRC, Test AUROC, Test AUPRC, Execution Time
0.9999731666666666,0.9999345000000001,0.8432780000000001,0.7491281666666666
0.9999538333333332,0.9998906666666666,0.8552025,0.752684
0.9999668333333332,0.9999136666666667,0.8634050000000001,0.7695201666666667
0.9999196666666665,0.9998253333333332,0.8625751666666667,0.7775340000000001
0.9999748333333334,0.9999383333333333,0.49921500000000013,0.36707899999999993
0.9999928333333333,0.9999825000000001,0.37516299999999997,0.2987356666666667
0.9999561666666666,0.9998851666666666,0.868446,0.7593148333333333
0.9999134999999999,0.9997828333333333,0.8525823333333333,0.7620273333333333
1.0,1.0,0.40018533333333334,0.29956699999999997
1.0,1.0,0.65162,0.4791741666666666
0.9999604999999999,0.9999048333333334,0.39397466666666664,0.3585811666666667
0.9999748333333334,0.9999406666666667,0.38776933333333335,0.3007998333333333
0.9999496666666667,0.9998788333333333,0.5393601666666666,0.43388899999999997
0.999982,0.9999563333333333,0.5114081666666667,0.38836333333333334
1.0,1.0,0.4029673333333333,0.30788716666666666
0.9999490000000001,0.9998705,0.6231305,0.4738386666666667
0.9999783333333333,0.9999473333333334,0.46625300000000003,0.3617201666666667
0.9999891666666666,0.9999739999999999,0.42145900000000003,0.3237796666666667
0.9999891666666666,0.9999738333333333,0.4886021666666666,0.3393023333333333
0.999982,0.9999563333333333,0.4035748333333334,0.30175399999999997
0.9999676666666666,0.9999231666666667,0.5324079999999999,0.4440751666666667
0.9999891666666668,0.9999738333333333,0.48823599999999995,0.3805861666666667
0.9999891666666666,0.9999738333333333,0.4210535,0.3311963333333333
0.9999898333333334,0.9999788333333335,0.6219013333333333,0.44395316666666673
0.9999963333333334,0.9999913333333333,0.4527853333333334,0.34994516666666664
0.9999926666666666,0.9999826666666666,0.47460216666666666,0.37083183333333336
0.9999731666666666,0.9999346666666667,0.39039783333333333,0.2890376666666667
0.9999838333333333,0.9999606666666666,0.4889875000000001,0.42143516666666664
0.9999856666666668,0.9999653333333333,0.7488633333333334,0.6473435000000001
0.9999703333333333,0.9999205,0.8492064999999999,0.7434080000000001
0.9999963333333334,0.9999913333333333,0.5094128333333333,0.38096099999999994
0.9999853333333334,0.9999653333333333,0.5023191666666668,0.39199849999999997
