AUROC,AUPRC,Executio Time
0.8790798333333334,0.7845144999999999,
0.8790798333333334,0.7845144999999999,
0.8790798333333334,0.7845144999999999,
0.8790798333333334,0.7845144999999999,
0.8790798333333334,0.7845144999999999,
=average(A2:A6),=average(B2:B6),=average(C2:C6),=average(D2:D6)
