Generation, Fitness
0,0.6445907354354858
1,0.6445907354354858
2,0.6445907354354858
3,0.6445907354354858
4,0.6445907354354858
5,0.6445907354354858
6,0.6445907354354858
7,0.6445907354354858
8,0.6445907354354858
9,0.6445907354354858
10,0.6445907354354858
11,0.6486208438873291
12,0.6486208438873291
13,0.6486208438873291
14,0.6486208438873291
15,0.6486208438873291
16,0.6486208438873291
17,0.6486208438873291
18,0.6486208438873291
19,0.6486208438873291
20,0.6486208438873291
21,0.6486208438873291
22,0.6486208438873291
23,0.6486208438873291
24,0.6486208438873291
25,0.6486208438873291
26,0.6486208438873291
27,0.6486208438873291
28,0.6486208438873291
29,0.6486208438873291
30,0.6486208438873291
31,0.6486208438873291
32,0.6486208438873291
33,0.6486208438873291
34,0.6486208438873291
35,0.6486208438873291
36,0.6486208438873291
37,0.6486208438873291
38,0.6486208438873291
39,0.6486208438873291
40,0.6486208438873291
41,0.6486208438873291
42,0.6486208438873291
