Generation, Fitness
0,0.6418328285217285
1,0.6418328285217285
2,0.6418328285217285
3,0.6418328285217285
4,0.6418328285217285
5,0.6418328285217285
6,0.6418328285217285
7,0.6418328285217285
8,0.6418328285217285
9,0.6418328285217285
10,0.6418328285217285
11,0.6513251662254333
12,0.6513251662254333
13,0.6513251662254333
14,0.6513251662254333
15,0.6513251662254333
16,0.6513251662254333
17,0.6513251662254333
18,0.6513251662254333
19,0.6513251662254333
20,0.6513251662254333
21,0.6513251662254333
22,0.6513251662254333
23,0.6513251662254333
24,0.6513251662254333
25,0.6513251662254333
26,0.6513251662254333
27,0.6513251662254333
28,0.6513251662254333
29,0.6513251662254333
30,0.6513251662254333
31,0.6523330807685852
32,0.6523330807685852
33,0.6523330807685852
34,0.6523330807685852
35,0.6523330807685852
36,0.6523330807685852
37,0.6523330807685852
38,0.6523330807685852
39,0.6523330807685852
40,0.6523330807685852
41,0.6523330807685852
42,0.6523330807685852
43,0.6523330807685852
44,0.6523330807685852
45,0.6523330807685852
46,0.6523330807685852
47,0.6523330807685852
48,0.6523330807685852
49,0.6523330807685852
50,0.6523330807685852
51,0.6523330807685852
52,0.6523330807685852
53,0.6523330807685852
54,0.6523330807685852
55,0.6523330807685852
56,0.6523330807685852
57,0.6523330807685852
58,0.6523330807685852
59,0.6523330807685852
60,0.6523330807685852
61,0.6523330807685852
62,0.6523330807685852
