Generation, Fitness
0,0.6392669081687927
1,0.6392669081687927
2,0.6392669081687927
3,0.6456117033958435
4,0.6456117033958435
5,0.6456117033958435
6,0.6456117033958435
7,0.6456117033958435
8,0.6456117033958435
9,0.6456117033958435
10,0.6456117033958435
11,0.6456117033958435
12,0.6456117033958435
13,0.6456117033958435
14,0.6467344760894775
15,0.6467344760894775
16,0.6467344760894775
17,0.6467344760894775
18,0.6467344760894775
19,0.6467344760894775
20,0.6467344760894775
21,0.6467344760894775
22,0.6467344760894775
23,0.6467344760894775
24,0.6467344760894775
25,0.6467344760894775
26,0.6467344760894775
27,0.6467344760894775
28,0.6467344760894775
29,0.6467344760894775
30,0.6467344760894775
31,0.6467344760894775
32,0.6467344760894775
33,0.6467344760894775
34,0.6467344760894775
35,0.6467344760894775
36,0.6467344760894775
37,0.6467344760894775
38,0.6467344760894775
39,0.6467344760894775
40,0.6467344760894775
41,0.6467344760894775
42,0.6467344760894775
43,0.6467344760894775
44,0.6467344760894775
45,0.6467344760894775
