Train AUROC,Validation AUROC,Test AUROC,Train AUPRC,Validation AUPRC,Test AUPRC, Execution Time
0.7618753571428571,0.6467345000000001,0.6467345000000001,0.6389446428571429,0.42967449999999996,0.42967449999999996,
0.7092659285714286,0.6523330714285713,0.6523330714285713,0.5111788571428572,0.4144826428571429,0.4144826428571429,
0.7961435,0.6571974999999999,0.6571974999999999,0.6378508571428573,0.42731892857142845,0.42731892857142845,
0.7574642857142858,0.6530225,0.6530225,0.6199119285714286,0.4331179285714285,0.4331179285714285,
0.7197757142857143,0.6486208571428571,0.6486208571428571,0.5029797857142857,0.4304752142857144,0.4304752142857144,
=average(A2:A6),=average(B2:B6),=average(C2:C6),=average(D2:D6),=average(E2:E6),=average(F2:F6),=average(G2:G6)
