AUROC,AUPRC,Executio Time
0.6467345000000001,0.42967449999999996,
0.6523330714285713,0.4144826428571429,
0.6571974999999999,0.42731892857142845,
0.6530225,0.4331179285714285,
0.6486208571428571,0.4304752142857144,
=average(A2:A6),=average(B2:B6),=average(C2:C6),=average(D2:D6)
