Generation, Fitness
0,0.6133131384849548
1,0.6133131384849548
2,0.6133131384849548
3,0.6133131384849548
4,0.6133131384849548
5,0.6133131384849548
6,0.6133131384849548
7,0.6133131384849548
8,0.6133131384849548
9,0.6133131384849548
10,0.6133131384849548
11,0.6133131384849548
