TrainVal AUROC,Validation AUROC,Test AUROC,TrainVal AUPRC,Validation AUPRC,Test AUPRC, Execution Time
0.8827576666666667,0.8030171666666668,0.7204991666666666,0.7701948333333334,0.6657558333333334,0.5587741666666667,
0.8827576666666667,0.8030171666666668,0.7204991666666666,0.7701948333333334,0.6657558333333334,0.5587741666666667,
0.8827576666666667,0.8030171666666668,0.7204991666666666,0.7701948333333334,0.6657558333333334,0.5587741666666667,
0.8827576666666667,0.8030171666666668,0.7204991666666666,0.7701948333333334,0.6657558333333334,0.5587741666666667,
0.8827576666666667,0.8030171666666668,0.7204991666666666,0.7701948333333334,0.6657558333333334,0.5587741666666667,
=average(A2:A6),=average(B2:B6),=average(C2:C6),=average(D2:D6),=average(E2:E6),=average(F2:F6),=average(G2:G6)
