AUROC,AUPRC,Executio Time
0.8218548333333334,0.7086801666666666,
0.8218548333333334,0.7086801666666666,
0.8218548333333334,0.7086801666666666,
0.8218548333333334,0.7086801666666666,
0.8218548333333334,0.7086801666666666,
=average(A2:A6),=average(B2:B6),=average(C2:C6),=average(D2:D6)
