Train AUROC,Validation AUROC,Test AUROC,Train AUPRC,Validation AUPRC,Test AUPRC, Execution Time
0.7221855714285713,0.723683142857143,0.713094,0.7883191428571428,0.6591237142857143,0.6665594285714285,
0.7221855714285713,0.723683142857143,0.713094,0.7883191428571428,0.6591237142857143,0.6665594285714285,
0.7221855714285713,0.723683142857143,0.713094,0.7883191428571428,0.6591237142857143,0.6665594285714285,
0.7221855714285713,0.723683142857143,0.713094,0.7883191428571428,0.6591237142857143,0.6665594285714285,
0.7221855714285713,0.723683142857143,0.713094,0.7883191428571428,0.6591237142857143,0.6665594285714285,
=average(A2:A6),=average(B2:B6),=average(C2:C6),=average(D2:D6),=average(E2:E6),=average(F2:F6),=average(G2:G6)
