Accuracy,F1,WMSEnominal
0.7672413793103449,0.5760083333333333,0.8438368502951042,
=average(A2:A2),=average(B2:B2),=average(C2:C2)
