Train MAE, Validation MAE, Test MAE, Train MSE, Validation MSE, Test MSE, Train RMSE, Validation RMSE, Test RMSE, Train Execution Time, Validation Execution Time, Test Execution Time
0.7995962857142858,0.8211514285714285,0.8193675714285714,1.291871857142857,1.3669082857142858,1.3625407142857144,1.1079087142857142,1.1346567142857142,1.131681857142857,4.699999999999999,4.699999999999999,4.699999999999999
