MAE,MSE,RMSE,Execution Time
0.8471898571428571,1.4742405714285716,1.179834142857143,84.58000000000001
