MAE,MSE,RMSE,Execution Time
0.8193675714285714,1.3625407142857144,1.131681857142857,4.699999999999999
