MAE,MSE,RMSE
225.32946875000002,86442.5508875,288.40341249999994,
221.03035625000004,78539.3253125,274.67050624999996,
=average(A2:A3),=average(B2:B3),=average(C2:C3)
