Train MAE,Validation MAE,Test MAE,Train MSE,Validation MSE,Test MSE,Train RMSE,Validation RMSE,Test RMSE
56.92786875,56.92786875,225.32946875000002,8166.9905875,8166.9905875,86442.5508875,88.75477500000001,88.75477500000001,288.40341249999994,
51.365412500000005,51.365412500000005,221.03035625000004,6929.70536875,6929.70536875,78539.3253125,80.58677499999997,80.58677499999997,274.67050624999996,
=average(A2:A3),=average(B2:B3),=average(C2:C3),=average(D2:D3),=average(E2:E3),=average(F2:F3)
