MAE,MSE,RMSE
149.32378125,44484.489293750004,203.89169375000003,
=average(A2:A2),=average(B2:B2),=average(C2:C2)
