Train MAE, Validation MAE, Test MAE, Train MSE, Validation MSE, Test MSE, Train RMSE, Validation RMSE, Test RMSE, Train Execution Time, Validation Execution Time, Test Execution Time
0.38252500000000006,0.45440050000000004,0.45442125000000005,0.8904499999999997,1.7301339999999996,1.7249724999999998,0.8261125,1.0205522500000002,1.0196725,78.50000000000001,78.50000000000001,78.50000000000001
