MAE,MSE,RMSE,Execution Time
0.6985432500000001,4.1084517499999995,1.6770517499999997,1324.6599999999999
