MAE,MSE,RMSE,Execution Time
0.6127,3.6086300000000002,1.5709450000000003,108.52000000000001
