MAE,MSE,RMSE,Execution Time
0.45442125000000005,1.7249724999999998,1.0196725,78.50000000000001
