MAE,MSE,RMSE,Execution Time
0.43976250000000006,2.9521624999999996,1.5280874999999998,
=average(A2:A2),=average(B2:B2),=average(C2:C2),=average(D2:D2)
