MAE,MSE,RMSE,Execution Time
0.41868749999999993,1.1614624999999998,0.9353625000000002,
=average(A2:A2),=average(B2:B2),=average(C2:C2),=average(D2:D2)
