Generation, Fitness
0,0.7189488410949707
1,0.7189488410949707
2,0.7189488410949707
3,0.7189488410949707
4,0.7189488410949707
5,0.7189488410949707
6,0.7189488410949707
7,0.7189488410949707
8,0.7189488410949707
9,0.7189488410949707
10,0.7189488410949707
11,0.7189488410949707
