Generation, Fitness
0,0.7009835839271545
1,0.7009835839271545
2,0.7015055418014526
3,0.7015055418014526
4,0.7015055418014526
5,0.7015055418014526
6,0.7015055418014526
7,0.7015055418014526
8,0.7015055418014526
9,0.7042642831802368
10,0.7189488410949707
11,0.7189488410949707
12,0.7189488410949707
13,0.7189488410949707
14,0.7189488410949707
15,0.7189488410949707
16,0.7189488410949707
17,0.7189488410949707
18,0.7189488410949707
19,0.7189488410949707
20,0.7189488410949707
21,0.7189488410949707
