Generation, Fitness
0,0.7845507860183716
1,0.7845507860183716
2,0.8177576661109924
3,0.8177576661109924
4,0.8177576661109924
5,0.8177576661109924
6,0.8177576661109924
7,0.8177576661109924
8,0.8177576661109924
9,0.8177576661109924
10,0.8177576661109924
11,0.8177576661109924
12,0.8177576661109924
13,0.8402770161628723
14,0.8402770161628723
15,0.8402770161628723
16,0.8402770161628723
17,0.8402770161628723
18,0.8402770161628723
19,0.8402770161628723
20,0.8402770161628723
21,0.8402770161628723
22,0.8402770161628723
23,0.8402770161628723
24,0.8402770161628723
25,0.8402770161628723
26,0.8402770161628723
27,0.8402770161628723
28,0.8402770161628723
29,0.8402770161628723
30,0.8402770161628723
31,0.8402770161628723
32,0.8402770161628723
33,0.8402770161628723
34,0.8402770161628723
35,0.8402770161628723
36,0.8402770161628723
37,0.8402770161628723
38,0.8402770161628723
39,0.8402770161628723
40,0.8402770161628723
41,0.8402770161628723
42,0.8402770161628723
43,0.8402770161628723
44,0.8402770161628723
45,0.8402770161628723
46,0.8402770161628723
47,0.8402770161628723
48,0.8402770161628723
49,0.8402770161628723
50,0.8402770161628723
51,0.8402770161628723
52,0.8402770161628723
53,0.8402770161628723
54,0.8402770161628723
55,0.8402770161628723
56,0.8402770161628723
57,0.8402770161628723
58,0.8402770161628723
59,0.8402770161628723
60,0.8402770161628723
61,0.8402770161628723
62,0.8402770161628723
63,0.8402770161628723
64,0.8402770161628723
