Generation, Fitness
0,0.7658254504203796
1,0.7731985449790955
2,0.7793910503387451
3,0.7793910503387451
4,0.7793910503387451
5,0.7793910503387451
6,0.7793910503387451
7,0.7793910503387451
8,0.7793910503387451
9,0.7793910503387451
10,0.7793910503387451
11,0.7910878658294678
12,0.7910878658294678
13,0.7910878658294678
14,0.7910878658294678
15,0.7910878658294678
16,0.7910878658294678
17,0.7910878658294678
18,0.7910878658294678
19,0.7910878658294678
20,0.7910878658294678
21,0.7910878658294678
22,0.7910878658294678
23,0.7910878658294678
24,0.7910878658294678
25,0.7910878658294678
26,0.7910878658294678
27,0.7910878658294678
28,0.7910878658294678
29,0.7910878658294678
30,0.7910878658294678
31,0.7910878658294678
32,0.7910878658294678
33,0.7910878658294678
34,0.7910878658294678
35,0.7910878658294678
36,0.7910878658294678
37,0.7910878658294678
38,0.7910878658294678
39,0.7910878658294678
40,0.7910878658294678
41,0.7910878658294678
42,0.7910878658294678
43,0.7910878658294678
44,0.7910878658294678
45,0.7910878658294678
46,0.7910878658294678
47,0.7910878658294678
48,0.7910878658294678
49,0.7910878658294678
50,0.7910878658294678
51,0.7910878658294678
52,0.7910878658294678
53,0.7910878658294678
54,0.7910878658294678
55,0.7910878658294678
56,0.7910878658294678
57,0.7910878658294678
58,0.7910878658294678
59,0.7910878658294678
60,0.7910878658294678
61,0.7910878658294678
62,0.7910878658294678
