Generation, Fitness
0,0.7845507860183716
1,0.7845507860183716
2,0.7853396534919739
3,0.7853396534919739
4,0.7853396534919739
5,0.7853396534919739
6,0.7853396534919739
7,0.7853396534919739
8,0.7853396534919739
9,0.7853396534919739
10,0.7853396534919739
11,0.7853396534919739
12,0.7853396534919739
13,0.7853396534919739
14,0.7853396534919739
15,0.7853396534919739
16,0.7853396534919739
17,0.7853396534919739
18,0.7853396534919739
19,0.7853396534919739
20,0.7853396534919739
21,0.7853396534919739
22,0.7853396534919739
23,0.7853396534919739
24,0.7853396534919739
25,0.7853396534919739
26,0.7853396534919739
27,0.7853396534919739
28,0.7853396534919739
29,0.7853396534919739
30,0.7853396534919739
31,0.7853396534919739
32,0.7853396534919739
33,0.7853396534919739
34,0.7853396534919739
35,0.7853396534919739
36,0.7906590700149536
37,0.7906590700149536
38,0.7906590700149536
39,0.7906590700149536
40,0.7906590700149536
41,0.7906590700149536
42,0.7906590700149536
43,0.7906590700149536
44,0.7906590700149536
45,0.7906590700149536
46,0.7906590700149536
47,0.7906590700149536
48,0.7906590700149536
49,0.7906590700149536
50,0.7906590700149536
51,0.7906590700149536
52,0.7906590700149536
53,0.7906590700149536
54,0.7906590700149536
55,0.7906590700149536
56,0.7906590700149536
57,0.7906590700149536
58,0.7906590700149536
59,0.7906590700149536
60,0.7906590700149536
61,0.7906590700149536
62,0.7906590700149536
63,0.7906590700149536
64,0.7906590700149536
65,0.7906590700149536
66,0.7906590700149536
67,0.7906590700149536
68,0.7906590700149536
69,0.7906590700149536
70,0.7906590700149536
71,0.7906590700149536
72,0.7906590700149536
73,0.7906590700149536
74,0.7906590700149536
75,0.7906590700149536
76,0.7906590700149536
77,0.7906590700149536
78,0.7906590700149536
79,0.7906590700149536
80,0.7906590700149536
81,0.7906590700149536
82,0.7906590700149536
83,0.7906590700149536
84,0.7906590700149536
85,0.7906590700149536
86,0.7906590700149536
87,0.7906590700149536
