Train AUROC,Validation AUROC,Test AUROC,Train AUPRC,Validation AUPRC,Test AUPRC, Execution Time
0.907580894736842,0.7468935789473684,0.7419842631578948,0.6288403157894736,0.286904,0.37761510526315795,
0.9257468947368419,0.7037201578947367,0.7390692631578947,0.6453785789473684,0.19133310526315792,0.3673602631578947,
0.9859213684210525,0.6859493684210526,0.7711073157894737,0.8278555789473683,0.27034136842105255,0.36610852631578955,
0.8840641578947368,0.7010787894736841,0.6728118421052631,0.6730696842105263,0.2681341052631579,0.2866043684210526,
0.9873365789473685,0.6752438421052631,0.7372782631578948,0.8488572631578947,0.2513026315789474,0.38437584210526315,
=average(A2:A6),=average(B2:B6),=average(C2:C6),=average(D2:D6),=average(E2:E6),=average(F2:F6),=average(G2:G6)
