MAE,MSE,RMSE,Execution Time
613.5161437500001,2203614.9584,1115.87544375,
636.3159750000001,2276797.8371374994,1113.27934375,
621.69424375,2275193.49356875,1165.9438375,
561.04713125,1784880.4674499999,1019.23459375,
736.12589375,3171650.0106375,1404.11696875,
=average(A2:A6),=average(B2:B6),=average(C2:C6),=average(D2:D6)
