Train AUROC,Validation AUROC,Test AUROC,Train AUPRC,Validation AUPRC,Test AUPRC, Execution Time
0.9975445714285714,0.8033182857142857,0.8058358571428572,0.9939034285714287,0.7640301428571429,0.8013237142857143,
0.9975445714285714,0.8033182857142857,0.8058358571428572,0.9939034285714287,0.7640301428571429,0.8013237142857143,
0.9975445714285714,0.8033182857142857,0.8058358571428572,0.9939034285714287,0.7640301428571429,0.8013237142857143,
0.9975445714285714,0.8033182857142857,0.8058358571428572,0.9939034285714287,0.7640301428571429,0.8013237142857143,
0.9975445714285714,0.8033182857142857,0.8058358571428572,0.9939034285714287,0.7640301428571429,0.8013237142857143,
=average(A2:A6),=average(B2:B6),=average(C2:C6),=average(D2:D6),=average(E2:E6),=average(F2:F6),=average(G2:G6)
