Train AUROC,Validation AUROC,Test AUROC,Train AUPRC,Validation AUPRC,Test AUPRC, Execution Time
0.951870851851852,0.7654053333333333,0.8708987777777778,0.7685891111111112,0.45856866666666674,0.6419454814814813,
0.951870851851852,0.7654053333333333,0.8708987777777778,0.7685891111111112,0.45856866666666674,0.6419454814814813,
0.951870851851852,0.7654053333333333,0.8708987777777778,0.7685891111111112,0.45856866666666674,0.6419454814814813,
0.951870851851852,0.7654053333333333,0.8708987777777778,0.7685891111111112,0.45856866666666674,0.6419454814814813,
0.951870851851852,0.7654053333333333,0.8708987777777778,0.7685891111111112,0.45856866666666674,0.6419454814814813,
=average(A2:A6),=average(B2:B6),=average(C2:C6),=average(D2:D6),=average(E2:E6),=average(F2:F6),=average(G2:G6)
