MAE,MSE,RMSE,Execution Time
58.61144375000001,8501.35435625,90.24772500000002,
60.81968125,9102.935068750001,93.11686875000001,
59.0659,8715.7910125,91.80510625000001,
59.5494875,8467.666912499999,90.56314375000002,
57.52221874999999,8165.241100000001,88.42021875000002,
=average(A2:A6),=average(B2:B6),=average(C2:C6),=average(D2:D6)
