MAE,MSE,RMSE,Execution Time
0.417295,1.979505,1.1654550000000001,475.8
