MAE,MSE,RMSE,Execution Time
3167.175241666666,1.3379441263631667E8,6606.8273333333345,
=average(A2:A2),=average(B2:B2),=average(C2:C2),=average(D2:D2)
