Train AUROC, Train AUPRC, Test AUROC, Test AUPRC, Execution Time
0.9983827142857143,0.9965785714285713,0.7581071428571429,0.7423424285714286
0.997637,0.996056142857143,0.7561847142857143,0.7397292857142856
0.9991635714285714,0.9979154285714286,0.7317672857142856,0.6973251428571429
0.997947,0.9958417142857143,0.7528418571428572,0.7320084285714287
0.9987847142857141,0.9983427142857143,0.7883100000000001,0.8043251428571428
0.9987472857142857,0.9984212857142857,0.7650818571428571,0.7382852857142858
0.998070142857143,0.9954352857142857,0.7910321428571429,0.801418857142857
0.9987894285714285,0.9971198571428571,0.7769069999999999,0.7448872857142856
0.997961,0.9979361428571429,0.6310134285714285,0.6378901428571429
0.998854,0.9988592857142856,0.6291674285714286,0.6739269999999999
0.9983270000000001,0.996916857142857,0.7440184285714286,0.7191958571428572
0.9978025714285713,0.9978465714285714,0.5287744285714286,0.5696872857142857
0.9986787142857144,0.9978954285714285,0.7441677142857143,0.7126124285714285
0.9984912857142857,0.9984582857142857,0.567972,0.5966538571428571
0.9985534285714285,0.9985985714285714,0.6059078571428572,0.6267814285714286
0.9994447142857144,0.9994452857142857,0.5948187142857142,0.578426
0.9995084285714286,0.9995628571428572,0.6450538571428571,0.6263951428571429
0.9986257142857143,0.9985921428571428,0.6635627142857142,0.5780575714285714
0.9987172857142858,0.9985955714285714,0.7709599999999999,0.7344684285714286
0.9992404285714286,0.9992622857142857,0.6303684285714286,0.6347278571428572
0.9992077142857143,0.9992545714285714,0.6255402857142858,0.6181681428571428
