Train AUROC, Train AUPRC, Test AUROC, Test AUPRC, Execution Time
0.9983000000000001,0.996305857142857,0.77986,0.7954421428571428
0.9985761428571428,0.9972561428571428,0.7666974285714286,0.7251222857142858
0.9979822857142857,0.9946505714285715,0.7816544285714285,0.7375094285714285
0.998274,0.9965155714285715,0.7481452857142857,0.7120079999999999
0.9973150000000002,0.9964334285714286,0.7547484285714285,0.7130394285714287
0.9976528571428572,0.9938648571428571,0.8083074285714286,0.8282678571428572
0.9987332857142857,0.9987118571428572,0.6616645714285714,0.6097107142857142
0.9981540000000001,0.998223,0.6855191428571429,0.6327394285714286
0.998914142857143,0.9984467142857143,0.749485,0.7062652857142858
0.9984301428571428,0.9984082857142857,0.7081878571428571,0.6658797142857144
0.9987264285714285,0.9975297142857144,0.742234,0.7160507142857143
0.998819,0.9987898571428572,0.6421968571428572,0.6928418571428573
0.9986152857142857,0.9970147142857143,0.7383491428571428,0.7267735714285715
0.9983715714285715,0.9984667142857143,0.6351431428571429,0.6177381428571429
0.9988407142857143,0.9987957142857142,0.6284255714285714,0.63138
0.9980224285714285,0.9980484285714286,0.6074518571428572,0.5552864285714285
0.9987329999999999,0.9987147142857143,0.6450277142857143,0.5927990000000001
0.9980354285714287,0.9980341428571429,0.6626348571428571,0.6297394285714286
0.9988914285714285,0.9989084285714285,0.6644394285714287,0.6586104285714286
0.9990110000000001,0.9989825714285715,0.6861618571428572,0.6485084285714285
0.9988294285714286,0.9987425714285714,0.5706112857142857,0.545866
0.9987087142857142,0.998613,0.6210628571428571,0.6219755714285714
0.9983558571428571,0.9968195714285715,0.7572124285714287,0.7315375714285715
0.9982494285714285,0.9965787142857142,0.7432044285714285,0.7108290000000002
0.9978398571428571,0.9977597142857143,0.663874,0.6462690000000001
0.9987469999999999,0.9962642857142857,0.7436865714285714,0.7266339999999999
0.9981344285714285,0.998253,0.6595688571428572,0.598952
0.9995651428571428,0.999524,0.631741,0.6019624285714286
0.998661,0.9986474285714285,0.6171277142857142,0.6293082857142858
0.9988372857142856,0.9989812857142858,0.5510050000000001,0.5891284285714286
0.9974361428571429,0.9975345714285714,0.6474341428571428,0.6421318571428571
0.9990735714285714,0.9990752857142856,0.5954748571428572,0.552912
0.998919142857143,0.9980934285714284,0.7361531428571428,0.690232
