Train AUROC, Train AUPRC, Test AUROC, Test AUPRC, Execution Time
0.998468857142857,0.9963861428571429,0.7716797142857142,0.7455435714285714
0.9990212857142857,0.9973165714285714,0.744004,0.7309850000000001
0.9983347142857143,0.9956644285714287,0.7683355714285715,0.7913778571428571
0.9981784285714286,0.9965672857142857,0.7504819999999999,0.7249644285714286
0.9987771428571428,0.997336,0.763588,0.715872
0.999034142857143,0.9990527142857142,0.6228138571428571,0.6408697142857144
0.9989499999999999,0.9990488571428572,0.5929484285714286,0.5881591428571429
0.9993264285714286,0.9993905714285714,0.5945742857142857,0.6164891428571428
0.9990225714285714,0.9991278571428571,0.6050047142857142,0.5684814285714286
0.9979942857142857,0.9982457142857142,0.6028760000000001,0.5905645714285714
0.9988914285714285,0.998945,0.6746465714285714,0.6346638571428571
0.9990388571428571,0.9991338571428573,0.6253102857142857,0.6455792857142857
0.999186,0.9978732857142856,0.7650311428571428,0.7285312857142857
0.9986128571428571,0.9986022857142858,0.6001002857142856,0.5716341428571429
0.9986018571428572,0.9972495714285713,0.7652297142857144,0.7312989999999999
0.9987969999999999,0.9988080000000001,0.5998431428571429,0.5561402857142858
0.9984787142857143,0.9968651428571428,0.7507928571428572,0.7845785714285715
0.9985285714285715,0.9984792857142857,0.6176614285714285,0.5351632857142856
0.9987731428571428,0.9984041428571429,0.7420347142857144,0.7015802857142858
0.9988168571428571,0.9988228571428571,0.6715262857142859,0.6666185714285714
0.998158,0.9962807142857144,0.7679212857142858,0.7503072857142856
0.9991397142857144,0.9973074285714286,0.7418727142857142,0.7020655714285715
0.9990977142857143,0.9990955714285715,0.5960904285714286,0.5634572857142858
0.9990955714285714,0.999067,0.5985461428571428,0.6184198571428572
0.9982629999999999,0.9981512857142858,0.5882482857142858,0.5640357142857143
0.999162,0.9993151428571428,0.6610459999999999,0.6001438571428571
0.9993984285714286,0.9993942857142857,0.6580485714285714,0.5868695714285714
