Generation, Fitness
0,0.20358853042125702
1,0.2267286330461502
2,0.2267286330461502
3,0.2267286330461502
4,0.2267286330461502
5,0.2267286330461502
6,0.23979094624519348
7,0.23979094624519348
8,0.24296362698078156
9,0.24296362698078156
10,0.2500229477882385
11,0.2500229477882385
12,0.2500229477882385
13,0.2500229477882385
14,0.2500229477882385
15,0.2500229477882385
16,0.2500229477882385
17,0.2500229477882385
18,0.2500229477882385
19,0.2500229477882385
20,0.2500229477882385
21,0.2500229477882385
