Train AUROC, Train AUPRC, Test AUROC, Test AUPRC, Execution Time
0.9999932631578947,0.9998941052631579,0.8596837368421055,0.5167738421052631
1.0,1.0,0.6091444210526316,0.0949818947368421
1.0,1.0,0.6613039999999999,0.121141
1.0,1.0,0.6287314736842106,0.10271394736842106
1.0,1.0,0.6415043684210527,0.1462996315789474
1.0,1.0,0.5931415789473684,0.09906663157894736
1.0,1.0,0.6248528947368421,0.09579426315789473
1.0,1.0,0.65359,0.10989321052631579
1.0,1.0,0.6193234210526316,0.10720731578947369
1.0,1.0,0.6641592105263158,0.1023837894736842
1.0,1.0,0.6396400000000001,0.08154026315789473
1.0,1.0,0.618159842105263,0.09469952631578944
1.0,1.0,0.5891508421052631,0.10758315789473682
1.0,1.0,0.6954754210526316,0.12853952631578947
0.9999915789473683,0.9999003684210527,0.7391977368421053,0.23699836842105268
1.0,1.0,0.6243975789473682,0.14791673684210527
1.0,1.0,0.6962553157894736,0.0906867894736842
1.0,1.0,0.6618502105263159,0.09329336842105262
1.0,1.0,0.6703023157894736,0.13456473684210526
