MAE,MSE,RMSE
0.8194357142857144,1.3274714285714286,1.1198785714285715
