MAE,MSE,RMSE,Execution Time
0.852092857142857,1.4022428571428573,1.1572214285714286,
=average(A2:A2),=average(B2:B2),=average(C2:C2),=average(D2:D2)
