AUROC,AUPRC,Executio Time
0.7240656315789473,0.17913273684210526,
0.7240656315789473,0.17913273684210526,
0.7240656315789473,0.17913273684210526,
0.7240656315789473,0.17913273684210526,
0.7240656315789473,0.17913273684210526,
=average(A2:A6),=average(B2:B6),=average(C2:C6),=average(D2:D6)
