MAE,MSE,RMSE,Execution Time
68.65952499999999,12987.522200000001,112.6542125,
68.65952499999999,12987.522200000001,112.6542125,
70.18710625,13665.070643750001,115.08160625,
68.99231875,13263.602787500002,113.64795625000001,
68.65952499999999,12987.522200000001,112.6542125,
=average(A2:A6),=average(B2:B6),=average(C2:C6),=average(D2:D6)
