MAE,MSE,RMSE
0.6959398496240602,NaN,1.1620189123911622
