Generation, Fitness
0,0.19026736915111542
1,0.19026736915111542
2,0.19026736915111542
3,0.19026736915111542
4,0.19026736915111542
5,0.19026736915111542
6,0.19026736915111542
7,0.19026736915111542
8,0.19026736915111542
9,0.19026736915111542
10,0.19026736915111542
11,0.19026736915111542
