AUROC,AUPRC
0.2022004736842105,0.05422663157894738,
=average(A2:A2),=average(B2:B2),=average(C2:C2)
