Accuracy,F1,WMSEnominal
0.7833333333333333,0.625606,0.7603865530038817,
=average(A2:A2),=average(B2:B2),=average(C2:C2)
