MAE,MSE,RMSE,Execution Time
0.725675,4.336649999999999,1.6726250000000003,
0.69295,4.1949625,1.6637374999999999,
0.69295,4.1949625,1.6637374999999999,
0.69295,4.1949625,1.6637374999999999,
0.69295,4.1949625,1.6637374999999999,
=average(A2:A6),=average(B2:B6),=average(C2:C6),=average(D2:D6)
