Train MAE,Validation MAE,Test MAE,Train MSE,Validation MSE,Test MSE,Train RMSE,Validation RMSE,Test RMSE,Execution Time
0.39818749999999997,0.364125,0.38515000000000005,0.8908375,0.5793625,0.6991375,0.8659875,0.6844875,0.739775,
0.39818749999999997,0.364125,0.38515000000000005,0.8908375,0.5793625,0.6991375,0.8659875,0.6844875,0.739775,
0.39818749999999997,0.364125,0.38515000000000005,0.8908375,0.5793625,0.6991375,0.8659875,0.6844875,0.739775,
0.39818749999999997,0.364125,0.38515000000000005,0.8908375,0.5793625,0.6991375,0.8659875,0.6844875,0.739775,
0.39818749999999997,0.364125,0.38515000000000005,0.8908375,0.5793625,0.6991375,0.8659875,0.6844875,0.739775,
=average(A2:A6),=average(B2:B6),=average(C2:C6),=average(D2:D6),=average(E2:E6),=average(F2:F6),=average(G2:G6)
