Generation, Fitness
0,0.5699336528778076
1,0.5829809308052063
2,0.5829809308052063
3,0.5940442085266113
4,0.5940442085266113
5,0.5940442085266113
6,0.5940442085266113
7,0.5940442085266113
8,0.5940442085266113
9,0.5940442085266113
10,0.5940442085266113
11,0.5940442085266113
12,0.5940442085266113
13,0.5940442085266113
14,0.5940442085266113
