Generation, Fitness
0,0.5744516849517822
1,0.5776816606521606
2,0.5776816606521606
3,0.5792927742004395
4,0.5888097286224365
5,0.5888097286224365
6,0.5888097286224365
7,0.5888097286224365
8,0.5888097286224365
9,0.5996176600456238
10,0.5996176600456238
11,0.5996176600456238
12,0.5996176600456238
13,0.5996176600456238
14,0.5996176600456238
15,0.5996176600456238
16,0.5996176600456238
17,0.5996176600456238
18,0.5996176600456238
19,0.5996176600456238
20,0.5996176600456238
