AUROC,AUPRC
0.13437800000000003,0.055137789473684216,
=average(A2:A2),=average(B2:B2),=average(C2:C2)
