Generation, Fitness
0,0.7846733331680298
1,0.7846733331680298
2,0.7846733331680298
3,0.7846733331680298
4,0.7846733331680298
5,0.7846733331680298
6,0.7846733331680298
7,0.7846733331680298
8,0.7846733331680298
9,0.7846733331680298
10,0.7846733331680298
11,0.7846733331680298
12,0.7846733331680298
13,0.7846733331680298
14,0.7846733331680298
15,0.7846733331680298
16,0.7846733331680298
17,0.7846733331680298
18,0.7846733331680298
19,0.7846733331680298
20,0.7846733331680298
21,0.7846733331680298
22,0.7846733331680298
23,0.7846733331680298
24,0.7846733331680298
25,0.7846733331680298
26,0.7846733331680298
27,0.7846733331680298
28,0.7846733331680298
29,0.7846733331680298
30,0.7846733331680298
31,0.7846733331680298
32,0.7846733331680298
33,0.7846733331680298
34,0.7846733331680298
35,0.7846733331680298
36,0.7846733331680298
37,0.7846733331680298
38,0.7846733331680298
39,0.7846733331680298
40,0.7846733331680298
41,0.7846733331680298
42,0.7846733331680298
43,0.7846733331680298
44,0.7846733331680298
45,0.7846733331680298
46,0.7846733331680298
47,0.7846733331680298
48,0.7846733331680298
49,0.7846733331680298
50,0.7846733331680298
51,0.7846733331680298
