MAE,MSE,RMSE
223.17991250000003,82490.9381,281.5369593749999
