MAE,MSE,RMSE
148.26598937499998,43752.5904125,202.45849
