Train MAE, Validation MAE, Test MAE, Train MSE, Validation MSE, Test MSE, Train RMSE, Validation RMSE, Test RMSE
54.146640625,54.146640625,223.17991250000003,7548.347978125001,7548.347978125001,82490.9381,84.67077499999999,84.67077499999999,281.5369593749999
