MAE,MSE,RMSE,Execution Time
72.8275625,14347.76775625,117.6572,
72.6729125,14393.596425,117.50148750000001,
72.54611249999999,14083.707768750002,116.26865625,
72.79244374999999,14095.619868750002,116.48699375000001,
72.37498124999999,13907.12169375,115.94151250000002,
=average(A2:A6),=average(B2:B6),=average(C2:C6),=average(D2:D6)
