Generation, Fitness
0,9909.388500000001
1,9909.388500000001
2,9909.388500000001
3,9909.41796875
4,9909.41796875
5,9909.5216625
6,9909.5216625
7,9910.1850625
8,9910.1850625
9,9910.1850625
10,9910.1850625
11,9910.8413625
12,9910.8413625
13,9910.8413625
14,9910.8413625
15,9910.8413625
16,9910.8413625
17,9910.8413625
18,9910.943875
19,9910.943875
20,9910.943875
21,9910.943875
22,9910.943875
23,9910.943875
24,9910.943875
25,9910.943875
26,9910.943875
27,9910.943875
28,9910.943875
29,9910.943875
30,9910.943875
31,9910.943875
32,9910.943875
33,9910.943875
34,9910.943875
35,9910.943875
36,9910.943875
37,9910.943875
38,9911.2028875
39,9911.2028875
40,9911.26085
41,9911.26085
42,9911.26085
43,9911.26085
44,9911.26085
45,9911.26085
46,9911.26085
47,9911.26085
48,9911.34630625
49,9911.34630625
50,9911.34630625
51,9911.34630625
52,9911.34630625
53,9911.34630625
54,9911.34630625
55,9911.34630625
56,9911.34630625
57,9911.34630625
58,9911.34630625
59,9911.34630625
60,9911.34630625
61,9911.34630625
62,9911.34630625
63,9911.34630625
64,9911.34630625
65,9911.34630625
66,9911.34630625
67,9911.75511875
68,9911.75511875
69,9911.75511875
70,9911.75511875
71,9911.75511875
72,9911.75511875
73,9911.75511875
74,9911.75511875
75,9911.75511875
76,9911.75511875
77,9911.75511875
78,9911.75511875
79,9911.75511875
80,9911.75511875
81,9911.75511875
82,9911.75511875
83,9911.9307
84,9911.9307
85,9911.9307
86,9911.9307
87,9911.9307
88,9911.9307
89,9911.9307
90,9911.9307
91,9911.9307
92,9911.9307
93,9911.9307
94,9911.9307
95,9911.9307
96,9911.9307
97,9911.9307
98,9912.200675
99,9912.200675
100,9912.200675
101,9912.200675
102,9912.200675
103,9912.200675
104,9912.200675
105,9912.200675
106,9912.200675
107,9912.200675
108,9912.200675
109,9912.200675
110,9912.200675
111,9912.200675
112,9912.200675
113,9912.200675
114,9912.200675
115,9912.200675
116,9912.200675
117,9912.200675
118,9912.200675
119,9912.200675
120,9912.200675
121,9912.200675
122,9912.200675
123,9912.200675
124,9912.200675
125,9912.200675
126,9912.200675
127,9912.200675
128,9912.200675
129,9912.200675
