Generation, Fitness
0,9908.69785625
1,9910.36535625
2,9910.36535625
3,9910.36535625
4,9910.36535625
5,9910.36535625
6,9910.36535625
7,9910.36535625
8,9910.36535625
9,9910.432825
10,9910.432825
11,9910.96748125
12,9910.96748125
13,9910.96748125
14,9910.96748125
15,9910.96748125
16,9910.96748125
17,9911.2410875
18,9911.2410875
19,9911.2410875
20,9911.2410875
21,9911.2410875
22,9911.2410875
23,9911.2410875
24,9911.2410875
25,9911.2410875
26,9911.2410875
27,9911.2410875
28,9911.2410875
29,9911.2410875
30,9911.2410875
31,9911.2541375
32,9911.2541375
33,9911.2541375
34,9911.2541375
35,9911.2541375
36,9911.38715625
37,9911.38715625
38,9911.38715625
39,9911.38715625
40,9911.38715625
41,9911.38715625
42,9911.38715625
43,9911.38715625
44,9911.38715625
45,9911.38715625
46,9911.38715625
47,9911.38715625
48,9911.38715625
49,9911.38715625
50,9911.38715625
51,9911.38715625
52,9911.38715625
53,9911.38715625
54,9911.38715625
55,9911.38715625
56,9911.38715625
57,9911.4182875
58,9911.4182875
59,9911.4182875
60,9911.4182875
61,9911.4182875
62,9911.4182875
63,9911.4182875
64,9911.4182875
65,9911.4182875
66,9911.4182875
67,9911.4182875
68,9911.4182875
69,9911.4182875
70,9911.4182875
71,9911.4182875
72,9911.4182875
73,9911.4182875
74,9911.4182875
75,9911.4182875
76,9911.4182875
77,9911.4182875
78,9911.4182875
79,9911.4182875
80,9911.4182875
81,9911.4182875
82,9911.4182875
83,9911.4182875
84,9911.4182875
85,9911.4182875
86,9911.74870625
87,9911.74870625
88,9911.74870625
89,9911.74870625
90,9911.74870625
91,9911.74870625
92,9911.74870625
93,9911.74870625
94,9911.74870625
95,9911.74870625
96,9911.74870625
97,9911.74870625
98,9911.74870625
99,9911.74870625
100,9911.74870625
101,9911.74870625
102,9911.74870625
103,9911.74870625
104,9911.74870625
105,9911.74870625
106,9911.74870625
107,9911.74870625
108,9911.74870625
109,9911.74870625
110,9911.74870625
111,9911.74870625
112,9911.74870625
113,9911.74870625
114,9911.74870625
115,9911.74870625
116,9911.74870625
117,9911.74870625
