Train MAE,Validation MAE,Test MAE,Train MSE,Validation MSE,Test MSE,Train RMSE,Validation RMSE,Test RMSE,Execution Time
56.44115624999999,54.825006249999994,53.642112499999996,7796.8168000000005,7230.5127437500005,7220.666593749999,86.34681874999998,83.2030625,83.07068125,
58.23923750000001,56.85730624999999,57.26065000000001,8235.2707875,7877.002956250001,8040.366768749999,89.38314375,87.19496875,88.19508124999999,
57.95056875000001,56.75983125000001,56.48924374999998,8223.420875,7870.99698125,7878.13038125,88.76098750000001,86.84965625,86.86783125,
54.64464375000001,53.589774999999996,53.16308125000001,7584.974506250001,7171.7190875000015,7100.0479625,85.40159375000002,82.9597375,82.4690625,
56.7420625,55.22177500000001,55.72282499999999,8175.252975,7788.7104,8030.52490625,88.02976249999999,85.786525,86.93797500000001,
=average(A2:A6),=average(B2:B6),=average(C2:C6),=average(D2:D6),=average(E2:E6),=average(F2:F6),=average(G2:G6)
