Train MAE,Validation MAE,Test MAE,Train MSE,Validation MSE,Test MSE,Train RMSE,Validation RMSE,Test RMSE,Execution Time
52.61776875,86.74715625,90.9742375,6894.770224999999,19566.4856625,22526.5577875,81.77150625,137.84648125,148.02026874999999,
55.48325625000001,88.98981875000001,87.799325,7662.42835625,20556.2899,20143.833124999997,85.74849375000002,141.54239375,140.313575,
57.0003875,89.51069374999999,88.25129375000002,7724.58780625,20106.596700000002,20593.343756250004,86.91943750000002,140.1868375,141.46045625000002,
54.218575,89.31888125,87.78161875,7147.1570812499995,20591.932706249998,20851.631287499997,83.4730625,141.8233125,142.33007500000002,
59.077018750000015,89.48261875,88.85110625000002,8274.03040625,20331.0475,20724.2763375,89.41207499999999,140.98745000000002,142.33251249999998,
=average(A2:A6),=average(B2:B6),=average(C2:C6),=average(D2:D6),=average(E2:E6),=average(F2:F6),=average(G2:G6)
