MAE,MSE,RMSE,Execution Time
90.9742375,22526.5577875,148.02026874999999,
87.799325,20143.833124999997,140.313575,
88.25129375000002,20593.343756250004,141.46045625000002,
87.78161875,20851.631287499997,142.33007500000002,
88.85110625000002,20724.2763375,142.33251249999998,
=average(A2:A6),=average(B2:B6),=average(C2:C6),=average(D2:D6)
