Generation, Fitness
0,0.6346074342727661
1,0.6346074342727661
2,0.6346074342727661
3,0.6346074342727661
4,0.6346074342727661
5,0.6346074342727661
6,0.6346074342727661
7,0.6346074342727661
8,0.6346074342727661
9,0.6346074342727661
10,0.6346074342727661
11,0.6346074342727661
12,0.6346074342727661
13,0.6346074342727661
14,0.6346074342727661
15,0.6346074342727661
16,0.6346074342727661
17,0.6346074342727661
18,0.6455183029174805
19,0.6455183029174805
20,0.6455183029174805
21,0.6455183029174805
22,0.6455183029174805
23,0.6455183029174805
24,0.6455183029174805
25,0.6455183029174805
26,0.6554603576660156
27,0.6554603576660156
28,0.6554603576660156
29,0.6554603576660156
30,0.6554603576660156
31,0.6554603576660156
32,0.6554603576660156
33,0.6554603576660156
34,0.6554603576660156
35,0.6554603576660156
36,0.6554603576660156
37,0.6554603576660156
38,0.6554603576660156
39,0.6554603576660156
40,0.6554603576660156
41,0.6554603576660156
42,0.6554603576660156
43,0.6554603576660156
44,0.6554603576660156
45,0.6554603576660156
46,0.6554603576660156
47,0.6554603576660156
48,0.6554603576660156
49,0.6554603576660156
50,0.6554603576660156
51,0.6554603576660156
52,0.6554603576660156
53,0.6554603576660156
54,0.6554603576660156
55,0.6554603576660156
56,0.6554603576660156
57,0.6554603576660156
