Generation, Fitness
0,0.6330410242080688
1,0.6330410242080688
2,0.635969340801239
3,0.6537911891937256
4,0.6537911891937256
5,0.6537911891937256
6,0.663360059261322
7,0.663360059261322
8,0.663360059261322
9,0.663360059261322
10,0.663360059261322
11,0.663360059261322
12,0.663360059261322
13,0.663360059261322
14,0.6652405858039856
15,0.6652405858039856
16,0.6652405858039856
17,0.6652405858039856
18,0.6652405858039856
19,0.6652405858039856
20,0.6652405858039856
21,0.6652405858039856
22,0.6652405858039856
23,0.6652405858039856
24,0.6652405858039856
25,0.6652405858039856
26,0.6652405858039856
27,0.6652405858039856
28,0.6652405858039856
29,0.6652405858039856
30,0.6652405858039856
31,0.6652405858039856
32,0.6652405858039856
33,0.6652405858039856
34,0.6652405858039856
35,0.6652405858039856
36,0.6652405858039856
37,0.6652405858039856
38,0.6652405858039856
39,0.6652405858039856
40,0.6652405858039856
41,0.6652405858039856
42,0.6652405858039856
43,0.6652405858039856
44,0.6652405858039856
45,0.6664830446243286
46,0.6664830446243286
47,0.6664830446243286
48,0.6664830446243286
49,0.6664830446243286
50,0.6664830446243286
51,0.6664830446243286
52,0.6664830446243286
53,0.6664830446243286
54,0.6664830446243286
55,0.6664830446243286
56,0.6664830446243286
57,0.6664830446243286
58,0.6664830446243286
59,0.6664830446243286
60,0.6664830446243286
61,0.6664830446243286
62,0.6664830446243286
63,0.6664830446243286
64,0.6664830446243286
65,0.6664830446243286
66,0.6664830446243286
67,0.6664830446243286
68,0.6664830446243286
69,0.6664830446243286
70,0.6664830446243286
71,0.6664830446243286
72,0.6664830446243286
73,0.6664830446243286
74,0.6664830446243286
75,0.6664830446243286
76,0.6664830446243286
