Generation, Fitness
0,0.6456267833709717
1,0.6456267833709717
2,0.6456267833709717
3,0.6456267833709717
4,0.6456267833709717
5,0.6456267833709717
6,0.6456267833709717
7,0.6456267833709717
8,0.6456267833709717
9,0.6456267833709717
10,0.6456267833709717
11,0.6456267833709717
12,0.6456267833709717
13,0.6456267833709717
14,0.6467801928520203
15,0.6467801928520203
16,0.6467801928520203
17,0.6467801928520203
18,0.6467801928520203
19,0.6467801928520203
20,0.6467801928520203
21,0.6467801928520203
22,0.6467801928520203
23,0.6467801928520203
24,0.6467801928520203
25,0.6467801928520203
26,0.6467801928520203
27,0.6467801928520203
28,0.6467801928520203
29,0.6467801928520203
30,0.6467801928520203
31,0.6467801928520203
32,0.6467801928520203
33,0.6467801928520203
34,0.6467801928520203
35,0.6467801928520203
36,0.6467801928520203
37,0.6467801928520203
38,0.6467801928520203
39,0.6467801928520203
40,0.6467801928520203
41,0.6467801928520203
42,0.6467801928520203
43,0.6467801928520203
44,0.6467801928520203
45,0.6467801928520203
