Generation, Fitness
0,0.6303518414497375
1,0.642270565032959
2,0.642270565032959
3,0.642270565032959
4,0.642270565032959
5,0.642270565032959
6,0.642270565032959
7,0.6449092030525208
8,0.6449092030525208
9,0.6449092030525208
10,0.6449092030525208
11,0.6449092030525208
12,0.6449092030525208
13,0.6449092030525208
14,0.6449092030525208
15,0.6449092030525208
16,0.6449092030525208
17,0.6449092030525208
18,0.6449092030525208
19,0.6449092030525208
20,0.6449092030525208
21,0.6449092030525208
22,0.6449092030525208
23,0.6465722918510437
24,0.6465722918510437
25,0.6465722918510437
26,0.6465722918510437
27,0.6465722918510437
28,0.6465722918510437
29,0.6465722918510437
30,0.6465722918510437
31,0.6465722918510437
32,0.6465722918510437
33,0.6465722918510437
34,0.6465722918510437
35,0.6465722918510437
36,0.6465722918510437
37,0.6465722918510437
38,0.6465722918510437
39,0.6465722918510437
40,0.6465722918510437
41,0.6465722918510437
42,0.6465722918510437
43,0.6465722918510437
44,0.6465722918510437
45,0.6465722918510437
46,0.6465722918510437
47,0.6465722918510437
48,0.6465722918510437
49,0.6465722918510437
50,0.6465722918510437
51,0.6465722918510437
52,0.6557636260986328
53,0.6557636260986328
54,0.6557636260986328
55,0.6557636260986328
56,0.6557636260986328
57,0.6557636260986328
58,0.6557636260986328
59,0.6557636260986328
60,0.6557636260986328
61,0.6557636260986328
62,0.6557636260986328
63,0.6557636260986328
64,0.6557636260986328
65,0.6557636260986328
66,0.6557636260986328
67,0.6557636260986328
68,0.6557636260986328
69,0.6557636260986328
70,0.6557636260986328
71,0.6557636260986328
72,0.6557636260986328
73,0.6557636260986328
74,0.6557636260986328
75,0.6557636260986328
76,0.6557636260986328
77,0.6557636260986328
78,0.6557636260986328
79,0.6557636260986328
80,0.6557636260986328
81,0.6557636260986328
82,0.6557636260986328
83,0.6557636260986328
