AUROC,AUPRC,Executio Time
0.6467802142857142,0.42174371428571417,
0.6664830714285717,0.43433792857142856,
0.6554603571428571,0.4196697857142858,
0.6503595714285714,0.45810185714285717,
0.655763642857143,0.42939507142857136,
=average(A2:A6),=average(B2:B6),=average(C2:C6),=average(D2:D6)
