Accuracy,F1,WMSEnominal
0.7642857142857142,0.6737667142857143,0.7719611141985475,
=average(A2:A2),=average(B2:B2),=average(C2:C2)
