MAE,MSE,RMSE,Execution Time
385.13324875,942517.11103625,653.5420031249998,272.0
