Generation, Fitness
0,9685.51401875
1,9685.62
2,9685.62
3,9687.4185875
4,9687.4185875
5,9687.4185875
6,9690.44699375
7,9692.4114625
8,9692.62305
9,9692.62305
10,9692.62305
11,9692.62305
12,9692.62305
13,9692.62305
14,9692.62305
15,9692.62305
16,9692.62305
17,9692.62305
18,9692.62305
19,9692.62305
20,9697.860725
21,9697.860725
22,9699.00215
23,9699.00215
24,9699.00215
25,9699.00215
26,9699.00215
27,9699.00215
28,9699.00215
29,9699.00215
30,9699.00215
31,9699.00215
32,9699.00215
33,9699.00215
34,9699.00215
35,9699.00215
36,9699.00215
37,9699.00215
38,9699.00215
39,9699.00215
40,9699.00215
41,9699.00215
42,9699.00215
43,9700.73796875
44,9700.73796875
45,9700.73796875
46,9700.73796875
47,9700.73796875
48,9700.73796875
49,9706.1869875
50,9706.1869875
51,9706.1869875
52,9706.1869875
53,9706.1869875
54,9706.1869875
55,9706.1869875
56,9706.1869875
57,9706.1869875
58,9706.1869875
59,9706.1869875
60,9706.1869875
61,9706.1869875
62,9706.1869875
63,9706.1869875
64,9706.1869875
65,9706.1869875
66,9706.1869875
67,9706.1869875
68,9706.1869875
69,9706.1869875
70,9706.1869875
71,9706.1869875
72,9707.7611375
73,9707.7611375
74,9707.7611375
75,9707.7611375
76,9707.7611375
77,9707.7611375
78,9707.7611375
79,9707.7611375
80,9707.7611375
81,9707.7611375
82,9707.7611375
83,9707.7611375
84,9710.1258875
85,9710.1258875
86,9710.1258875
87,9710.1258875
88,9710.1258875
89,9710.1258875
90,9710.1258875
91,9715.55040625
92,9715.55040625
93,9715.55040625
94,9715.55040625
95,9715.55040625
96,9715.55040625
97,9715.55040625
98,9715.55040625
99,9715.55040625
100,9715.55040625
101,9715.55040625
102,9715.55040625
103,9715.55040625
104,9715.55040625
105,9715.55040625
106,9715.55040625
107,9715.55040625
108,9715.55040625
109,9715.55040625
110,9715.55040625
111,9715.55040625
112,9715.55040625
113,9715.55040625
114,9715.55040625
115,9715.55040625
116,9715.55040625
117,9715.55040625
118,9715.55040625
119,9715.55040625
120,9715.55040625
121,9715.55040625
122,9715.55040625
