Generation, Fitness
0,9533.1945875
1,9543.1288625
2,9566.8581125
3,9566.8581125
4,9566.8581125
5,9566.8581125
6,9566.8581125
7,9566.8581125
8,9566.8581125
9,9566.8581125
10,9566.8581125
11,9566.8581125
12,9566.8581125
13,9566.8581125
14,9566.8581125
15,9566.8581125
16,9566.8581125
17,9566.8581125
18,9566.8581125
19,9566.8581125
20,9566.8581125
21,9566.8581125
22,9566.8581125
23,9566.8581125
24,9566.8581125
25,9566.8581125
26,9566.8581125
27,9567.7226125
28,9567.7226125
29,9567.7226125
30,9567.7226125
31,9567.7226125
32,9567.7226125
33,9567.7226125
34,9567.7226125
35,9567.7226125
36,9567.7226125
37,9567.7226125
38,9567.7226125
39,9567.7226125
40,9567.7226125
41,9567.7226125
42,9567.7226125
43,9567.7226125
44,9567.7226125
45,9567.7226125
46,9567.7226125
47,9567.7226125
48,9567.7226125
49,9567.7226125
50,9567.7226125
51,9567.7226125
52,9567.7226125
53,9567.7226125
54,9567.7226125
55,9567.7226125
56,9567.7226125
57,9567.7226125
58,9567.7226125
