Generation, Fitness
0,9518.03693125
1,9537.6000375
2,9562.03515625
3,9562.03515625
4,9562.03515625
5,9562.03515625
6,9562.03515625
7,9562.03515625
8,9562.03515625
9,9562.03515625
10,9562.03515625
11,9562.03515625
12,9565.7944875
13,9565.7944875
14,9565.7944875
15,9565.7944875
16,9565.7944875
17,9565.7944875
18,9565.7944875
19,9565.7944875
20,9565.7944875
21,9565.7944875
22,9565.7944875
23,9565.7944875
24,9565.7944875
25,9565.7944875
26,9565.7944875
27,9565.7944875
28,9565.7944875
29,9565.7944875
30,9565.7944875
31,9565.7944875
32,9565.7944875
33,9565.7944875
34,9565.7944875
35,9565.7944875
36,9565.7944875
37,9565.7944875
38,9565.7944875
39,9565.7944875
40,9565.7944875
41,9565.7944875
42,9565.7944875
43,9576.17745625
44,9576.17745625
45,9576.17745625
46,9576.17745625
47,9576.17745625
48,9576.17745625
49,9576.17745625
50,9576.17745625
51,9576.17745625
52,9576.17745625
53,9576.17745625
54,9576.17745625
55,9576.17745625
56,9576.17745625
57,9576.17745625
58,9579.41241875
59,9579.41241875
60,9579.41241875
61,9579.41241875
62,9579.41241875
63,9579.41241875
64,9579.41241875
65,9579.41241875
66,9579.41241875
67,9579.41241875
68,9579.41241875
69,9579.41241875
70,9579.41241875
71,9579.41241875
72,9579.41241875
73,9579.41241875
74,9579.41241875
75,9579.41241875
76,9579.41241875
77,9579.41241875
78,9579.41241875
79,9579.41241875
80,9579.41241875
81,9579.41241875
82,9579.41241875
83,9579.41241875
84,9579.41241875
85,9579.41241875
86,9579.41241875
87,9579.41241875
88,9579.41241875
89,9579.41241875
