Generation, Fitness
0,9524.68973125
1,9528.4514125
2,9531.89216875
3,9551.96154375
4,9553.63300625
5,9553.63300625
6,9553.63300625
7,9553.63300625
8,9555.46568125
9,9555.46568125
10,9555.46568125
11,9555.46568125
12,9580.748475
13,9580.748475
14,9580.748475
15,9580.748475
16,9580.748475
17,9580.748475
18,9580.748475
19,9580.748475
20,9580.748475
21,9580.748475
22,9580.748475
23,9580.748475
24,9580.748475
25,9580.748475
26,9580.748475
27,9580.748475
28,9580.748475
29,9580.748475
30,9580.748475
31,9580.748475
32,9580.748475
33,9580.748475
34,9580.748475
35,9580.748475
36,9580.748475
37,9580.748475
38,9580.748475
39,9580.748475
40,9580.748475
41,9580.748475
42,9580.748475
43,9580.748475
