MAE,MSE,RMSE,Execution Time
617.89873125,2811388.2831687503,1298.4972312500001,
423.593525,667295.0381250001,676.4262,
420.58758124999997,619831.1091812501,670.34649375,
419.251525,651476.3179062499,674.8184625,
432.2773875,718160.0700562501,696.612275,
=average(A2:A6),=average(B2:B6),=average(C2:C6),=average(D2:D6)
