MAE,MSE,RMSE,Execution Time
428.02639375,1130707.7237875,753.85845625,
438.52239375,1247911.9934687503,818.2274124999999,
449.01676249999997,1442633.68239375,871.32278125,
423.2284312500001,1081035.71101875,743.1684375000001,
444.4832,1085168.9692187498,766.6862375000002,
=average(A2:A6),=average(B2:B6),=average(C2:C6),=average(D2:D6)
