MAE,MSE,RMSE,Execution Time
0.8188214285714286,1.3473000000000004,1.1267857142857143,
=average(A2:A2),=average(B2:B2),=average(C2:C2),=average(D2:D2)
