Generation, Fitness
0,0.8703703880310059
1,0.8703703880310059
2,0.8703703880310059
3,0.8703703880310059
4,0.8703703880310059
5,0.8703703880310059
6,0.8703703880310059
7,0.8720797896385193
8,0.8720797896385193
9,0.8720797896385193
10,0.8720797896385193
11,0.8720797896385193
12,0.8720797896385193
13,0.8720797896385193
14,0.8720797896385193
15,0.8720797896385193
16,0.8720797896385193
17,0.8720797896385193
18,0.8720797896385193
19,0.8720797896385193
20,0.8720797896385193
21,0.8720797896385193
22,0.8720797896385193
23,0.8720797896385193
24,0.8720797896385193
25,0.8720797896385193
26,0.8720797896385193
27,0.8720797896385193
28,0.8720797896385193
29,0.8720797896385193
30,0.8720797896385193
31,0.8720797896385193
32,0.8720797896385193
33,0.8720797896385193
34,0.8720797896385193
35,0.8720797896385193
36,0.8720797896385193
37,0.8720797896385193
38,0.8720797896385193
39,0.8720797896385193
40,0.8720797896385193
41,0.8720797896385193
42,0.8720797896385193
43,0.8720797896385193
44,0.8720797896385193
45,0.8720797896385193
46,0.8720797896385193
47,0.8720797896385193
48,0.8720797896385193
49,0.8720797896385193
50,0.8720797896385193
51,0.8720797896385193
52,0.8720797896385193
53,0.8720797896385193
54,0.8720797896385193
55,0.8720797896385193
56,0.8720797896385193
57,0.8720797896385193
58,0.8720797896385193
