Generation, Fitness
0,0.8700716495513916
1,0.8700897693634033
2,0.8700897693634033
3,0.8700897693634033
4,0.8709402084350586
5,0.8709402084350586
6,0.8709402084350586
7,0.8709402084350586
8,0.8709402084350586
9,0.8709402084350586
10,0.8709402084350586
11,0.8709402084350586
12,0.890883207321167
13,0.890883207321167
14,0.890883207321167
15,0.890883207321167
16,0.890883207321167
17,0.890883207321167
18,0.890883207321167
19,0.890883207321167
20,0.890883207321167
21,0.890883207321167
22,0.890883207321167
23,0.890883207321167
24,0.890883207321167
25,0.890883207321167
26,0.890883207321167
27,0.890883207321167
28,0.890883207321167
29,0.890883207321167
30,0.890883207321167
31,0.890883207321167
32,0.890883207321167
33,0.890883207321167
34,0.890883207321167
35,0.890883207321167
36,0.890883207321167
37,0.890883207321167
38,0.890883207321167
39,0.890883207321167
40,0.890883207321167
41,0.890883207321167
42,0.890883207321167
43,0.890883207321167
44,0.890883207321167
45,0.890883207321167
46,0.890883207321167
47,0.890883207321167
48,0.890883207321167
49,0.890883207321167
50,0.890883207321167
51,0.890883207321167
52,0.890883207321167
53,0.890883207321167
54,0.890883207321167
55,0.890883207321167
56,0.890883207321167
57,0.890883207321167
58,0.890883207321167
59,0.890883207321167
60,0.890883207321167
61,0.890883207321167
62,0.890883207321167
63,0.890883207321167
