Generation, Fitness
0,0.8700897693634033
1,0.8700897693634033
2,0.8700897693634033
3,0.8717991709709167
4,0.8717991709709167
5,0.8717991709709167
6,0.8717991709709167
7,0.8717991709709167
8,0.8717991709709167
9,0.8717991709709167
10,0.8717991709709167
11,0.8729344606399536
12,0.8729344606399536
13,0.8729344606399536
14,0.8729344606399536
15,0.8729344606399536
16,0.8729344606399536
17,0.8729344606399536
18,0.8729344606399536
19,0.8729344606399536
20,0.8729344606399536
21,0.8729344606399536
22,0.8729344606399536
23,0.8729344606399536
24,0.8729344606399536
25,0.8729344606399536
26,0.8729344606399536
27,0.8729344606399536
28,0.8729344606399536
29,0.8729344606399536
30,0.8729344606399536
31,0.8729344606399536
32,0.8729344606399536
33,0.8729344606399536
34,0.87321937084198
35,0.87321937084198
36,0.87321937084198
37,0.87321937084198
38,0.87321937084198
39,0.87321937084198
40,0.87321937084198
41,0.87321937084198
42,0.87321937084198
43,0.87321937084198
44,0.87321937084198
45,0.87321937084198
46,0.87321937084198
47,0.87321937084198
48,0.87321937084198
49,0.87321937084198
50,0.87321937084198
51,0.87321937084198
52,0.87321937084198
53,0.87321937084198
54,0.87321937084198
55,0.87321937084198
56,0.87321937084198
57,0.87321937084198
58,0.87321937084198
59,0.87321937084198
60,0.87321937084198
61,0.87321937084198
62,0.87321937084198
63,0.87321937084198
64,0.87321937084198
65,0.87321937084198
66,0.87321937084198
67,0.87321937084198
68,0.87321937084198
69,0.87321937084198
70,0.87321937084198
71,0.87321937084198
72,0.87321937084198
73,0.87321937084198
74,0.87321937084198
75,0.87321937084198
76,0.87321937084198
77,0.87321937084198
78,0.87321937084198
79,0.87321937084198
80,0.87321937084198
81,0.87321937084198
82,0.87321937084198
83,0.87321937084198
84,0.87321937084198
85,0.87321937084198
