MAE,MSE,RMSE,Execution Time
58.39017375000001,8746.07322125,87.59393874999998,2731.9
