Generation, Fitness
0,9626.34443125
1,9628.06101875
2,9643.27731875
3,9648.043575
4,9648.54875
5,9648.54875
6,9648.54875
7,9648.54875
8,9648.54875
9,9648.54875
10,9648.54875
11,9651.56885
12,9651.56885
13,9651.56885
14,9651.56885
15,9651.56885
16,9651.56885
17,9657.4219125
18,9657.4219125
19,9657.4219125
20,9657.4219125
21,9657.4219125
22,9657.4219125
23,9657.4219125
24,9657.4219125
25,9657.4219125
26,9657.4219125
27,9657.4219125
28,9657.4219125
29,9657.4219125
30,9657.4219125
31,9657.4219125
32,9657.4219125
33,9657.42241875
34,9657.42241875
35,9657.42241875
36,9657.42241875
37,9657.42241875
38,9657.42241875
39,9657.42241875
40,9657.42241875
41,9657.42241875
42,9657.42241875
43,9657.42241875
44,9657.42241875
45,9657.42241875
46,9657.42241875
47,9657.42241875
48,9657.42241875
49,9657.42241875
50,9657.42241875
51,9657.42241875
52,9657.42241875
53,9657.42241875
54,9657.42241875
55,9657.42241875
56,9657.42241875
57,9657.42241875
58,9657.42241875
59,9657.42241875
60,9657.42241875
61,9657.42241875
62,9657.42241875
63,9657.42241875
64,9657.42241875
