Generation, Fitness
0,9627.2977125
1,9635.27564375
2,9636.12916875
3,9643.7956375
4,9644.5375875
5,9652.78314375
6,9652.78314375
7,9652.78314375
8,9652.78314375
9,9652.78314375
10,9655.1168
11,9655.1168
12,9655.1168
13,9655.1168
14,9655.1168
15,9655.1168
16,9655.1168
17,9655.1168
18,9655.1168
19,9659.6569
20,9659.6569
21,9659.6569
22,9659.6569
23,9659.6569
24,9659.6569
25,9659.6569
26,9659.6569
27,9659.6569
28,9659.6569
29,9659.6569
30,9659.6569
31,9659.6569
32,9659.96105625
33,9659.96105625
34,9659.96105625
35,9659.96105625
36,9659.96105625
37,9659.96105625
38,9659.96105625
39,9659.96105625
40,9659.96105625
41,9659.96105625
42,9659.96105625
43,9659.96105625
44,9659.96105625
45,9659.96105625
46,9659.96105625
47,9659.96105625
48,9659.96105625
49,9659.96105625
50,9660.53933125
51,9660.53933125
52,9660.53933125
53,9660.53933125
54,9660.53933125
55,9660.53933125
56,9660.53933125
57,9660.53933125
58,9663.4893625
59,9663.4893625
60,9663.4893625
61,9663.4893625
62,9663.4893625
63,9663.4893625
64,9663.4893625
65,9663.4893625
66,9663.4893625
67,9663.4893625
68,9663.4893625
69,9663.4893625
70,9663.4893625
71,9663.4893625
72,9663.4893625
73,9663.4893625
74,9663.4893625
75,9668.42431875
76,9668.42431875
77,9668.42431875
78,9668.42431875
79,9668.42431875
80,9668.42431875
81,9668.42431875
82,9668.42431875
83,9668.42431875
84,9668.42431875
85,9668.42431875
86,9668.42431875
87,9668.42431875
88,9668.42431875
89,9668.42431875
90,9668.42431875
91,9668.42431875
92,9668.42431875
93,9668.42431875
94,9668.42431875
95,9668.42431875
96,9668.42431875
97,9668.42431875
98,9668.42431875
99,9668.42431875
100,9668.42431875
101,9668.42431875
102,9668.42431875
103,9668.42431875
104,9668.42431875
105,9668.42431875
106,9668.42431875
