MAE,MSE,RMSE,Execution Time
446.5359312499999,3747802.5699124997,1223.3861375000001,
394.92041874999995,3063679.0029125,1115.28369375,
394.61276250000003,2984329.15154375,1098.31235625,
424.61128125,3574911.839925,1173.7362625,
413.45423750000003,3393096.9496374996,1120.3777375000002,
=average(A2:A6),=average(B2:B6),=average(C2:C6),=average(D2:D6)
