Train MAE,Validation MAE,Test MAE,Train MSE,Validation MSE,Test MSE,Train RMSE,Validation RMSE,Test RMSE,Execution Time
176.5724125,181.50996874999998,406.35456874999994,264477.87008125003,108529.33053125,3357986.8592875,375.6811125,287.05806874999996,1132.3404249999999,
183.50715625,230.93929374999996,342.57758125,260600.69413125,252459.5714,1894357.3873500002,374.61053125,398.55259375,902.29083125,
171.87760625,209.76448124999996,331.57568125,284603.23935000005,163131.30016875,2159529.87156875,372.25731874999997,341.02903749999996,927.87691875,
175.6797,209.38363749999996,338.3104312500001,262296.0135375,168551.5570375,1936184.6249812504,374.2291687500001,340.1975625,928.6579750000001,
217.01688124999998,238.45420625,352.7535375,349620.79100625,226762.40544999996,1938029.34578125,446.49719999999996,394.4703875000001,910.02025625,
=average(A2:A6),=average(B2:B6),=average(C2:C6),=average(D2:D6),=average(E2:E6),=average(F2:F6),=average(G2:G6)
