Generation, Fitness
0,9716.3007
1,9718.91251875
2,9718.91251875
3,9718.91251875
4,9722.12565
5,9722.39035
6,9722.39035
7,9722.39035
8,9723.16729375
9,9733.32553125
10,9733.32553125
11,9733.32553125
12,9733.32553125
13,9733.32553125
14,9733.32553125
15,9733.32553125
16,9733.32553125
17,9733.32553125
18,9733.32553125
19,9733.32553125
20,9733.32553125
21,9733.32553125
22,9733.32553125
23,9733.32553125
24,9733.32553125
25,9733.32553125
26,9733.32553125
27,9733.32553125
28,9733.32553125
29,9733.32553125
30,9733.32553125
31,9733.32553125
32,9733.32553125
33,9733.32553125
34,9733.32553125
35,9733.32553125
36,9733.32553125
37,9733.32553125
38,9733.32553125
39,9733.32553125
40,9735.80098125
41,9735.80098125
42,9735.80098125
43,9735.80098125
44,9735.80098125
45,9735.80098125
46,9735.80098125
47,9735.80098125
48,9735.80098125
49,9735.80098125
50,9735.80098125
51,9735.80098125
52,9735.80098125
53,9735.80098125
54,9735.80098125
55,9735.80098125
56,9735.80098125
57,9735.80098125
58,9735.80098125
59,9735.80098125
60,9735.80098125
61,9735.80098125
62,9735.80098125
63,9735.80098125
64,9735.80098125
65,9735.80098125
66,9735.80098125
67,9735.80098125
68,9735.80098125
69,9735.80098125
70,9735.80098125
71,9736.722975
72,9736.722975
73,9736.722975
74,9736.722975
75,9736.722975
76,9736.722975
77,9736.722975
78,9744.28963125
79,9744.28963125
80,9744.28963125
81,9744.28963125
82,9744.28963125
83,9744.28963125
84,9744.28963125
85,9744.28963125
86,9744.28963125
87,9744.28963125
88,9744.28963125
89,9744.28963125
90,9744.28963125
91,9744.28963125
92,9744.28963125
93,9744.28963125
94,9744.28963125
95,9744.28963125
96,9744.28963125
97,9744.28963125
98,9744.28963125
99,9744.28963125
100,9744.28963125
101,9744.28963125
102,9744.28963125
103,9744.28963125
104,9744.28963125
105,9744.28963125
106,9744.28963125
107,9744.28963125
108,9744.28963125
109,9744.28963125
