MAE,MSE,RMSE,Execution Time
203.57594999999998,339158.51938749995,386.479125,
192.467975,179682.49697500002,319.6634375,
204.54578750000002,320081.253875,366.89658749999995,
206.97189375000002,342305.02265625,396.3678875,
196.63446874999997,186813.44885625,323.19094999999993,
=average(A2:A6),=average(B2:B6),=average(C2:C6),=average(D2:D6)
