Generation, Fitness
0,0.8866442441940308
1,0.8866442441940308
2,0.8866442441940308
3,0.8866442441940308
4,0.8866442441940308
5,0.8866442441940308
6,0.8866442441940308
7,0.8866442441940308
8,0.8866442441940308
9,0.8866442441940308
10,0.8866442441940308
11,0.8866442441940308
