Generation, Fitness
0,9683.1434125
1,9683.1434125
2,9685.84955625
3,9688.6065375
4,9688.6065375
5,9694.50039375
6,9694.50039375
7,9695.2429625
8,9704.080075
9,9704.080075
10,9704.080075
11,9705.94255625
12,9705.94255625
13,9705.94255625
14,9705.94255625
15,9705.94255625
16,9705.94255625
17,9705.94255625
18,9705.94255625
19,9705.94255625
20,9705.94255625
21,9705.94255625
22,9705.94255625
23,9705.94255625
24,9705.94255625
25,9706.71548125
26,9706.71548125
27,9706.71548125
28,9706.71548125
29,9706.71548125
30,9706.71548125
31,9706.71548125
32,9709.92618125
33,9709.92618125
34,9709.92618125
35,9709.92618125
36,9709.92618125
37,9713.85414375
38,9713.85414375
39,9713.85414375
40,9713.85414375
41,9716.43090625
42,9716.43090625
43,9716.43090625
44,9716.43090625
45,9716.43090625
46,9716.43090625
47,9716.43090625
48,9716.43090625
49,9716.43090625
50,9716.43090625
51,9716.43090625
52,9716.43090625
53,9716.43090625
54,9716.43090625
55,9716.43090625
56,9716.43090625
57,9716.43090625
58,9716.43090625
59,9716.43090625
60,9716.43090625
61,9716.43090625
62,9716.43090625
63,9716.43090625
64,9716.43090625
65,9716.43090625
66,9716.43090625
67,9716.43090625
68,9716.43090625
69,9716.43090625
70,9716.43090625
71,9716.43090625
72,9716.43090625
