Train MAE,Validation MAE,Test MAE,Train MSE,Validation MSE,Test MSE,Train RMSE,Validation RMSE,Test RMSE,Execution Time
164.07420000000002,145.32244999999998,202.48155624999998,246575.8348,111435.16268125,774019.3060000001,359.78008750000004,257.6016625,494.9083937500001,
167.4323375,139.79228125,229.4015375,274087.0609875,120166.67654375001,1023653.68923125,363.77788125000006,241.6688875,574.33073125,
185.3224625,169.66980000000004,243.14174375000002,307300.33665,203385.787425,1058513.428375,400.69077500000003,291.53825000000006,579.656875,
182.02255624999995,159.56843750000002,225.4172625,256669.61938750002,119194.74823124999,817247.00594375,376.1957625,265.07513750000004,534.06061875,
197.18358124999997,177.2695,242.44671250000002,290264.1418125,136527.24099375,879919.5189,415.82221875,304.55975,577.9299125,
=average(A2:A6),=average(B2:B6),=average(C2:C6),=average(D2:D6),=average(E2:E6),=average(F2:F6),=average(G2:G6)
