MAE,MSE,RMSE,Execution Time
202.48155624999998,774019.3060000001,494.9083937500001,
229.4015375,1023653.68923125,574.33073125,
243.14174375000002,1058513.428375,579.656875,
225.4172625,817247.00594375,534.06061875,
242.44671250000002,879919.5189,577.9299125,
=average(A2:A6),=average(B2:B6),=average(C2:C6),=average(D2:D6)
