MAE,MSE,RMSE,Execution Time
387.598375,1750401.21588125,946.8898874999998,
274.3373875,585170.375125,570.89671875,
283.56909375,823031.1274875,640.5657249999999,
286.24568124999996,673990.83348125,603.3019625,
278.0127375,760649.57243125,615.5140624999999,
=average(A2:A6),=average(B2:B6),=average(C2:C6),=average(D2:D6)
