Generation, Fitness
0,0.7845507860183716
1,0.7845507860183716
2,0.7845507860183716
3,0.7845507860183716
4,0.7845507860183716
5,0.7845507860183716
6,0.7845507860183716
7,0.7845507860183716
8,0.7845507860183716
9,0.7845507860183716
10,0.8056376576423645
11,0.8056376576423645
12,0.8056376576423645
13,0.8056376576423645
14,0.8056376576423645
15,0.8056376576423645
16,0.8056376576423645
17,0.8056376576423645
18,0.8056376576423645
19,0.8056376576423645
20,0.8056376576423645
21,0.8056376576423645
22,0.8056376576423645
23,0.8056376576423645
24,0.8056376576423645
25,0.8056376576423645
26,0.8056376576423645
27,0.8056376576423645
28,0.8056376576423645
29,0.8056376576423645
30,0.8056376576423645
31,0.8056376576423645
32,0.8056376576423645
33,0.8056376576423645
34,0.8056376576423645
35,0.8056376576423645
36,0.8056376576423645
37,0.8056376576423645
38,0.8056376576423645
39,0.8056376576423645
40,0.8056376576423645
41,0.8056376576423645
42,0.8056376576423645
43,0.8056376576423645
44,0.8056376576423645
45,0.8056376576423645
46,0.8056376576423645
47,0.8056376576423645
48,0.8056376576423645
49,0.8056376576423645
50,0.8056376576423645
51,0.8056376576423645
52,0.8056376576423645
53,0.8056376576423645
54,0.8056376576423645
55,0.8056376576423645
56,0.8056376576423645
57,0.8056376576423645
58,0.8056376576423645
59,0.8056376576423645
60,0.8056376576423645
61,0.8056376576423645
