Generation, Fitness
0,0.7845507860183716
1,0.7916899919509888
2,0.7916899919509888
3,0.7916899919509888
4,0.7916899919509888
5,0.7916899919509888
6,0.7916899919509888
7,0.7916899919509888
8,0.7916899919509888
9,0.7916899919509888
10,0.7916899919509888
11,0.7916899919509888
12,0.7916899919509888
13,0.7916899919509888
14,0.7916899919509888
15,0.7916899919509888
16,0.7916899919509888
17,0.7916899919509888
18,0.7916899919509888
19,0.7916899919509888
20,0.7916899919509888
21,0.7916899919509888
22,0.7916899919509888
23,0.7916899919509888
24,0.7916899919509888
25,0.7916899919509888
26,0.7916899919509888
27,0.7916899919509888
28,0.7916899919509888
29,0.7916899919509888
30,0.7916899919509888
31,0.7916899919509888
32,0.7916899919509888
33,0.7916899919509888
34,0.7916899919509888
35,0.7916899919509888
36,0.7916899919509888
37,0.7916899919509888
38,0.7916899919509888
39,0.7916899919509888
40,0.7916899919509888
41,0.7916899919509888
42,0.7916899919509888
43,0.7916899919509888
44,0.7916899919509888
45,0.791701078414917
46,0.791701078414917
47,0.791701078414917
48,0.791701078414917
49,0.7952151298522949
50,0.7952151298522949
51,0.7952151298522949
52,0.7952151298522949
53,0.7952151298522949
54,0.7952151298522949
55,0.7952151298522949
56,0.7952151298522949
57,0.7952151298522949
58,0.7952151298522949
59,0.7952151298522949
60,0.7952151298522949
61,0.7952151298522949
62,0.7952151298522949
63,0.7952151298522949
64,0.7952151298522949
65,0.7952151298522949
66,0.7952151298522949
67,0.7952151298522949
68,0.7952151298522949
69,0.7952151298522949
70,0.7952151298522949
71,0.7952151298522949
72,0.7952151298522949
73,0.7952151298522949
74,0.7952151298522949
75,0.7952151298522949
76,0.7952151298522949
77,0.7952151298522949
78,0.7952151298522949
79,0.7952151298522949
80,0.7952151298522949
81,0.7952151298522949
82,0.7952151298522949
83,0.7952151298522949
84,0.7952151298522949
85,0.7952151298522949
86,0.7952151298522949
87,0.7952151298522949
88,0.7952151298522949
89,0.7952151298522949
90,0.7952151298522949
91,0.7952151298522949
92,0.7952151298522949
93,0.7952151298522949
94,0.7952151298522949
95,0.7952151298522949
96,0.7952151298522949
97,0.7952151298522949
98,0.7952151298522949
99,0.7952151298522949
100,0.7952151298522949
