Generation, Fitness
0,0.7845507860183716
1,0.7845507860183716
2,0.7845507860183716
3,0.7845507860183716
4,0.7938517332077026
5,0.7938517332077026
6,0.7938517332077026
7,0.7938517332077026
8,0.7938517332077026
9,0.7938517332077026
10,0.7938517332077026
11,0.7938517332077026
12,0.7938517332077026
13,0.7938517332077026
14,0.8076655864715576
15,0.8076655864715576
16,0.8076655864715576
17,0.8076655864715576
18,0.8076655864715576
19,0.8076655864715576
20,0.8076655864715576
21,0.8076655864715576
22,0.8076655864715576
23,0.8076655864715576
24,0.8076655864715576
25,0.8076655864715576
26,0.8076655864715576
27,0.8076655864715576
28,0.8076655864715576
29,0.8076655864715576
30,0.8076655864715576
31,0.8076655864715576
32,0.8076655864715576
33,0.8076655864715576
34,0.8076655864715576
35,0.8076655864715576
36,0.8076655864715576
37,0.8076655864715576
38,0.8076655864715576
39,0.8076655864715576
40,0.8076655864715576
41,0.8076655864715576
42,0.8076655864715576
43,0.8076655864715576
44,0.8076655864715576
45,0.8076655864715576
46,0.8076655864715576
47,0.8076655864715576
48,0.8076655864715576
49,0.8076655864715576
50,0.8076655864715576
51,0.8076655864715576
52,0.8076655864715576
53,0.8076655864715576
54,0.8076655864715576
55,0.8076655864715576
56,0.8076655864715576
57,0.8076655864715576
58,0.8076655864715576
59,0.8076655864715576
60,0.8076655864715576
61,0.8076655864715576
62,0.8076655864715576
63,0.8076655864715576
64,0.8076655864715576
65,0.8076655864715576
