Train AUROC, Train AUPRC, Test AUROC, Test AUPRC, Execution Time
1.0,1.0,0.6995800714285714,0.5276465714285712
1.0,1.0,0.6669002857142857,0.5171751428571428
0.9999990714285715,0.9999947857142856,0.681166,0.5209033571428572
0.9999993571428571,0.999999,0.47902821428571424,0.3277036428571428
0.9999972142857142,0.9999957142857143,0.46801978571428565,0.3279784285714286
0.9999997857142857,0.9999995,0.48843085714285717,0.33707185714285715
0.9999967857142857,0.9999953571428571,0.5360557857142857,0.3445890714285714
0.9999977857142858,0.9999969285714286,0.4967132142857143,0.3182552857142857
0.9999995714285715,0.9999992857142858,0.4701342857142857,0.3170807857142857
0.9999998571428571,0.9999998571428571,0.5093268571428572,0.326478
0.9999997857142857,0.9999996428571428,0.5081667857142859,0.32186064285714283
0.9999990714285715,0.9999982142857143,0.49851842857142864,0.3347619285714286
0.9999981428571428,0.9999975,0.4794071428571428,0.3201781428571429
0.9999987857142859,0.9999979999999999,0.5075617142857143,0.32289878571428565
0.9999987857142857,0.9999982857142857,0.6059102857142857,0.44259164285714286
0.9999988571428571,0.999997857142857,0.5011940714285713,0.3342215
0.9999963571428571,0.9999935714285714,0.5490583571428572,0.36843721428571424
0.9999989285714285,0.9999985714285715,0.486739,0.3289652142857143
0.999999,0.9999980714285714,0.6947930000000001,0.5249780714285714
0.9999994285714287,0.9999988571428572,0.48650364285714287,0.3180475
0.9999997857142856,0.9999997142857142,0.49785007142857146,0.3268427857142857
0.9999996428571428,0.9999991428571429,0.49075221428571425,0.31635471428571427
