Train AUROC, Train AUPRC, Test AUROC, Test AUPRC, Execution Time
0.9999970000000001,0.9999954285714285,0.5033059285714285,0.3367122142857143
0.9999984285714286,0.9999973571428572,0.5072074285714285,0.340159
0.9999984285714286,0.9999965714285715,0.5134300714285714,0.34889371428571436
0.9999985714285715,0.9999975,0.5422229285714286,0.35588849999999994
0.9999997857142857,0.9999997142857142,0.6270296428571429,0.4441376428571429
0.9999997142857142,0.9999995714285715,0.5176837142857142,0.32927614285714285
0.9999992857142858,0.9999987142857142,0.5093237142857143,0.33490850000000005
0.9999987857142857,0.9999982142857142,0.5147234285714286,0.32469078571428567
0.9999944999999999,0.9999909285714287,0.47103550000000005,0.3117717857142857
0.9999929999999999,0.9999904285714286,0.5128625,0.32648350000000004
0.9999979285714288,0.9999966428571428,0.4746548571428571,0.3200928571428571
0.9999999285714286,0.9999997857142857,0.4815154285714286,0.3218296428571429
0.9999977857142855,0.9999967857142857,0.5196121428571429,0.3316840714285715
0.9999993571428573,0.9999988571428571,0.5048035714285714,0.32237857142857135
0.9999975714285716,0.9999960714285713,0.5544248571428572,0.367047
0.9999996428571428,0.9999995,0.5286222142857143,0.3309366428571429
0.9999972142857143,0.9999947857142857,0.7104335714285714,0.5237335714285714
0.9999996428571428,0.9999992857142859,0.4692103571428571,0.3127660714285714
0.9999991428571429,0.9999987857142857,0.46071850000000003,0.3099355714285715
0.9999990714285715,0.9999987142857142,0.4887496428571429,0.3187231428571428
0.9999982857142857,0.9999972857142857,0.49475014285714286,0.3147612142857143
0.9999991428571429,0.9999987857142859,0.509419142857143,0.3210030714285715
0.9999992857142858,0.9999987857142857,0.5208021428571429,0.325055
