Train AUROC, Train AUPRC, Test AUROC, Test AUPRC, Execution Time
0.9999887142857142,0.9999854285714287,0.5229037857142858,0.35265885714285716
0.9999985,0.9999967857142857,0.6282532142857142,0.4267172142857142
0.9999985,0.9999973571428571,0.47626500000000005,0.32425792857142854
0.9999991428571429,0.9999986428571429,0.6788512142857143,0.5063085714285714
0.9999999285714285,0.9999998571428571,0.5098800714285715,0.32751978571428575
0.9999984285714286,0.9999972857142857,0.48322335714285714,0.3170579285714286
0.9999985714285715,0.9999977142857144,0.5136939285714286,0.3296131428571429
0.9999995714285715,0.9999992857142858,0.4558985714285715,0.3150514285714286
0.9999997142857143,0.9999996428571428,0.49606135714285715,0.3256725
0.9999994285714287,0.999999142857143,0.5328918571428571,0.3621451428571429
0.9999985714285715,0.9999978571428573,0.5770066428571429,0.39686757142857143
0.9999986428571427,0.999998,0.4760520714285713,0.3124922857142857
0.9999995714285713,0.9999993571428573,0.4690707857142857,0.31496799999999997
0.999999,0.9999985,0.47181542857142855,0.31646871428571427
0.9999992857142858,0.9999987857142857,0.5672425,0.3932923571428571
0.9999997857142857,0.9999997142857142,0.47410307142857144,0.31113578571428574
0.9999953571428571,0.9999934285714287,0.4940178571428571,0.3215816428571428
0.9999995714285713,0.9999992857142858,0.5063214285714286,0.32581364285714287
