Train AUROC, Train AUPRC, Test AUROC, Test AUPRC, Execution Time
0.9999996428571428,0.9999992857142856,0.48077871428571434,0.32936
0.9999983571428571,0.9999972857142857,0.5121793571428571,0.34407578571428565
0.9999998571428571,0.9999997857142857,0.5079934285714286,0.31916
0.999999,0.9999982857142857,0.4873598571428571,0.31474957142857146
0.9999962857142857,0.9999947857142857,0.4844301428571428,0.3119294285714286
0.9999982142857142,0.9999974285714285,0.4900795714285714,0.3207683571428572
0.9999993571428573,0.9999990714285715,0.48442485714285727,0.31609292857142857
0.9999994285714287,0.9999987857142857,0.6801315,0.5136672142857143
0.9999996428571428,0.9999995,0.4730092142857143,0.31340271428571426
0.9999977857142859,0.9999968571428572,0.4758489285714285,0.32034192857142857
0.9999991428571429,0.9999987142857142,0.5121328571428572,0.34102828571428573
0.999997785714286,0.9999969285714287,0.5527304285714286,0.3636263571428571
0.9999977142857144,0.9999967857142856,0.48639114285714286,0.318105
0.9999992857142858,0.9999985,0.47321571428571424,0.32493449999999996
0.9999975000000001,0.9999965000000001,0.5385754285714286,0.3426087857142857
0.9999982142857142,0.9999974285714286,0.4872093571428571,0.3222007142857143
