AUROC,AUPRC,Executio Time
0.6876045,0.49975157142857146,
0.6876045,0.49975157142857146,
0.6876045,0.49975157142857146,
0.6876045,0.49975157142857146,
0.6876045,0.49975157142857146,
=average(A2:A6),=average(B2:B6),=average(C2:C6),=average(D2:D6)
