MAE,MSE,RMSE,Execution Time
0.7839487499999999,6.1806575,2.06389875,473.0
