AUROC,AUPRC
0.6087034285714286,0.4857142857142857,
=average(A2:A2),=average(B2:B2),=average(C2:C2)
