Train AUROC, Train AUPRC, Test AUROC, Test AUPRC, Execution Time
1.0,1.0,0.8907878947368422,0.5952864736842106
0.9999963684210527,0.9999748947368421,0.8806944736842105,0.533434052631579
0.9999947368421053,0.9999403157894736,0.6650777368421054,0.12873773684210524
1.0,1.0,0.893266052631579,0.5772017368421052
1.0,1.0,0.6918851052631578,0.168466
1.0,1.0,0.6326609473684212,0.12777352631578945
1.0,1.0,0.7221394736842104,0.2516441052631579
1.0,1.0,0.6269427894736842,0.1359526842105263
1.0,1.0,0.677818052631579,0.14971563157894738
1.0,1.0,0.6373914736842107,0.1068948947368421
1.0,1.0,0.6930377368421053,0.1510686315789474
1.0,1.0,0.6774762105263159,0.09611278947368421
1.0,1.0,0.636655947368421,0.09352221052631579
0.9999985263157894,0.9999924210526316,0.8977294736842104,0.520165947368421
1.0,1.0,0.6598657894736842,0.09920736842105264
1.0,1.0,0.6549592105263158,0.12810673684210527
1.0,1.0,0.7132451052631579,0.21235963157894736
1.0,1.0,0.6787357368421054,0.10165378947368423
1.0,1.0,0.6501304736842105,0.1113411052631579
1.0,1.0,0.707115210526316,0.21090721052631578
0.9999981578947368,0.9999872631578948,0.6828613684210527,0.12444668421052632
1.0,1.0,0.7061493684210527,0.1815856315789474
1.0,1.0,0.6639747368421053,0.10684436842105263
