Train AUROC, Train AUPRC, Test AUROC, Test AUPRC, Execution Time
0.999995894736842,0.9999629473684211,0.8907841578947369,0.5752534210526316
0.999992894736842,0.9999275789473684,0.6803951578947368,0.11420168421052632
0.9999867894736842,0.9998451052631578,0.896888,0.5438132631578948
1.0,1.0,0.8964655263157896,0.4724985789473684
0.9999981578947368,0.9999872631578948,0.6751302631578948,0.08896857894736843
0.9999956315789473,0.9999769473684209,0.8854529473684212,0.4980191578947369
1.0,1.0,0.6808219999999999,0.13649747368421056
1.0,1.0,0.7194928421052633,0.14698584210526314
1.0,1.0,0.6922864210526316,0.12592736842105265
1.0,1.0,0.6523260000000001,0.09299573684210526
1.0,1.0,0.6988239473684211,0.1608611052631579
1.0,1.0,0.5955248947368421,0.09656863157894736
1.0,1.0,0.6702677368421053,0.14818684210526317
1.0,1.0,0.6961716315789473,0.14702494736842103
1.0,1.0,0.7159537894736843,0.16942315789473686
1.0,1.0,0.643649,0.15086205263157892
0.9999924736842104,0.9999123157894737,0.8801122631578945,0.44733684210526325
1.0,1.0,0.7090671578947368,0.1463091578947368
1.0,1.0,0.6990898421052631,0.1207864210526316
