Generation, Fitness
0,0.6430333852767944
1,0.6508366465568542
2,0.6508366465568542
3,0.6508366465568542
4,0.6508366465568542
5,0.6508366465568542
6,0.6508366465568542
7,0.6508366465568542
8,0.6508366465568542
9,0.6508366465568542
10,0.6508366465568542
11,0.6508366465568542
12,0.6508366465568542
13,0.6508366465568542
14,0.6508366465568542
15,0.6508366465568542
16,0.6508366465568542
17,0.6508366465568542
18,0.6508366465568542
19,0.6508366465568542
20,0.6508366465568542
21,0.6508366465568542
22,0.6508366465568542
23,0.6508366465568542
24,0.6508366465568542
25,0.6508366465568542
26,0.6508366465568542
27,0.6508366465568542
28,0.6508366465568542
29,0.6508366465568542
30,0.6508366465568542
31,0.6508366465568542
32,0.6508366465568542
33,0.6508366465568542
34,0.6508366465568542
35,0.6508366465568542
36,0.6508366465568542
37,0.6508366465568542
38,0.6508366465568542
39,0.6508366465568542
40,0.6508366465568542
41,0.6508366465568542
42,0.6508366465568542
43,0.6508366465568542
44,0.6508366465568542
45,0.6508366465568542
46,0.6508366465568542
47,0.6508366465568542
48,0.6508366465568542
49,0.6508366465568542
50,0.6508366465568542
51,0.6508366465568542
52,0.6508366465568542
