AUROC,AUPRC
0.39637085714285714,0.2983019285714286,
=average(A2:A2),=average(B2:B2),=average(C2:C2)
