Generation, Fitness
0,0.7984246611595154
1,0.8042396903038025
2,0.8042396903038025
3,0.8042396903038025
4,0.8042396903038025
5,0.8042396903038025
6,0.8042396903038025
7,0.8174803256988525
8,0.8174803256988525
9,0.8174803256988525
10,0.8174803256988525
11,0.8362197875976562
12,0.8362197875976562
13,0.8362197875976562
14,0.8362197875976562
15,0.8362197875976562
16,0.8362197875976562
17,0.8362197875976562
18,0.8362197875976562
19,0.8362197875976562
20,0.8362197875976562
21,0.8362197875976562
22,0.8362197875976562
23,0.8362197875976562
24,0.8362197875976562
25,0.8362197875976562
26,0.8362197875976562
27,0.8362197875976562
28,0.8362197875976562
29,0.8362197875976562
30,0.8362197875976562
31,0.8362197875976562
32,0.8362197875976562
33,0.8362197875976562
34,0.8362197875976562
35,0.8362197875976562
36,0.8362197875976562
37,0.8362197875976562
38,0.8362197875976562
39,0.8362197875976562
40,0.8362197875976562
41,0.8362197875976562
42,0.8362197875976562
