AUROC,AUPRC,Executio Time
0.6535608421052632,0.256215947368421,
0.5974172631578947,0.20507505263157896,
0.6602417368421052,0.23742352631578945,
0.6709886842105263,0.27089952631578945,
0.7284354210526316,0.262973,
=average(A2:A6),=average(B2:B6),=average(C2:C6),=average(D2:D6)
