Train AUROC,Validation AUROC,Test AUROC,Train AUPRC,Validation AUPRC,Test AUPRC, Execution Time
0.9502999999999999,0.8282408421052633,0.8282408421052633,0.6914958421052629,0.3821855789473685,0.3821855789473685,
0.9432741052631579,0.8282108947368421,0.8282108947368421,0.6520743684210526,0.3930771052631579,0.3930771052631579,
0.9752056842105263,0.8429917368421052,0.8429917368421052,0.802233052631579,0.519628052631579,0.519628052631579,
0.8918904736842105,0.8362197894736842,0.8362197894736842,0.6134135263157896,0.39747189473684214,0.39747189473684214,
0.9755233157894736,0.8289466842105263,0.8289466842105263,0.7623397368421053,0.40244715789473684,0.40244715789473684,
=average(A2:A6),=average(B2:B6),=average(C2:C6),=average(D2:D6),=average(E2:E6),=average(F2:F6),=average(G2:G6)
