AUROC,AUPRC,Executio Time
0.8282408421052633,0.3821855789473685,
0.8282108947368421,0.3930771052631579,
0.8429917368421052,0.519628052631579,
0.8362197894736842,0.39747189473684214,
0.8289466842105263,0.40244715789473684,
=average(A2:A6),=average(B2:B6),=average(C2:C6),=average(D2:D6)
