Generation, Fitness
0,0.8153762817382812
1,0.8153762817382812
2,0.8153762817382812
3,0.8153762817382812
4,0.8153762817382812
5,0.8153762817382812
6,0.8153762817382812
7,0.8153762817382812
8,0.8153762817382812
9,0.8153762817382812
10,0.8153762817382812
11,0.8153762817382812
12,0.8153762817382812
13,0.8153762817382812
14,0.8153762817382812
15,0.8153762817382812
16,0.8153762817382812
17,0.8153762817382812
18,0.8153762817382812
19,0.8153762817382812
20,0.8153762817382812
21,0.8153762817382812
22,0.8153762817382812
23,0.8153762817382812
24,0.8153762817382812
25,0.8153762817382812
26,0.8153762817382812
27,0.8153762817382812
28,0.8153762817382812
29,0.8153762817382812
30,0.8153762817382812
31,0.8153762817382812
32,0.8153762817382812
33,0.8153762817382812
34,0.8153762817382812
35,0.8153762817382812
36,0.8153762817382812
37,0.8153762817382812
38,0.8153762817382812
39,0.8153762817382812
40,0.8153762817382812
41,0.8153762817382812
42,0.8153762817382812
43,0.8153762817382812
44,0.8153762817382812
45,0.8153762817382812
46,0.8153762817382812
47,0.8153762817382812
48,0.8153762817382812
49,0.8153762817382812
50,0.8153762817382812
51,0.8153762817382812
