Generation, Fitness
0,0.7845507860183716
1,0.7845507860183716
2,0.7845507860183716
3,0.7845507860183716
4,0.7845507860183716
5,0.7845507860183716
6,0.7845507860183716
7,0.7845507860183716
8,0.7845507860183716
9,0.7845507860183716
10,0.7845507860183716
11,0.7968350052833557
12,0.7968350052833557
13,0.7968350052833557
14,0.7968350052833557
15,0.7968350052833557
16,0.7968350052833557
17,0.7968350052833557
18,0.7968350052833557
19,0.7968350052833557
20,0.7968350052833557
21,0.7968350052833557
22,0.7968350052833557
23,0.7968350052833557
24,0.7968350052833557
25,0.7968350052833557
26,0.7968350052833557
27,0.7968350052833557
28,0.7980156540870667
29,0.7980156540870667
30,0.7980156540870667
31,0.7980156540870667
32,0.7980156540870667
33,0.7980156540870667
34,0.7980156540870667
35,0.7980156540870667
36,0.7980156540870667
37,0.7980156540870667
38,0.7980156540870667
39,0.7980156540870667
40,0.7980156540870667
41,0.7980156540870667
42,0.7980156540870667
43,0.7980156540870667
44,0.8128839135169983
45,0.8128839135169983
46,0.8128839135169983
47,0.8128839135169983
48,0.8128839135169983
49,0.8128839135169983
50,0.8128839135169983
51,0.8128839135169983
52,0.8128839135169983
53,0.8128839135169983
54,0.8128839135169983
55,0.8128839135169983
56,0.8128839135169983
57,0.8128839135169983
58,0.8128839135169983
59,0.8128839135169983
60,0.8128839135169983
61,0.8128839135169983
62,0.8128839135169983
63,0.8128839135169983
64,0.8128839135169983
65,0.8128839135169983
66,0.8128839135169983
67,0.8128839135169983
68,0.8128839135169983
69,0.8128839135169983
70,0.8128839135169983
71,0.8128839135169983
72,0.8128839135169983
73,0.8128839135169983
74,0.8128839135169983
75,0.8128839135169983
76,0.8128839135169983
77,0.8128839135169983
78,0.8128839135169983
79,0.8128839135169983
80,0.8128839135169983
81,0.8128839135169983
82,0.8128839135169983
83,0.8128839135169983
84,0.8128839135169983
85,0.8128839135169983
86,0.8128839135169983
87,0.8128839135169983
88,0.8128839135169983
89,0.8128839135169983
90,0.8128839135169983
91,0.8128839135169983
92,0.8128839135169983
93,0.8128839135169983
94,0.8128839135169983
95,0.8128839135169983
