AUROC,AUPRC,Executio Time
0.7465374736842105,0.38155926315789473,
0.6035567894736842,0.19809057894736845,
0.6697778421052631,0.31382552631578947,
0.6939573684210527,0.3047789473684211,
0.7491358947368422,0.3472491052631579,
=average(A2:A6),=average(B2:B6),=average(C2:C6),=average(D2:D6)
