AUROC,AUPRC,Execution Time
0.671090432620321,0.07006368395721926,26905.6
