Generation, Fitness
0,0.811253547668457
1,0.8115384578704834
2,0.8115384578704834
3,0.8115384578704834
4,0.8115384578704834
5,0.8115384578704834
6,0.8115384578704834
7,0.8115384578704834
8,0.8115384578704834
9,0.8115384578704834
10,0.8126780986785889
11,0.8126780986785889
12,0.8126780986785889
13,0.8126780986785889
14,0.8132478594779968
15,0.8132478594779968
16,0.8135327696800232
17,0.8135327696800232
18,0.8135327696800232
19,0.8135327696800232
20,0.8135327696800232
21,0.8135327696800232
22,0.8135327696800232
23,0.8135327696800232
24,0.8135327696800232
25,0.8135327696800232
26,0.8135327696800232
27,0.8135327696800232
28,0.8135327696800232
29,0.8135327696800232
30,0.8135327696800232
31,0.8135327696800232
32,0.8135327696800232
33,0.8135327696800232
34,0.8135327696800232
35,0.8135327696800232
36,0.8135327696800232
37,0.8135327696800232
38,0.8135327696800232
39,0.8135327696800232
40,0.8135327696800232
41,0.8135327696800232
42,0.8135327696800232
43,0.8135327696800232
44,0.8135327696800232
45,0.8135327696800232
46,0.8135327696800232
47,0.8135327696800232
48,0.8135327696800232
49,0.8135327696800232
50,0.8135327696800232
51,0.8135327696800232
52,0.8135327696800232
53,0.8135327696800232
54,0.8135327696800232
55,0.8135327696800232
56,0.8135327696800232
57,0.8135327696800232
58,0.8135327696800232
59,0.8135327696800232
60,0.8135327696800232
61,0.8135327696800232
62,0.8135327696800232
63,0.8135327696800232
64,0.8135327696800232
65,0.8135327696800232
66,0.8135327696800232
67,0.8135327696800232
