Generation, Fitness
0,0.8106837868690491
1,0.811253547668457
2,0.811253547668457
3,0.8118233680725098
4,0.8118233680725098
5,0.8118233680725098
6,0.8118233680725098
7,0.8123931288719177
8,0.8123931288719177
9,0.8123931288719177
10,0.8126780986785889
11,0.8126780986785889
12,0.8126780986785889
13,0.8126780986785889
14,0.8126780986785889
15,0.8152421712875366
16,0.8152421712875366
17,0.8152421712875366
18,0.8152421712875366
19,0.8152421712875366
20,0.8152421712875366
21,0.8152421712875366
22,0.8152421712875366
23,0.8152421712875366
24,0.8152421712875366
25,0.8152421712875366
26,0.8152421712875366
27,0.8152421712875366
28,0.8152421712875366
29,0.8152421712875366
30,0.8152421712875366
31,0.8152421712875366
32,0.8152421712875366
33,0.8152421712875366
34,0.8152421712875366
35,0.8152421712875366
36,0.8152421712875366
37,0.8152421712875366
38,0.8152421712875366
39,0.8152421712875366
40,0.8152421712875366
41,0.8152421712875366
42,0.8152421712875366
43,0.8152421712875366
44,0.8152421712875366
45,0.8152421712875366
46,0.8152421712875366
47,0.8152421712875366
48,0.8152421712875366
49,0.8152421712875366
50,0.8152421712875366
51,0.8152421712875366
52,0.8152421712875366
53,0.8152421712875366
54,0.8152421712875366
55,0.8152421712875366
56,0.8152421712875366
57,0.8152421712875366
58,0.8152421712875366
59,0.8152421712875366
60,0.8152421712875366
61,0.8152421712875366
62,0.8152421712875366
63,0.8152421712875366
64,0.8152421712875366
65,0.8152421712875366
66,0.8152421712875366
