Generation, Fitness
0,0.8121082782745361
1,0.8121082782745361
2,0.8121082782745361
3,0.8121082782745361
4,0.8121082782745361
5,0.8121082782745361
6,0.8121082782745361
7,0.8121082782745361
8,0.8121082782745361
9,0.8121082782745361
10,0.8121082782745361
11,0.8121082782745361
12,0.8121082782745361
13,0.8121082782745361
14,0.8121082782745361
15,0.8121082782745361
16,0.8121082782745361
17,0.8123931288719177
18,0.8123931288719177
19,0.8123931288719177
20,0.8126780986785889
21,0.8126780986785889
22,0.8126780986785889
23,0.8126780986785889
24,0.8132478594779968
25,0.8132478594779968
26,0.8132478594779968
27,0.8132478594779968
28,0.8132478594779968
29,0.8132478594779968
30,0.8132478594779968
31,0.8132478594779968
32,0.8132478594779968
33,0.8132478594779968
34,0.8132478594779968
35,0.8132478594779968
36,0.8132478594779968
37,0.8138176798820496
38,0.8138176798820496
39,0.8138176798820496
40,0.8138176798820496
41,0.8138176798820496
42,0.8138176798820496
43,0.8138176798820496
44,0.8138176798820496
45,0.8138176798820496
46,0.8141025304794312
47,0.8141025304794312
48,0.8141025304794312
49,0.8141025304794312
50,0.8141025304794312
51,0.8141025304794312
52,0.8141025304794312
53,0.8141025304794312
54,0.8141025304794312
55,0.8141025304794312
56,0.8141025304794312
57,0.8141025304794312
58,0.8141025304794312
59,0.8141025304794312
60,0.8141025304794312
61,0.8141025304794312
62,0.8141025304794312
63,0.8141025304794312
64,0.8141025304794312
65,0.8141025304794312
66,0.8141025304794312
67,0.8141025304794312
68,0.8141025304794312
69,0.8141025304794312
70,0.8141025304794312
71,0.8141025304794312
72,0.8141025304794312
73,0.8141025304794312
74,0.8141025304794312
75,0.8141025304794312
76,0.8141025304794312
77,0.8141025304794312
78,0.8141025304794312
79,0.8141025304794312
80,0.8141025304794312
81,0.8141025304794312
82,0.8141025304794312
83,0.8141025304794312
84,0.8141025304794312
85,0.8141025304794312
86,0.8141025304794312
87,0.8141025304794312
88,0.8141025304794312
89,0.8141025304794312
90,0.8141025304794312
91,0.8141025304794312
92,0.8141025304794312
93,0.8141025304794312
94,0.8141025304794312
95,0.8141025304794312
96,0.8141025304794312
97,0.8141025304794312
