Train AUROC,Validation AUROC,Test AUROC,Train AUPRC,Validation AUPRC,Test AUPRC
0.9970317407407407,0.43226111111111115,0.4583903333333334,0.10265988888888887,0.046015814814814815,0.0482605925925926,
=average(A2:A2),=average(B2:B2),=average(C2:C2),=average(D2:D2),=average(E2:E2),=average(F2:F2)
