AUROC,AUPRC,Executio Time
0.8584166296296296,0.7300004074074075,
0.8703703703703703,0.7418631111111111,
0.865906925925926,0.736026962962963,
0.8706552592592592,0.7418717407407407,
0.8703703703703703,0.7418631111111111,
=average(A2:A6),=average(B2:B6),=average(C2:C6),=average(D2:D6)
