Train AUROC,Validation AUROC,Test AUROC,Train AUPRC,Validation AUPRC,Test AUPRC, Execution Time
0.942273851851852,0.8152421481481482,0.8703703703703703,0.8337128518518517,0.6218083703703704,0.7418631111111111,
0.9602982962962961,0.8135327777777778,0.8868945925925926,0.8370072592592591,0.6216256296296296,0.7459315555555556,
0.9446901851851851,0.8166666666666667,0.8709401851851851,0.8396665185185186,0.6220227037037037,0.7418806296296296,
0.9434934074074074,0.8155270740740741,0.8703703703703703,0.8393260370370369,0.6218457037037036,0.7418631111111111,
0.9449683333333333,0.8141025555555556,0.8712250740740741,0.8380357407407407,0.6216797777777778,0.7418898148148148,
=average(A2:A6),=average(B2:B6),=average(C2:C6),=average(D2:D6),=average(E2:E6),=average(F2:F6),=average(G2:G6)
