AUROC,AUPRC
0.4583903333333334,0.0482605925925926,
=average(A2:A2),=average(B2:B2),=average(C2:C2)
