AUROC,AUPRC,Executio Time
0.7114144285714286,0.6917677142857143,
0.7114144285714286,0.6917677142857143,
0.7114144285714286,0.6917677142857143,
0.7114144285714286,0.6917677142857143,
=average(A2:A6),=average(B2:B6),=average(C2:C6),=average(D2:D6)
