AUROC,AUPRC,Executio Time
0.671987052631579,0.2518532631578947,
0.6416417368421052,0.23817852631578953,
0.6449264210526315,0.24132852631578947,
0.7695106315789474,0.3022377894736842,
0.7447228947368422,0.21276015789473682,
=average(A2:A6),=average(B2:B6),=average(C2:C6),=average(D2:D6)
