AUROC,AUPRC,Execution Time
0.6055331300000001,0.40256630428571427,69.32000000000001
