Generation, Fitness
0,0.7845507860183716
1,0.7845507860183716
2,0.7845507860183716
3,0.7845507860183716
4,0.7845507860183716
5,0.7845507860183716
6,0.7845507860183716
7,0.7845507860183716
8,0.7845507860183716
9,0.7845507860183716
10,0.7845507860183716
11,0.7845507860183716
12,0.7845507860183716
13,0.7888208031654358
14,0.7888208031654358
15,0.7888208031654358
16,0.7888208031654358
17,0.7888208031654358
18,0.7888208031654358
19,0.7888208031654358
20,0.7888208031654358
21,0.7888208031654358
22,0.7888208031654358
23,0.7888208031654358
24,0.7888208031654358
25,0.7888208031654358
26,0.7888208031654358
27,0.7888208031654358
28,0.7888208031654358
29,0.7888208031654358
30,0.7888208031654358
31,0.7888208031654358
32,0.7888208031654358
33,0.7888208031654358
34,0.7888208031654358
35,0.7888208031654358
36,0.7888208031654358
37,0.7888208031654358
38,0.7888208031654358
39,0.7888208031654358
40,0.7888208031654358
41,0.7888208031654358
42,0.7888208031654358
43,0.7888208031654358
44,0.7888208031654358
45,0.7888208031654358
46,0.7888208031654358
47,0.7888208031654358
48,0.7888208031654358
49,0.7888208031654358
50,0.7888208031654358
51,0.7888208031654358
52,0.7888208031654358
53,0.7888208031654358
54,0.7888208031654358
55,0.7888208031654358
56,0.7888208031654358
57,0.7888208031654358
58,0.7888208031654358
59,0.7888208031654358
60,0.7888208031654358
61,0.7888208031654358
62,0.7888208031654358
63,0.7888208031654358
64,0.7888208031654358
