Generation, Fitness
0,9907.80448125
1,9908.458925
2,9909.3865625
3,9909.3865625
4,9909.82296875
5,9909.82296875
6,9909.82296875
7,9909.82296875
8,9910.527475
9,9910.527475
10,9910.527475
11,9910.527475
12,9910.527475
13,9910.527475
14,9910.527475
15,9910.527475
16,9910.527475
17,9910.527475
18,9910.527475
19,9910.527475
20,9910.527475
21,9910.527475
22,9910.527475
23,9910.527475
24,9910.527475
25,9910.527475
26,9910.527475
27,9910.527475
28,9910.527475
29,9910.527475
30,9910.527475
31,9910.527475
32,9910.527475
33,9910.527475
34,9910.527475
35,9910.527475
36,9910.527475
37,9910.527475
38,9910.527475
39,9910.527475
