Generation, Fitness
0,9908.36056875
1,9908.92163125
2,9910.0104375
3,9910.0104375
4,9910.0104375
5,9910.652475
6,9910.652475
7,9910.652475
8,9910.652475
9,9910.652475
10,9910.652475
11,9910.745225
12,9910.745225
13,9910.745225
14,9910.745225
15,9910.745225
16,9910.745225
17,9910.745225
18,9910.745225
19,9910.745225
20,9910.745225
21,9910.745225
22,9911.073825
23,9911.073825
24,9911.073825
25,9911.073825
26,9911.073825
27,9911.073825
28,9911.073825
29,9911.073825
30,9911.073825
31,9911.073825
32,9911.073825
33,9911.073825
34,9911.073825
35,9911.073825
36,9911.073825
37,9911.073825
38,9911.073825
39,9911.073825
40,9911.073825
41,9911.073825
42,9911.073825
43,9911.073825
44,9911.073825
45,9911.073825
46,9911.073825
47,9911.073825
48,9911.073825
49,9911.073825
50,9911.073825
51,9911.073825
52,9911.073825
53,9911.073825
