MAE,MSE,RMSE,Execution Time
57.06304375,7882.004387499999,87.409975,
52.19647499999999,6813.2847249999995,81.00498750000001,
56.64766875,8078.982606249998,87.57598124999998,
53.3250375,7202.987243749999,83.61401250000002,
54.024918750000005,7084.282649999999,82.63917500000001,
=average(A2:A6),=average(B2:B6),=average(C2:C6),=average(D2:D6)
