Train MAE,Validation MAE,Test MAE,Train MSE,Validation MSE,Test MSE,Train RMSE,Validation RMSE,Test RMSE,Execution Time
54.03674375,88.95543125000002,90.613675,7264.090806249999,20850.217293750004,21778.909975000002,83.41036249999999,142.64208749999997,146.16078749999997,
53.794287499999996,90.26190000000001,88.92617499999999,7042.071674999999,21425.0846125,20624.124718749998,82.82305000000001,144.18808125,142.26014374999997,
55.940168750000005,88.73693750000001,88.85461875,7409.262018749999,20960.28614375,20516.675775000003,85.51785000000001,142.73035000000002,141.71395625000002,
51.93923125,91.01746875,89.65750624999998,6685.6572375,21453.98865,20854.514568749997,80.35623125,144.7159125,143.18769999999998,
52.09881875000001,91.3163375,89.47252499999999,6846.808999999999,21840.389124999998,20787.8198375,80.76166875,146.17239999999998,143.10273750000002,
=average(A2:A6),=average(B2:B6),=average(C2:C6),=average(D2:D6),=average(E2:E6),=average(F2:F6),=average(G2:G6)
