MAE,MSE,RMSE,Execution Time
90.613675,21778.909975000002,146.16078749999997,
88.92617499999999,20624.124718749998,142.26014374999997,
88.85461875,20516.675775000003,141.71395625000002,
89.65750624999998,20854.514568749997,143.18769999999998,
89.47252499999999,20787.8198375,143.10273750000002,
=average(A2:A6),=average(B2:B6),=average(C2:C6),=average(D2:D6)
