Train MAE,Validation MAE,Test MAE,Train MSE,Validation MSE,Test MSE,Train RMSE,Validation RMSE,Test RMSE
156.97294374999998,156.97294374999998,599.168725,112716.59419999999,112716.59419999999,6581672.320756251,269.2280375,269.2280375,1486.475275,
=average(A2:A2),=average(B2:B2),=average(C2:C2),=average(D2:D2),=average(E2:E2),=average(F2:F2)
