Train AUROC, Train AUPRC, Test AUROC, Test AUPRC, Execution Time
0.9999979285714286,0.9999969999999999,0.6860964285714285,0.4954461428571428
0.9999845714285714,0.9999799285714285,0.7004115000000001,0.4883892142857142
0.9999994285714287,0.9999989285714286,0.5428153571428572,0.34770342857142855
0.9999990000000001,0.9999985000000001,0.4982144999999999,0.3216517857142857
0.9999965000000001,0.999995142857143,0.5346375,0.33426535714285716
0.9999975714285715,0.9999967142857142,0.5018078571428571,0.32405835714285713
0.9999990714285715,0.9999983571428572,0.5305547142857143,0.32532085714285713
0.9999994285714287,0.9999989285714286,0.6697892142857144,0.4956079285714285
0.9999969999999999,0.9999957857142856,0.47588050000000004,0.32117471428571426
0.999998142857143,0.9999977142857145,0.6767280714285714,0.4954642857142857
0.9999922857142858,0.9999897857142857,0.5058241428571428,0.3285405
0.9999992142857144,0.9999988571428571,0.5353192857142858,0.3322769285714286
0.9999987142857142,0.9999980714285713,0.5047807857142856,0.3262063571428572
0.9999985714285716,0.9999976428571429,0.5119596428571429,0.3291452142857142
0.9999994285714285,0.9999989285714285,0.4873423571428571,0.31893671428571435
0.9999950714285715,0.9999930714285714,0.5189547857142857,0.33314885714285714
0.9999985,0.9999969285714284,0.5084556428571428,0.3488829285714286
0.9999994285714285,0.9999990714285715,0.5010242142857143,0.3252592142857143
