Train AUROC, Train AUPRC, Test AUROC, Test AUPRC, Execution Time
0.9999977142857144,0.9999955,0.5953737142857143,0.40154978571428573
0.9999958571428572,0.9999942142857142,0.49739600000000006,0.3404057142857143
0.9999987857142857,0.9999977857142859,0.5031551428571428,0.3332913571428572
0.9999995,0.999999,0.4907748571428571,0.3194770714285714
0.9999973571428572,0.9999960714285713,0.4937659285714285,0.3216895714285714
0.9999999285714285,0.9999999285714285,0.5661917857142857,0.3742196428571428
0.9999995,0.9999991428571429,0.4863249999999999,0.32028578571428573
0.9999997142857142,0.9999995,0.5169044285714285,0.32344214285714284
0.9999994285714285,0.9999989285714287,0.5186707142857143,0.333698
0.9999962857142858,0.999995,0.5262602857142856,0.3242233571428571
0.9999992142857143,0.9999989285714286,0.5370830000000001,0.3283470714285714
0.9999987142857144,0.9999982857142858,0.5101833571428572,0.3216742857142857
0.9999968571428572,0.9999957142857143,0.5099359285714286,0.33269985714285716
0.9999983571428572,0.9999975000000001,0.5132879285714287,0.3266924285714286
