Train AUROC, Train AUPRC, Test AUROC, Test AUPRC, Execution Time
1.0,1.0,0.6899424999999999,0.48539357142857137
0.9999975714285715,0.9999965714285715,0.6900711428571428,0.49332757142857153
0.9999963571428572,0.9999945714285714,0.4667972142857142,0.31978821428571436
0.9999972857142857,0.999996,0.4937141428571429,0.3485944285714286
0.9999987142857144,0.9999977142857143,0.4930687857142857,0.3167624285714285
0.9999974285714286,0.9999961428571428,0.6869065714285714,0.49172949999999993
0.9999992857142858,0.999999,0.4865345714285714,0.30690507142857143
0.9999990714285716,0.9999984285714286,0.5552212857142858,0.37269557142857146
0.9999968571428572,0.9999954285714285,0.5038560714285714,0.32122492857142854
0.9999964285714286,0.9999949285714286,0.5251629285714287,0.3347860714285714
0.9999984285714287,0.9999976428571429,0.51199,0.3262550714285714
0.9999989285714285,0.9999984285714286,0.7001727857142857,0.49026471428571433
0.9999972142857143,0.9999960000000001,0.5172377142857142,0.3320919285714286
0.9999990714285714,0.9999984285714287,0.5046843571428571,0.3244080714285714
0.9999947142857144,0.9999927857142857,0.5171872142857142,0.3251142142857143
0.9999981428571427,0.9999972142857143,0.4896655714285714,0.32380642857142866
0.9999988571428571,0.9999982142857142,0.5180515,0.3308711428571428
0.9999980714285714,0.9999971428571427,0.5065190714285714,0.32203892857142863
0.9999996428571428,0.9999995000000002,0.5106299285714286,0.3214867142857143
0.9999994285714287,0.999999,0.4739971428571429,0.32487228571428567
