AUROC,AUPRC,Executio Time
0.6854378571428572,0.4970075,
0.6749745000000001,0.48601207142857145,
0.6854378571428572,0.4970075,
0.6854378571428572,0.4970075,
0.6854378571428572,0.4970075,
=average(A2:A6),=average(B2:B6),=average(C2:C6),=average(D2:D6)
