Train AUROC, Train AUPRC, Test AUROC, Test AUPRC, Execution Time
0.9949094010695188,0.954380505347593,0.5036963877005346,0.016248080213903737
0.9830608155080212,0.8781749064171128,0.4931075320855615,0.014517192513368993
0.9909204411764704,0.9250287860962573,0.4921690909090907,0.014407299465240648
0.9890567245989309,0.9155684946524063,0.48394663368983953,0.016069673796791452
0.9874897834224601,0.904143224598931,0.48552797860962593,0.014357211229946524
