AUROC,AUPRC,Executio Time
0.774476947368421,0.1941875789473684,
0.774476947368421,0.1941875789473684,
0.774476947368421,0.1941875789473684,
0.774476947368421,0.1941875789473684,
0.774476947368421,0.1941875789473684,
=average(A2:A6),=average(B2:B6),=average(C2:C6),=average(D2:D6)
