Accuracy,F1,WMSEnominal
0.7231638418079096,0.528561,0.9924455972013361,
=average(A2:A2),=average(B2:B2),=average(C2:C2)
