MAE,MSE,RMSE
20.1974375,921.926425,26.811950000000003,
=average(A2:A2),=average(B2:B2),=average(C2:C2)
