Generation, Fitness
0,0.20465737581253052
1,0.20465737581253052
2,0.20465737581253052
3,0.20465737581253052
4,0.20465737581253052
5,0.20465737581253052
6,0.20881721377372742
7,0.21498773992061615
8,0.21498773992061615
9,0.21498773992061615
10,0.21498773992061615
11,0.21498773992061615
12,0.21498773992061615
13,0.21498773992061615
14,0.21498773992061615
15,0.21498773992061615
16,0.21498773992061615
17,0.21498773992061615
18,0.21498773992061615
