AUROC,AUPRC
0.13428594736842103,0.0510122105263158,
=average(A2:A2),=average(B2:B2),=average(C2:C2)
