AUROC,AUPRC,Executio Time
0.851385,0.7288856666666668,
0.851385,0.7288856666666668,
0.851385,0.7288856666666668,
0.851385,0.7288856666666668,
0.851385,0.7288856666666668,
=average(A2:A6),=average(B2:B6),=average(C2:C6),=average(D2:D6)
