AUROC,AUPRC,Executio Time
0.732456,0.7277907142857142,
0.732456,0.7277907142857142,
0.732456,0.7277907142857142,
0.732456,0.7277907142857142,
0.732456,0.7277907142857142,
=average(A2:A6),=average(B2:B6),=average(C2:C6),=average(D2:D6)
