MAE,MSE,RMSE,Execution Time
0.740875,4.119400000000001,1.7737124999999998,
0.7143125,2.8382750000000003,1.4846125,
0.7143125,2.8382750000000003,1.4846125,
0.7143125,2.8382750000000003,1.4846125,
0.7143125,2.8382750000000003,1.4846125,
=average(A2:A6),=average(B2:B6),=average(C2:C6),=average(D2:D6)
