MAE,MSE,RMSE,Execution Time
0.35108750000000005,0.5745375,0.64715,
0.35108750000000005,0.5745375,0.64715,
0.35108750000000005,0.5745375,0.64715,
0.35108750000000005,0.5745375,0.64715,
0.35108750000000005,0.5745375,0.64715,
=average(A2:A6),=average(B2:B6),=average(C2:C6),=average(D2:D6)
