AUROC,AUPRC,Executio Time
0.5969787857142858,0.40885550000000004,
0.5841085,0.39495771428571425,
0.6178289999999999,0.4120105714285715,
0.6163852857142856,0.39025128571428574,
0.5745737857142856,0.37937214285714294,
=average(A2:A6),=average(B2:B6),=average(C2:C6),=average(D2:D6)
