Generation, Fitness
0,0.7845507860183716
1,0.7931858897209167
2,0.7931858897209167
3,0.7995875477790833
4,0.8090553879737854
5,0.8090553879737854
6,0.8090553879737854
7,0.8090553879737854
8,0.8090553879737854
9,0.8244186043739319
10,0.8244186043739319
11,0.8244186043739319
12,0.8244186043739319
13,0.8244186043739319
14,0.8394838571548462
15,0.8394838571548462
16,0.8394838571548462
17,0.8394838571548462
18,0.8394838571548462
19,0.8394838571548462
20,0.8394838571548462
21,0.8394838571548462
22,0.8394838571548462
23,0.8394838571548462
24,0.8394838571548462
25,0.8394838571548462
26,0.8394838571548462
27,0.8394838571548462
28,0.8394838571548462
29,0.8394838571548462
30,0.8394838571548462
31,0.8394838571548462
32,0.8512064814567566
33,0.8512064814567566
34,0.8512064814567566
35,0.8512064814567566
36,0.8535196185112
37,0.8535196185112
38,0.8535196185112
39,0.8535196185112
40,0.8535196185112
41,0.8535196185112
42,0.8535196185112
43,0.8535196185112
44,0.8535196185112
45,0.8535196185112
46,0.8535196185112
47,0.8535196185112
48,0.8535196185112
49,0.8716811537742615
50,0.8723390698432922
51,0.8723390698432922
52,0.8723390698432922
53,0.8723390698432922
54,0.8723390698432922
55,0.8723390698432922
56,0.8723390698432922
57,0.8723390698432922
58,0.8723390698432922
59,0.8723390698432922
60,0.8723390698432922
61,0.8723390698432922
62,0.8723390698432922
63,0.8723390698432922
64,0.8723390698432922
65,0.8723390698432922
66,0.8723390698432922
67,0.8723390698432922
68,0.8723390698432922
69,0.8723390698432922
70,0.8723390698432922
71,0.8723390698432922
72,0.8723390698432922
73,0.8723390698432922
74,0.8723390698432922
75,0.8723390698432922
76,0.8723390698432922
77,0.8723390698432922
78,0.8723390698432922
79,0.8723390698432922
80,0.8723390698432922
81,0.8723390698432922
