Generation, Fitness
0,0.7845507860183716
1,0.7845507860183716
2,0.7845507860183716
3,0.7889283895492554
4,0.8027002811431885
5,0.8153585195541382
6,0.8153585195541382
7,0.8153585195541382
8,0.8153585195541382
9,0.8153585195541382
10,0.8153585195541382
11,0.8153585195541382
12,0.8153585195541382
13,0.8153585195541382
14,0.8153585195541382
15,0.8153585195541382
16,0.8153585195541382
17,0.8316601514816284
18,0.8316601514816284
19,0.8316601514816284
20,0.8316601514816284
21,0.8316601514816284
22,0.8513936400413513
23,0.8513936400413513
24,0.8513936400413513
25,0.8513936400413513
26,0.8513936400413513
27,0.8513936400413513
28,0.8513936400413513
29,0.8513936400413513
30,0.8513936400413513
31,0.8513936400413513
32,0.8513936400413513
33,0.8513936400413513
34,0.8513936400413513
35,0.8513936400413513
36,0.8513936400413513
37,0.8513936400413513
38,0.8513936400413513
39,0.8513936400413513
40,0.8513936400413513
41,0.8513936400413513
42,0.8513936400413513
43,0.8513936400413513
44,0.8513936400413513
45,0.8513936400413513
46,0.8513936400413513
47,0.8513936400413513
48,0.8513936400413513
49,0.8513936400413513
50,0.8513936400413513
51,0.8513936400413513
52,0.8513936400413513
53,0.8513936400413513
