AUROC,AUPRC,Executio Time
0.7516113157894738,0.26611473684210524,
0.6567763684210527,0.15817415789473688,
0.7735923684210526,0.3111574736842105,
0.7819459999999999,0.43938778947368423,
0.7213240000000001,0.3036192631578947,
=average(A2:A6),=average(B2:B6),=average(C2:C6),=average(D2:D6)
