Train AUROC,Validation AUROC,Test AUROC,Train AUPRC,Validation AUPRC,Test AUPRC, Execution Time
0.8426623157894738,0.8356888421052631,0.8356888421052631,0.33441636842105255,0.24945347368421053,0.24945347368421053,
0.8272934736842106,0.8259351052631578,0.8259351052631578,0.45240478947368434,0.324411,0.324411,
0.8994816315789473,0.8170237894736841,0.8170237894736841,0.5302611578947368,0.36332799999999993,0.36332799999999993,
0.8863543684210526,0.8513936315789474,0.8513936315789474,0.554575947368421,0.4236909473684211,0.4236909473684211,
0.8879132631578948,0.872339052631579,0.872339052631579,0.5781488947368421,0.45329657894736847,0.45329657894736847,
=average(A2:A6),=average(B2:B6),=average(C2:C6),=average(D2:D6),=average(E2:E6),=average(F2:F6),=average(G2:G6)
