AUROC,AUPRC,Executio Time
0.8356888421052631,0.24945347368421053,
0.8259351052631578,0.324411,
0.8170237894736841,0.36332799999999993,
0.8513936315789474,0.4236909473684211,
0.872339052631579,0.45329657894736847,
=average(A2:A6),=average(B2:B6),=average(C2:C6),=average(D2:D6)
