Train AUROC, Train AUPRC, Test AUROC, Test AUPRC, Execution Time
0.9999987142857142,0.9999978571428573,0.7145254285714285,0.5210787142857144
0.9999987857142857,0.9999979999999999,0.48608378571428557,0.32071557142857143
0.9999988571428571,0.9999981428571428,0.5601596428571429,0.3578923571428571
0.9999999285714285,0.9999997857142857,0.4808306428571429,0.3193235
1.0,1.0,0.5120940714285716,0.33230921428571436
0.9999985000000001,0.9999974285714286,0.4917261428571429,0.3242597857142857
0.9999995714285715,0.9999994285714285,0.4992095,0.33008149999999997
0.9999967857142859,0.9999952857142859,0.47783971428571437,0.31363850000000004
0.9999995,0.999999,0.4911499285714286,0.32596178571428563
0.9999991428571429,0.9999985714285714,0.5075356428571429,0.3328832857142857
0.9999999285714286,0.9999999285714286,0.5117879285714284,0.3239000714285714
0.9999997142857142,0.9999992857142858,0.4830887857142857,0.3189950714285715
0.9999996428571428,0.9999992142857144,0.5059284999999999,0.3305877857142857
0.9999987857142857,0.9999974285714286,0.5008917857142857,0.33878142857142857
0.9999995714285713,0.9999994285714285,0.5220661428571428,0.3237273571428571
0.9999999285714285,0.9999997857142857,0.5180305000000002,0.3396018571428572
0.999999642857143,0.9999992142857144,0.5190515714285714,0.33748821428571424
0.9999997857142857,0.9999995714285713,0.5159007857142857,0.33215078571428563
0.999997857142857,0.9999961428571428,0.4787047142857143,0.3221513571428571
0.9999983571428571,0.9999976428571429,0.4914942857142857,0.3145098571428571
