AUROC,AUPRC,Executio Time
0.6823319999999999,0.49200528571428565,
0.6823319999999999,0.49200528571428565,
0.6823319999999999,0.49200528571428565,
0.6823319999999999,0.49200528571428565,
0.6823319999999999,0.49200528571428565,
=average(A2:A6),=average(B2:B6),=average(C2:C6),=average(D2:D6)
