MAE,MSE,RMSE,Execution Time
0.59975,2.2577374999999997,1.355175,
0.59975,2.2577374999999997,1.355175,
0.59975,2.2577374999999997,1.355175,
0.59975,2.2577374999999997,1.355175,
0.59975,2.2577374999999997,1.355175,
=average(A2:A6),=average(B2:B6),=average(C2:C6),=average(D2:D6)
