MAE,MSE,RMSE,Execution Time
0.7733249999999999,7.548349999999999,2.1495375,
0.7733249999999999,7.548349999999999,2.1495375,
0.7733249999999999,7.548349999999999,2.1495375,
0.7733249999999999,7.548349999999999,2.1495375,
0.7733249999999999,7.548349999999999,2.1495375,
=average(A2:A6),=average(B2:B6),=average(C2:C6),=average(D2:D6)
