MAE,MSE,RMSE,Execution Time
0.6994125,3.6000375,1.6108000000000002,
0.6878875,3.0423125,1.5016625,
0.6878875,3.0423125,1.5016625,
0.6878875,3.0423125,1.5016625,
0.6878875,3.0423125,1.5016625,
=average(A2:A6),=average(B2:B6),=average(C2:C6),=average(D2:D6)
