AUROC,AUPRC,Execution Time
0.7501782990099011,0.11124575544554453,23666.2
