AUROC,AUPRC,Executio Time
0.7666382857142857,0.7305034285714286,
0.7666382857142857,0.7305034285714286,
0.7666382857142857,0.7305034285714286,
0.7666382857142857,0.7305034285714286,
0.7666382857142857,0.7305034285714286,
=average(A2:A6),=average(B2:B6),=average(C2:C6),=average(D2:D6)
