AUROC,AUPRC,Executio Time
0.800931,0.7652605714285714,
0.7988705714285713,0.7759331428571427,
0.800931,0.7652605714285714,
0.800931,0.7652605714285714,
0.800931,0.7652605714285714,
=average(A2:A6),=average(B2:B6),=average(C2:C6),=average(D2:D6)
