AUROC,AUPRC,Executio Time
0.8740740740740741,0.7420007407407408,
0.8754985925925927,0.7415123333333333,
0.8749287777777778,0.7414814814814815,
0.8760683703703704,0.741545888888889,
0.876923074074074,0.7416020740740741,
=average(A2:A6),=average(B2:B6),=average(C2:C6),=average(D2:D6)
