MAE,MSE,RMSE,Execution Time
0.8365071428571428,1.3644785714285717,1.1344285714285713,
=average(A2:A2),=average(B2:B2),=average(C2:C2),=average(D2:D2)
