Train AUROC,Validation AUROC,Test AUROC,Train AUPRC,Validation AUPRC,Test AUPRC, Execution Time
0.9043594210526315,0.7946502631578948,0.6445418421052631,0.49331752631578957,0.2978933157894737,0.21729331578947375,
0.9309004736842105,0.8373553157894739,0.6721244736842106,0.5822325263157895,0.35135810526315797,0.25000563157894734,
0.8377236842105265,0.8154117368421053,0.582361052631579,0.5307703684210526,0.34776994736842104,0.1866761052631579,
0.8878581052631579,0.8126336315789474,0.6270325789473684,0.5329368947368422,0.3420047894736842,0.19031678947368422,
0.8953775789473681,0.8240662631578948,0.6758105263157895,0.4856083157894736,0.2685597368421052,0.1705677368421053,
=average(A2:A6),=average(B2:B6),=average(C2:C6),=average(D2:D6),=average(E2:E6),=average(F2:F6),=average(G2:G6)
