AUROC,AUPRC,Executio Time
0.6445418421052631,0.21729331578947375,
0.6721244736842106,0.25000563157894734,
0.582361052631579,0.1866761052631579,
0.6270325789473684,0.19031678947368422,
0.6758105263157895,0.1705677368421053,
=average(A2:A6),=average(B2:B6),=average(C2:C6),=average(D2:D6)
