MAE,MSE,RMSE,Execution Time
10.283752478134105,416.8008738581146,17.454445189504384,256156.0
