Generation, Fitness
0,0.7845507860183716
1,0.7845507860183716
2,0.8036734461784363
3,0.8036734461784363
4,0.8036734461784363
5,0.8036734461784363
6,0.8036734461784363
7,0.8036734461784363
8,0.8036734461784363
9,0.8036734461784363
10,0.8036734461784363
11,0.8090590238571167
12,0.8090590238571167
13,0.8090590238571167
14,0.8090590238571167
15,0.8090590238571167
16,0.8090590238571167
17,0.8090590238571167
18,0.8090590238571167
19,0.8090590238571167
20,0.8090590238571167
21,0.8090590238571167
22,0.8090590238571167
23,0.8177610039710999
24,0.8177610039710999
25,0.8177610039710999
26,0.8177610039710999
27,0.8177610039710999
28,0.8177610039710999
29,0.8177610039710999
30,0.8177610039710999
31,0.8177610039710999
32,0.8177610039710999
33,0.8177610039710999
34,0.8177610039710999
35,0.8177610039710999
36,0.8177610039710999
37,0.8177610039710999
38,0.8177610039710999
39,0.8177610039710999
40,0.8177610039710999
41,0.8177610039710999
42,0.8177610039710999
43,0.8177610039710999
44,0.8177610039710999
45,0.8177610039710999
46,0.8177610039710999
47,0.8177610039710999
48,0.8177610039710999
49,0.8177610039710999
50,0.8177610039710999
51,0.8177610039710999
52,0.8177610039710999
53,0.8177610039710999
54,0.8177610039710999
