Generation, Fitness
0,0.7845507860183716
1,0.7845507860183716
2,0.7845507860183716
3,0.7845507860183716
4,0.7845507860183716
5,0.7845507860183716
6,0.7845507860183716
7,0.8020866513252258
8,0.8020866513252258
9,0.8020866513252258
10,0.8020866513252258
11,0.8020866513252258
12,0.8020866513252258
13,0.8069930076599121
14,0.8069930076599121
15,0.8069930076599121
16,0.8069930076599121
17,0.8069930076599121
18,0.8069930076599121
19,0.8069930076599121
20,0.8069930076599121
21,0.8069930076599121
22,0.8098475337028503
23,0.8098475337028503
24,0.8098475337028503
25,0.8098475337028503
26,0.8098475337028503
27,0.8098475337028503
28,0.8098475337028503
29,0.8119866847991943
30,0.8119866847991943
31,0.8119866847991943
32,0.8119866847991943
33,0.8119866847991943
34,0.8119866847991943
35,0.8123976588249207
36,0.8123976588249207
37,0.8123976588249207
38,0.8123976588249207
39,0.8123976588249207
40,0.8123976588249207
41,0.8123976588249207
42,0.8123976588249207
43,0.8123976588249207
44,0.8123976588249207
45,0.8123976588249207
46,0.8123976588249207
47,0.8123976588249207
48,0.8123976588249207
49,0.8123976588249207
50,0.8123976588249207
51,0.8123976588249207
52,0.8123976588249207
53,0.8123976588249207
54,0.8123976588249207
55,0.8123976588249207
56,0.8123976588249207
57,0.8123976588249207
58,0.8123976588249207
59,0.8123976588249207
60,0.8123976588249207
61,0.8123976588249207
62,0.8123976588249207
63,0.8123976588249207
64,0.8123976588249207
65,0.8123976588249207
66,0.8123976588249207
