Generation, Fitness
0,0.7845507860183716
1,0.7845507860183716
2,0.8211674690246582
3,0.8211674690246582
4,0.8211674690246582
5,0.8211674690246582
6,0.8211674690246582
7,0.8211674690246582
8,0.8236058354377747
9,0.8236058354377747
10,0.8236058354377747
11,0.8236058354377747
12,0.8236058354377747
13,0.8236058354377747
14,0.8236058354377747
15,0.8236058354377747
16,0.8236058354377747
17,0.8236058354377747
18,0.8236058354377747
19,0.8236058354377747
20,0.8236058354377747
21,0.8236058354377747
22,0.8236058354377747
23,0.8236058354377747
24,0.8236058354377747
25,0.8236058354377747
26,0.8236058354377747
27,0.8236058354377747
28,0.8236058354377747
29,0.8236058354377747
30,0.8236058354377747
31,0.8236058354377747
32,0.8236058354377747
33,0.8236058354377747
34,0.8236058354377747
35,0.8236058354377747
36,0.8236058354377747
37,0.8236058354377747
38,0.8236058354377747
39,0.8485019207000732
40,0.8485019207000732
41,0.8485019207000732
42,0.8485019207000732
43,0.8485019207000732
44,0.8485019207000732
45,0.8485019207000732
46,0.8485019207000732
47,0.8485019207000732
48,0.8485019207000732
49,0.8485019207000732
50,0.8485019207000732
51,0.8485019207000732
52,0.8485019207000732
53,0.8485019207000732
54,0.8485019207000732
55,0.8485019207000732
56,0.8485019207000732
57,0.8485019207000732
58,0.8485019207000732
59,0.8485019207000732
60,0.8485019207000732
61,0.8485019207000732
62,0.8485019207000732
63,0.8485019207000732
64,0.8485019207000732
65,0.8485019207000732
66,0.8485019207000732
67,0.8485019207000732
68,0.8485019207000732
69,0.8485019207000732
70,0.8485019207000732
