AUROC,AUPRC,Executio Time
0.6890191052631579,0.2995784210526316,
0.7359600526315792,0.3628718421052632,
0.7459212105263159,0.38247563157894726,
0.823346052631579,0.4022945789473685,
0.7480502631578947,0.31882099999999997,
=average(A2:A6),=average(B2:B6),=average(C2:C6),=average(D2:D6)
