Train AUROC,Validation AUROC,Test AUROC,Train AUPRC,Validation AUPRC,Test AUPRC, Execution Time
0.9151011578947369,0.8300365263157894,0.8300365263157894,0.6384567894736842,0.3880051052631579,0.3880051052631579,
0.9587317368421051,0.8177610000000001,0.8177610000000001,0.7333797368421052,0.2776638947368421,0.2776638947368421,
0.8599390000000001,0.8485019473684211,0.8485019473684211,0.4139050526315789,0.30531721052631583,0.30531721052631583,
0.9306856315789473,0.8123976842105264,0.8123976842105264,0.67214,0.39637157894736835,0.39637157894736835,
0.9664995789473685,0.8117498421052634,0.8117498421052634,0.7255894210526315,0.35771563157894737,0.35771563157894737,
=average(A2:A6),=average(B2:B6),=average(C2:C6),=average(D2:D6),=average(E2:E6),=average(F2:F6),=average(G2:G6)
