AUROC,AUPRC,Executio Time
0.9091168148148149,0.8154321111111111,
0.9116809259259259,0.8155410370370371,
0.9082621111111111,0.8154027037037037,
0.9091168148148149,0.8154321111111111,
0.9111111111111112,0.8155136296296297,
=average(A2:A6),=average(B2:B6),=average(C2:C6),=average(D2:D6)
