Train MAE,Validation MAE,Test MAE,Train MSE,Validation MSE,Test MSE,Train RMSE,Validation RMSE,Test RMSE,Execution Time
161.006675,140.16022499999997,151.51643124999998,278802.23756875,75180.7907375,227057.01799375002,376.94472500000006,223.92728125000002,308.06503124999995,
182.22854374999997,163.24992499999996,172.92176874999998,279721.81789999997,120492.76711875001,268239.9083,389.07634375000004,280.26340624999995,347.764525,
165.8977875,137.28812499999998,164.05136875,268300.06148125,90000.56075625001,238449.63266875004,372.65556875000004,233.68573125,354.92630625000004,
178.20521874999997,153.82724375,163.50688749999998,309828.6347,110367.33306875,258539.9299875,419.50391875,274.82776874999996,338.71460625000003,
175.40205,154.654025,170.74256249999996,259233.79045,90686.3380375,245507.62586874995,376.19977500000005,245.8637625,343.3683625,
=average(A2:A6),=average(B2:B6),=average(C2:C6),=average(D2:D6),=average(E2:E6),=average(F2:F6),=average(G2:G6)
