Train MAE,Validation MAE,Test MAE,Train MSE,Validation MSE,Test MSE,Train RMSE,Validation RMSE,Test RMSE,Execution Time
160.16369375,202.464625,280.872275,210547.4713625,176690.66001249998,916467.1714437499,373.73730624999996,349.65522500000003,620.6947,
178.31488124999998,280.3300125,216.10209375000005,578549.78136875,817634.3846124999,396130.75568125007,451.97765,631.0992937499999,433.71255625,
188.4920375,246.47996875,214.2102,600652.8617,459183.91958124994,402330.4937125,473.99211875000003,499.69099374999996,442.5547,
192.07198125000002,248.296075,208.79803125,601757.4423374999,466427.9985187501,379714.9532187501,472.96438125000003,498.14706874999996,416.81989374999995,
194.22975,290.39026875,216.18973750000004,581763.62625625,806250.6444312498,381291.36164375,470.2964125,640.86114375,416.66953125,
=average(A2:A6),=average(B2:B6),=average(C2:C6),=average(D2:D6),=average(E2:E6),=average(F2:F6),=average(G2:G6)
