AUROC,AUPRC
0.17650789473684214,0.05263152631578947,
=average(A2:A2),=average(B2:B2),=average(C2:C2)
