MAE,MSE,RMSE,Execution Time
230.546743125,532524.087449375,451.221905625,137.9
