AUROC,AUPRC,Executio Time
0.9074074074074074,0.815376,
0.9105412962962963,0.8154882222222222,
0.8888888888888888,0.7788917407407409,
0.8833333333333334,0.769497925925926,
0.8888888888888888,0.7777777777777778,
=average(A2:A6),=average(B2:B6),=average(C2:C6),=average(D2:D6)
