Accuracy,F1,WMSEnominal
0.6642857142857144,0.6773044285714286,1.3247646750917246,
=average(A2:A2),=average(B2:B2),=average(C2:C2)
