MAE,MSE,RMSE
47.051162500000004,5050.3780625,54.28209999999999,
=average(A2:A2),=average(B2:B2),=average(C2:C2)
