Train AUROC, Train AUPRC, Test AUROC, Test AUPRC, Execution Time
0.9999987857142859,0.999993,0.7090894999999999,0.5030311428571428
0.9999995714285715,0.9999988571428572,0.6933617142857144,0.5005219999999999
1.0,1.0,0.7065950000000001,0.5156322142857144
0.9999997857142857,0.9999997142857142,0.4976807857142857,0.3245846428571429
0.9999988571428571,0.9999984285714286,0.5129408571428572,0.33840257142857144
0.9999993571428573,0.9999988571428572,0.4767580714285714,0.3093882857142857
0.999997857142857,0.9999940714285714,0.5478782142857143,0.36686357142857146
0.9999995714285715,0.9999991428571429,0.6895287142857142,0.4986493571428571
0.9999998571428571,0.9999998571428571,0.5135639285714285,0.33251514285714284
0.9999997857142857,0.9999996428571428,0.5516681428571427,0.3612867857142857
0.9999995714285715,0.9999992142857143,0.7075943571428571,0.5193814999999999
0.9999983571428571,0.9999968571428571,0.5475784285714286,0.3640813571428571
0.9999990714285714,0.9999985714285715,0.4821370714285714,0.3167155
0.9999997142857143,0.9999992142857144,0.4529921428571428,0.30607478571428576
0.9999997857142857,0.9999995714285715,0.5005254285714286,0.33142521428571436
0.9999999285714286,0.9999997857142857,0.5110710714285713,0.3301765
0.9999997857142856,0.9999995714285713,0.48899992857142865,0.3192657857142857
0.9999999285714285,0.9999997857142857,0.47576235714285714,0.3061334285714286
0.9999998571428571,0.9999997857142857,0.48069485714285715,0.3105426428571429
0.9999998571428571,0.9999997857142857,0.4812632142857143,0.3104730714285714
0.9999988571428571,0.9999977857142858,0.5041980714285713,0.33269235714285716
0.9999997857142857,0.9999995714285713,0.46941264285714285,0.31071507142857147
