Train AUROC, Train AUPRC, Test AUROC, Test AUPRC, Execution Time
0.9999999285714285,0.9999997142857142,0.7024917142857142,0.5204984285714286
0.9999990714285715,0.9999982857142857,0.4860016428571429,0.32537914285714287
1.0,1.0,0.49520435714285715,0.3240742142857143
0.9999992857142858,0.9999986428571429,0.5113116428571429,0.3411482857142857
0.9999995714285715,0.9999992142857143,0.5144241428571429,0.3380330714285715
0.9999997142857142,0.9999994285714287,0.6919184999999998,0.5142369285714286
0.9999993571428573,0.9999982857142857,0.4744018571428571,0.3191202142857143
0.9999985714285715,0.9999917857142856,0.714125,0.5164297857142858
1.0,1.0,0.5031082857142858,0.31865007142857144
0.9999995,0.9999991428571429,0.48921085714285706,0.31123492857142854
0.9999995,0.9999990714285715,0.4779882142857143,0.31237849999999995
0.9999997142857142,0.9999994285714285,0.4730472857142857,0.3122985
0.9999994285714287,0.9999987142857144,0.5024977857142857,0.3395103571428572
0.9999995000000002,0.9999990714285715,0.4885542857142857,0.3206413571428571
0.9999987142857142,0.999998142857143,0.4731353571428572,0.315751
0.9999997142857142,0.9999992857142858,0.4668,0.3139556428571429
0.9999999285714285,0.9999997857142857,0.499583,0.3170579285714286
0.9999993571428571,0.999999,0.521687,0.3298577857142857
0.9999987142857142,0.9999982142857143,0.5174747857142857,0.32630078571428583
0.9999997142857142,0.9999994285714285,0.4773314285714285,0.3068002142857143
0.9999995,0.9999988571428572,0.4749540714285714,0.3198488571428571
0.9999981428571428,0.9999972142857142,0.48437207142857147,0.3192652857142857
0.9999995000000002,0.9999988571428572,0.5039437857142858,0.32747514285714285
0.9999997857142857,0.999999642857143,0.4995652857142857,0.3203318571428571
