Train AUROC, Train AUPRC, Test AUROC, Test AUPRC, Execution Time
0.9999992142857143,0.9999984285714286,0.7165707857142857,0.5127672857142856
0.9999997142857142,0.9999995714285715,0.7136817142857144,0.5147613571428572
0.9999987857142857,0.9999979285714286,0.6804920000000001,0.5030722857142857
0.9999999285714286,0.9999999285714286,0.4874922142857142,0.3166037857142857
0.9999995714285715,0.9999992857142858,0.4742517857142857,0.3157732857142857
1.0,1.0,0.4718331428571428,0.3123503571428571
0.9999980714285714,0.9999963571428572,0.6264697142857143,0.4473587857142856
0.9999988571428571,0.9999984285714286,0.46294307142857144,0.3154693571428572
0.9999987857142856,0.9999973571428572,0.4811893571428572,0.32096792857142853
0.9999997857142857,0.9999995714285715,0.466031142857143,0.30997107142857144
0.9999999285714286,0.9999998571428571,0.5244725714285714,0.33403685714285725
0.9999998571428571,0.9999997857142857,0.5234292142857143,0.32822499999999993
0.9999992142857143,0.9999982857142857,0.5191317142857143,0.32997392857142854
