Train AUROC, Train AUPRC, Test AUROC, Test AUPRC, Execution Time
0.9999993571428571,0.9999990714285715,0.7209585000000001,0.5254637142857143
0.9999997857142857,0.9999982857142857,0.7236275714285715,0.5202743571428571
0.9999997142857142,0.9999995,0.5033867142857142,0.32524892857142856
1.0,1.0,0.6467546428571428,0.4758556428571428
1.0,1.0,0.703593,0.507571
0.9999995714285715,0.9999994285714287,0.5123931428571429,0.32932442857142846
0.9999999285714285,0.9999997857142857,0.5110621428571429,0.3241905
0.9999992142857143,0.9999984285714286,0.48623171428571416,0.31773407142857135
1.0,1.0,0.48338849999999994,0.3184145
0.9999998571428571,0.9999995714285715,0.4982192857142857,0.3290227142857143
0.999999,0.9999984285714286,0.5033000000000001,0.32379028571428575
0.9999995714285713,0.9999992142857143,0.48113721428571415,0.31663628571428576
0.999998142857143,0.9999963571428571,0.4809257142857143,0.31619235714285715
0.9999995,0.9999993571428571,0.5003941428571429,0.3262967857142857
0.9999998571428571,0.9999996428571428,0.4855459999999999,0.3200067142857143
