AUROC,AUPRC,Executio Time
0.7101322857142858,0.5202515714285715,
0.7101322857142858,0.5202515714285715,
0.7101322857142858,0.5202515714285715,
0.7101322857142858,0.5202515714285715,
0.7101322857142858,0.5202515714285715,
=average(A2:A6),=average(B2:B6),=average(C2:C6),=average(D2:D6)
