Generation, Fitness
0,0.6295854449272156
1,0.6337352991104126
2,0.6337352991104126
3,0.6337352991104126
4,0.6337352991104126
5,0.6337352991104126
6,0.6337352991104126
7,0.6337352991104126
8,0.6337352991104126
9,0.6364831924438477
10,0.6364831924438477
11,0.6364831924438477
12,0.6387687921524048
13,0.6387687921524048
14,0.644013524055481
15,0.644013524055481
16,0.644013524055481
17,0.644013524055481
18,0.644013524055481
19,0.644013524055481
20,0.644013524055481
21,0.644013524055481
22,0.644013524055481
23,0.644013524055481
24,0.644013524055481
25,0.644013524055481
26,0.644013524055481
27,0.644013524055481
28,0.644013524055481
29,0.644013524055481
30,0.644013524055481
31,0.644013524055481
32,0.644013524055481
33,0.644013524055481
34,0.644013524055481
35,0.644013524055481
36,0.644013524055481
37,0.644013524055481
38,0.644013524055481
39,0.644013524055481
40,0.644013524055481
41,0.644013524055481
42,0.644013524055481
43,0.644013524055481
44,0.644013524055481
45,0.644013524055481
