Generation, Fitness
0,0.622789740562439
1,0.6333107948303223
2,0.6333107948303223
3,0.6333107948303223
4,0.6357265710830688
5,0.6357265710830688
6,0.6357265710830688
7,0.6357265710830688
8,0.6357265710830688
9,0.6357265710830688
10,0.6357265710830688
11,0.6543583273887634
12,0.6543583273887634
13,0.6543583273887634
14,0.6543583273887634
15,0.6543583273887634
16,0.6543583273887634
17,0.6543583273887634
18,0.6543583273887634
19,0.6543583273887634
20,0.6543583273887634
21,0.6543583273887634
22,0.6543583273887634
23,0.6543583273887634
24,0.6543583273887634
25,0.6543583273887634
26,0.6543583273887634
27,0.6543583273887634
28,0.6543583273887634
29,0.6543583273887634
30,0.6543583273887634
31,0.6543583273887634
32,0.6543583273887634
33,0.6543583273887634
34,0.6543583273887634
35,0.6543583273887634
36,0.6543583273887634
37,0.6543583273887634
38,0.6543583273887634
39,0.6543583273887634
40,0.6543583273887634
41,0.6543583273887634
42,0.6543583273887634
