Train AUROC,Validation AUROC,Test AUROC,Train AUPRC,Validation AUPRC,Test AUPRC, Execution Time
0.7504128571428571,0.6543583571428572,0.6543583571428572,0.5680399285714287,0.42665514285714284,0.42665514285714284,
0.6677124285714287,0.6530816428571429,0.6530816428571429,0.45537671428571425,0.4338807857142856,0.4338807857142856,
0.735147857142857,0.6440135,0.6440135,0.5261091428571428,0.40503407142857145,0.40503407142857145,
0.7562357857142858,0.6634394285714285,0.6634394285714285,0.6307928571428573,0.44729042857142864,0.44729042857142864,
0.7949339999999999,0.6693744285714286,0.6693744285714286,0.6056102857142857,0.43603257142857144,0.43603257142857144,
=average(A2:A6),=average(B2:B6),=average(C2:C6),=average(D2:D6),=average(E2:E6),=average(F2:F6),=average(G2:G6)
