AUROC,AUPRC,Executio Time
0.6543583571428572,0.42665514285714284,
0.6530816428571429,0.4338807857142856,
0.6440135,0.40503407142857145,
0.6634394285714285,0.44729042857142864,
0.6693744285714286,0.43603257142857144,
=average(A2:A6),=average(B2:B6),=average(C2:C6),=average(D2:D6)
