AUROC,AUPRC,Executio Time
0.6348264285714286,0.4017556428571429,
0.6054593571428571,0.4035963571428571,
0.6103332142857142,0.3984093571428571,
0.624494642857143,0.3978203571428571,
0.6364608571428573,0.4262094285714285,
=average(A2:A6),=average(B2:B6),=average(C2:C6),=average(D2:D6)
