MAE,MSE,RMSE,Execution Time
82.3602125,18249.873349999998,132.93770625000002,
82.09240625000001,18326.886943749996,133.287175,
81.81199375,18267.79021875,132.95723125,
81.57791875,17667.965999999997,131.08066875,
81.85278125,17918.6197625,131.85305625,
=average(A2:A6),=average(B2:B6),=average(C2:C6),=average(D2:D6)
