MAE,MSE,RMSE,Execution Time
88.44766249999999,20215.275531249998,139.90970625,
87.58994374999997,19657.88251875,138.317875,
87.85066875,19638.935437499997,138.1000375,
88.78852499999999,19908.673749999998,139.1580375,
88.47983125,19857.7855375,139.05931249999998,
=average(A2:A6),=average(B2:B6),=average(C2:C6),=average(D2:D6)
