Train AUROC, Train AUPRC, Test AUROC, Test AUPRC, Execution Time
0.9999995714285715,0.9999991428571429,0.7154397857142858,0.5071188571428572
0.9999987857142857,0.9999977857142858,0.5095891428571429,0.36608228571428586
0.9999992142857143,0.9999987857142857,0.7116494285714287,0.5156247857142856
0.9999990714285715,0.9999986428571429,0.484425,0.32321278571428574
0.999999,0.9999985000000001,0.45490699999999995,0.3187499285714286
0.9999982142857143,0.9999973571428572,0.5279574285714286,0.33350164285714284
0.9999997857142857,0.9999997142857142,0.4935552857142857,0.3290679285714285
0.9999996428571428,0.9999992857142858,0.5177521428571428,0.33401171428571436
0.9999998571428571,0.9999997857142856,0.5206692142857142,0.32982221428571423
0.9999992142857144,0.9999989285714286,0.5350796428571429,0.3326392142857143
0.9999992142857143,0.9999985,0.5018085,0.3191935
0.9999993571428571,0.9999991428571429,0.4998537142857143,0.32283142857142855
0.9999993571428571,0.9999990000000001,0.5098178571428572,0.3211104285714286
0.9999995,0.999999,0.5239412857142857,0.32590328571428573
0.999999642857143,0.9999990714285715,0.5201909285714286,0.335511
0.9999990714285714,0.9999985714285716,0.49307192857142856,0.32644399999999996
0.9999994285714288,0.9999982857142858,0.4998737142857142,0.32262121428571433
