Train AUROC, Train AUPRC, Test AUROC, Test AUPRC, Execution Time
0.9941297459893047,0.9287799304812833,0.5003915213903745,0.014548467914438494
0.9898774786096257,0.9169645695187172,0.5011680668449194,0.01591719251336899
0.9906235080213884,0.9220558021390391,0.5057800561497325,0.015638002673796784
