MAE,MSE,RMSE,Execution Time
195.89888125000004,219196.88771249997,358.1425187499999,
=average(A2:A2),=average(B2:B2),=average(C2:C2),=average(D2:D2)
