TrainVal AUROC,Validation AUROC,Test AUROC,TrainVal AUPRC,Validation AUPRC,Test AUPRC, Execution Time
0.8429236666666666,0.7830253333333332,0.7219733333333332,0.7678636666666666,0.6420825,0.5619883333333334,
0.8429236666666666,0.7830253333333332,0.7219733333333332,0.7678636666666666,0.6420825,0.5619883333333334,
0.8429236666666666,0.7830253333333332,0.7219733333333332,0.7678636666666666,0.6420825,0.5619883333333334,
0.8429236666666666,0.7830253333333332,0.7219733333333332,0.7678636666666666,0.6420825,0.5619883333333334,
0.8429236666666666,0.7830253333333332,0.7219733333333332,0.7678636666666666,0.6420825,0.5619883333333334,
=average(A2:A6),=average(B2:B6),=average(C2:C6),=average(D2:D6),=average(E2:E6),=average(F2:F6),=average(G2:G6)
