Train AUROC, Train AUPRC, Test AUROC, Test AUPRC, Execution Time
0.9999991428571429,0.9999981428571428,0.6959625000000002,0.49282085714285706
0.9999998571428571,0.9999997142857142,0.5055100714285714,0.3396617142857143
1.0,1.0,0.7416542857142857,0.5373020714285716
0.9999996428571427,0.9999994285714285,0.5164823571428572,0.3331097142857143
0.9999997857142857,0.9999996428571428,0.5083630714285714,0.32769849999999995
0.9999998571428571,0.9999996428571428,0.5211596428571429,0.33291657142857145
0.9999972857142857,0.9999960000000002,0.5222551428571428,0.3318979285714286
0.9999990000000001,0.9999978571428573,0.4922865714285715,0.32060192857142855
1.0,1.0,0.5050603571428571,0.3256576428571428
0.9999992857142858,0.9999987142857142,0.5254278571428572,0.3315045714285714
0.9999994285714287,0.9999987857142857,0.538219,0.32692685714285713
0.9999995000000002,0.9999990000000001,0.4933782142857144,0.3212344285714286
0.9999999285714286,0.9999997857142857,0.5258962857142857,0.3314445714285714
0.9999985,0.9999974285714286,0.5275913571428571,0.3311146428571429
0.9999997857142857,0.9999997142857142,0.5157752142857143,0.3354958571428571
0.9999995714285715,0.9999992857142859,0.5049819285714287,0.321256
0.9999999285714286,0.9999998571428571,0.5153567857142858,0.3252029285714286
