Train AUROC, Train AUPRC, Test AUROC, Test AUPRC, Execution Time
1.0,1.0,0.708134142857143,0.4955412142857143
0.9999964285714286,0.999992,0.7103197142857143,0.49015757142857147
0.9999995714285713,0.9999990714285715,0.5092675000000001,0.3306431428571428
0.9999997857142857,0.9999997142857142,0.4942614285714285,0.31500064285714285
0.999999142857143,0.9999982142857142,0.5246739285714287,0.3348654285714286
0.9999995714285713,0.9999991428571429,0.49998792857142865,0.3362387857142857
0.9999997857142857,0.9999994285714287,0.5382357857142858,0.32609250000000006
0.9999995,0.999999142857143,0.5330550714285714,0.33347635714285717
0.9999996428571428,0.9999993571428573,0.5116998571428573,0.32117485714285715
0.9999999285714285,0.9999997857142857,0.5252238571428571,0.3195932142857143
0.9999994285714285,0.9999989285714286,0.49848107142857145,0.31429399999999996
0.9999993571428571,0.9999987857142857,0.5343027142857143,0.3393470714285714
0.9999997857142857,0.9999994285714285,0.5337519285714285,0.32467300000000004
