Train AUROC, Train AUPRC, Test AUROC, Test AUPRC, Execution Time
0.9999994285714285,0.9999987857142857,0.7139567142857143,0.5074439285714286
1.0,1.0,0.6910265714285714,0.49875300000000006
0.9999977142857143,0.9999935000000001,0.698077142857143,0.5017302142857142
0.9999986428571429,0.9999975,0.48327600000000004,0.3173630714285715
0.9999999285714285,0.9999997857142857,0.7030102142857142,0.49357528571428577
0.9999997857142857,0.9999995714285715,0.5125080714285715,0.33682121428571427
0.9999995714285715,0.9999989285714285,0.7077121428571428,0.513519
1.0,1.0,0.5407761428571428,0.33218907142857146
0.9999995000000002,0.999999,0.4838704285714286,0.32910142857142854
0.9999998571428571,0.9999997857142856,0.5093055714285715,0.3218125714285714
0.9999987857142857,0.9999981428571428,0.5176621428571428,0.32949049999999996
0.9999995,0.9999988571428572,0.5245316428571429,0.33168085714285717
0.9999998571428571,0.9999997142857143,0.4870953571428572,0.3191650714285714
0.9999987142857144,0.9999972142857143,0.5216956428571429,0.32696192857142853
0.9999978571428573,0.9999967857142857,0.5182157857142856,0.33018257142857144
1.0,1.0,0.5353135000000001,0.3363301428571428
