MAE,MSE,RMSE
616.03595625,6744065.74726875,1530.94779375
