Generation, Fitness
0,0.635861873626709
1,0.6559969782829285
2,0.6559969782829285
3,0.6559969782829285
4,0.6559969782829285
5,0.6559969782829285
6,0.6559969782829285
7,0.6559969782829285
8,0.6559969782829285
9,0.6559969782829285
10,0.6559969782829285
11,0.6559969782829285
12,0.6559969782829285
13,0.6559969782829285
14,0.6559969782829285
15,0.6559969782829285
16,0.6559969782829285
17,0.6559969782829285
18,0.6559969782829285
19,0.6559969782829285
20,0.6559969782829285
21,0.6559969782829285
22,0.6559969782829285
23,0.6559969782829285
24,0.6559969782829285
25,0.6559969782829285
26,0.6559969782829285
27,0.6559969782829285
28,0.6559969782829285
29,0.6559969782829285
30,0.6559969782829285
31,0.6577511429786682
32,0.6577511429786682
33,0.6577511429786682
34,0.6577511429786682
35,0.6577511429786682
36,0.6577511429786682
37,0.6577511429786682
38,0.6577511429786682
39,0.6577511429786682
40,0.6577511429786682
41,0.6577511429786682
42,0.6577511429786682
43,0.6577511429786682
44,0.6577511429786682
45,0.6577511429786682
46,0.6577511429786682
47,0.6577511429786682
48,0.6577511429786682
49,0.6577511429786682
50,0.6577511429786682
51,0.6577511429786682
52,0.6577511429786682
53,0.6577511429786682
54,0.6577511429786682
55,0.6577511429786682
56,0.6577511429786682
57,0.6577511429786682
58,0.6577511429786682
59,0.6577511429786682
60,0.6577511429786682
61,0.6577511429786682
62,0.6577511429786682
63,0.6577511429786682
64,0.6577511429786682
65,0.6577511429786682
66,0.6577511429786682
67,0.6577511429786682
68,0.6577511429786682
69,0.6577511429786682
70,0.6577511429786682
71,0.6577511429786682
72,0.6577511429786682
73,0.6577511429786682
74,0.6577511429786682
75,0.6577511429786682
76,0.6577511429786682
77,0.6577511429786682
78,0.6577511429786682
79,0.6577511429786682
80,0.6577511429786682
81,0.6577511429786682
82,0.6577511429786682
