Generation, Fitness
0,0.8644347190856934
1,0.8644347190856934
2,0.8644347190856934
3,0.8644347190856934
4,0.8644347190856934
5,0.8644347190856934
6,0.8644347190856934
7,0.8644347190856934
8,0.8644347190856934
9,0.8644347190856934
10,0.8644347190856934
11,0.8644347190856934
12,0.8644347190856934
13,0.8644347190856934
14,0.8644347190856934
15,0.8644347190856934
16,0.8773504495620728
17,0.8773504495620728
18,0.8773504495620728
19,0.8773504495620728
20,0.8773504495620728
21,0.8773504495620728
22,0.8773504495620728
23,0.8773504495620728
24,0.8773504495620728
25,0.8773504495620728
26,0.8773504495620728
27,0.8773504495620728
28,0.8773504495620728
29,0.8773504495620728
30,0.8773504495620728
31,0.8773504495620728
32,0.8773504495620728
33,0.8773504495620728
34,0.8773504495620728
35,0.8773504495620728
36,0.8773504495620728
37,0.8773504495620728
38,0.8773504495620728
39,0.8773504495620728
40,0.8773504495620728
41,0.8773504495620728
42,0.8773504495620728
43,0.8773504495620728
44,0.8773504495620728
45,0.8773504495620728
46,0.8773504495620728
47,0.8773504495620728
48,0.8773504495620728
49,0.8773504495620728
50,0.8773504495620728
51,0.8773504495620728
52,0.8773504495620728
53,0.8773504495620728
54,0.8773504495620728
55,0.8773504495620728
56,0.8773504495620728
57,0.8773504495620728
58,0.8773504495620728
59,0.8773504495620728
60,0.8773504495620728
61,0.8773504495620728
62,0.8773504495620728
63,0.8773504495620728
64,0.8773504495620728
65,0.8773504495620728
66,0.8773504495620728
67,0.8773504495620728
