Generation, Fitness
0,0.8691375851631165
1,0.8691375851631165
2,0.8691375851631165
3,0.8691375851631165
4,0.8691375851631165
5,0.8691375851631165
6,0.8691375851631165
7,0.8691375851631165
8,0.8691375851631165
9,0.8691375851631165
10,0.8691375851631165
11,0.8691375851631165
12,0.8691375851631165
13,0.8691375851631165
14,0.8691375851631165
15,0.8691375851631165
16,0.8691375851631165
17,0.8691375851631165
18,0.8691375851631165
19,0.8691375851631165
20,0.8691375851631165
21,0.8691375851631165
22,0.8691375851631165
23,0.8691375851631165
24,0.8691375851631165
25,0.8691375851631165
26,0.8691375851631165
27,0.8691375851631165
28,0.8691375851631165
29,0.8691375851631165
30,0.8717948794364929
31,0.8717948794364929
32,0.8717948794364929
33,0.8717948794364929
34,0.8717948794364929
35,0.8717948794364929
36,0.8717948794364929
37,0.8717948794364929
38,0.8717948794364929
39,0.8717948794364929
40,0.8717948794364929
41,0.8717948794364929
42,0.8717948794364929
43,0.8717948794364929
44,0.8717948794364929
45,0.8717948794364929
46,0.8717948794364929
47,0.8717948794364929
48,0.8717948794364929
49,0.8717948794364929
50,0.8717948794364929
51,0.8717948794364929
52,0.8717948794364929
53,0.8717948794364929
54,0.8717948794364929
55,0.8717948794364929
56,0.8717948794364929
57,0.8717948794364929
58,0.8717948794364929
59,0.8717948794364929
60,0.8717948794364929
61,0.8717948794364929
62,0.8717948794364929
63,0.8717948794364929
64,0.8717948794364929
65,0.8717948794364929
66,0.8717948794364929
67,0.8717948794364929
68,0.8717948794364929
69,0.8717948794364929
70,0.8717948794364929
71,0.8717948794364929
72,0.8717948794364929
73,0.8717948794364929
74,0.8717948794364929
75,0.8717948794364929
76,0.8717948794364929
77,0.8717948794364929
78,0.8717948794364929
79,0.8717948794364929
80,0.8717948794364929
81,0.8717948794364929
