Train AUROC,Validation AUROC,Test AUROC,Train AUPRC,Validation AUPRC,Test AUPRC, Execution Time
0.9807604074074073,0.8490501111111111,0.8700764074074074,0.8840097407407407,0.6956858518518517,0.7314814814814815,
0.9713032592592592,0.8422125185185186,0.8700764074074074,0.8579151851851852,0.6952257037037036,0.7314814814814815,
0.9828741111111111,0.8462011111111112,0.8700764074074074,0.8941678888888889,0.6955624074074074,0.7314814814814815,
0.9823240370370371,0.8462011111111112,0.8700764074074074,0.8952764074074074,0.6955624074074074,0.7314814814814815,
0.9816784444444445,0.8444917037037037,0.8700764074074074,0.8919173703703704,0.6955062962962962,0.7314814814814815,
=average(A2:A6),=average(B2:B6),=average(C2:C6),=average(D2:D6),=average(E2:E6),=average(F2:F6),=average(G2:G6)
