AUROC,AUPRC,Executio Time
0.8700764074074074,0.7314814814814815,
0.8700764074074074,0.7314814814814815,
0.8700764074074074,0.7314814814814815,
0.8700764074074074,0.7314814814814815,
0.8700764074074074,0.7314814814814815,
=average(A2:A6),=average(B2:B6),=average(C2:C6),=average(D2:D6)
