Generation, Fitness
0,0.601488471031189
1,0.601488471031189
2,0.6321792006492615
3,0.6321792006492615
4,0.6321792006492615
5,0.6321792006492615
6,0.6321792006492615
7,0.6321792006492615
8,0.6321792006492615
9,0.6321792006492615
10,0.6321792006492615
11,0.6321792006492615
12,0.6321792006492615
13,0.6321792006492615
