MAE,MSE,RMSE,Execution Time
64.81176687499999,9680.99937125,97.133071875,2583.1
