Accuracy,F1,WMSEnominal
0.6357142857142858,0.5420738571428572,1.0133658216476837,
=average(A2:A2),=average(B2:B2),=average(C2:C2)
