TrainVal MAE,Validation MAE,Test MAE,TrainVal MSE,Validation MSE,Test MSE,TrainVal RMSE,Validation RMSE,Test RMSE,Execution Time
0.38188749999999994,0.683625,0.6002375000000001,0.9144374999999998,2.872175,2.9511249999999998,0.8327625000000001,1.4280125000000004,1.4187750000000001,
0.38188749999999994,0.683625,0.6002375000000001,0.9144374999999998,2.872175,2.9511249999999998,0.8327625000000001,1.4280125000000004,1.4187750000000001,
0.38188749999999994,0.683625,0.6002375000000001,0.9144374999999998,2.872175,2.9511249999999998,0.8327625000000001,1.4280125000000004,1.4187750000000001,
0.38188749999999994,0.683625,0.6002375000000001,0.9144374999999998,2.872175,2.9511249999999998,0.8327625000000001,1.4280125000000004,1.4187750000000001,
0.38188749999999994,0.683625,0.6002375000000001,0.9144374999999998,2.872175,2.9511249999999998,0.8327625000000001,1.4280125000000004,1.4187750000000001,
=average(A2:A6),=average(B2:B6),=average(C2:C6),=average(D2:D6),=average(E2:E6),=average(F2:F6),=average(G2:G6)
