MAE,MSE,RMSE,Execution Time
0.3731875,0.6442000000000001,0.6853750000000001,
0.3731875,0.6442000000000001,0.6853750000000001,
0.3731875,0.6442000000000001,0.6853750000000001,
0.3731875,0.6442000000000001,0.6853750000000001,
0.3731875,0.6442000000000001,0.6853750000000001,
=average(A2:A6),=average(B2:B6),=average(C2:C6),=average(D2:D6)
