MAE,MSE,RMSE,Execution Time
0.73585,3.8519125,1.6612125,
0.6951375000000001,2.2821875,1.3231625,
0.6951375000000001,2.2821875,1.3231625,
0.6951375000000001,2.2821875,1.3231625,
0.6951375000000001,2.2821875,1.3231625,
=average(A2:A6),=average(B2:B6),=average(C2:C6),=average(D2:D6)
