Train MAE,Validation MAE,Test MAE,Train MSE,Validation MSE,Test MSE,Train RMSE,Validation RMSE,Test RMSE,Execution Time
0.42028750000000004,0.7136,0.73585,1.353725,3.28965,3.8519125,1.0214,1.5918125,1.6612125,
0.43273750000000005,0.754975,0.6951375000000001,1.2066250000000003,5.2333875,2.2821875,0.9466999999999999,1.8874250000000001,1.3231625,
0.43273750000000005,0.754975,0.6951375000000001,1.2066250000000003,5.2333875,2.2821875,0.9466999999999999,1.8874250000000001,1.3231625,
0.43273750000000005,0.754975,0.6951375000000001,1.2066250000000003,5.2333875,2.2821875,0.9466999999999999,1.8874250000000001,1.3231625,
0.43273750000000005,0.754975,0.6951375000000001,1.2066250000000003,5.2333875,2.2821875,0.9466999999999999,1.8874250000000001,1.3231625,
=average(A2:A6),=average(B2:B6),=average(C2:C6),=average(D2:D6),=average(E2:E6),=average(F2:F6),=average(G2:G6)
