MAE,MSE,RMSE,Execution Time
0.4381,0.938125,0.8376250000000001,
0.4381,0.938125,0.8376250000000001,
0.4381,0.938125,0.8376250000000001,
0.4381,0.938125,0.8376250000000001,
0.4381,0.938125,0.8376250000000001,
=average(A2:A6),=average(B2:B6),=average(C2:C6),=average(D2:D6)
