MAE,MSE,RMSE,Execution Time
0.42089999999999994,2.3741874999999997,1.2794874999999999,
=average(A2:A2),=average(B2:B2),=average(C2:C2),=average(D2:D2)
