Generation, Fitness
0,0.5594728589057922
1,0.5594728589057922
2,0.5612401366233826
3,0.5652609467506409
4,0.5652609467506409
5,0.5652609467506409
6,0.5652609467506409
7,0.5652609467506409
8,0.5655263662338257
9,0.5655263662338257
10,0.5655263662338257
11,0.5667663216590881
12,0.5667663216590881
13,0.5667663216590881
14,0.5667663216590881
15,0.5669589638710022
16,0.5669589638710022
17,0.5677607655525208
18,0.5677607655525208
19,0.5683074593544006
20,0.5683074593544006
21,0.5683074593544006
22,0.5683074593544006
23,0.5690004825592041
24,0.5690004825592041
25,0.5690004825592041
26,0.5690004825592041
27,0.5690004825592041
28,0.5690004825592041
29,0.5690004825592041
30,0.5690004825592041
31,0.5690004825592041
32,0.5690004825592041
33,0.5690004825592041
34,0.5690004825592041
35,0.5690004825592041
36,0.5690004825592041
37,0.5690004825592041
38,0.5690004825592041
39,0.5690004825592041
40,0.5690004825592041
41,0.5690004825592041
42,0.5690004825592041
43,0.5690004825592041
44,0.5690004825592041
45,0.5690004825592041
46,0.5690004825592041
47,0.5690004825592041
48,0.5690004825592041
49,0.5690004825592041
50,0.5690004825592041
51,0.5690004825592041
52,0.5690004825592041
53,0.5690004825592041
54,0.5690004825592041
