AUROC,AUPRC,Executio Time
0.7855543684210525,0.1933948947368421,
0.7286966315789473,0.3407488421052632,
0.7415987368421054,0.20910784210526315,
0.7239764736842106,0.3198881052631579,
0.7244317368421053,0.34531794736842114,
=average(A2:A6),=average(B2:B6),=average(C2:C6),=average(D2:D6)
