Generation, Fitness
0,9999.125264285714
1,9999.125264285714
2,9999.138835714286
3,9999.138835714286
4,9999.138835714286
5,9999.138835714286
6,9999.138835714286
7,9999.138835714286
8,9999.138835714286
9,9999.138835714286
10,9999.138835714286
11,9999.14015
12,9999.14015
13,9999.14015
14,9999.14015
15,9999.14015
16,9999.14015
17,9999.14015
18,9999.14015
19,9999.14015
20,9999.14015
21,9999.14015
22,9999.14015
23,9999.14015
24,9999.14015
25,9999.14015
26,9999.14015
27,9999.14015
28,9999.14015
29,9999.14015
30,9999.14015
31,9999.14015
32,9999.14015
33,9999.14015
34,9999.14015
35,9999.14015
36,9999.14015
37,9999.14015
38,9999.14015
39,9999.14015
40,9999.14015
41,9999.14015
42,9999.14015
