Generation, Fitness
0,9999.12572857143
1,9999.12572857143
2,9999.12572857143
3,9999.12572857143
4,9999.12572857143
5,9999.127992857142
6,9999.129435714285
7,9999.131957142858
8,9999.131957142858
9,9999.131957142858
10,9999.131957142858
11,9999.131957142858
12,9999.131957142858
13,9999.13605
14,9999.13605
15,9999.13605
16,9999.13605
17,9999.13605
18,9999.13605
19,9999.13605
20,9999.13605
21,9999.139078571428
22,9999.139078571428
23,9999.139078571428
24,9999.139078571428
25,9999.139078571428
26,9999.139078571428
27,9999.139078571428
28,9999.139078571428
29,9999.139078571428
30,9999.139078571428
31,9999.139078571428
32,9999.139078571428
33,9999.139078571428
34,9999.139078571428
35,9999.139078571428
36,9999.139078571428
37,9999.139078571428
38,9999.139078571428
39,9999.139078571428
40,9999.139078571428
41,9999.139078571428
42,9999.139078571428
43,9999.139078571428
44,9999.139078571428
45,9999.139078571428
46,9999.139078571428
47,9999.139207142856
48,9999.139207142856
49,9999.139207142856
50,9999.139207142856
51,9999.139207142856
52,9999.139207142856
53,9999.139207142856
54,9999.139207142856
55,9999.139207142856
56,9999.141078571429
57,9999.141078571429
58,9999.141078571429
59,9999.141078571429
60,9999.141078571429
61,9999.141078571429
62,9999.141078571429
63,9999.141078571429
64,9999.141078571429
65,9999.141078571429
66,9999.141078571429
67,9999.141078571429
68,9999.141078571429
69,9999.141078571429
70,9999.141078571429
71,9999.141078571429
72,9999.141078571429
73,9999.141078571429
74,9999.141078571429
75,9999.141078571429
76,9999.141078571429
77,9999.141078571429
78,9999.141078571429
79,9999.141078571429
80,9999.141078571429
81,9999.141078571429
82,9999.141078571429
83,9999.141078571429
84,9999.141078571429
85,9999.141078571429
86,9999.141078571429
87,9999.141078571429
