Generation, Fitness
0,9999.130735714285
1,9999.130735714285
2,9999.130735714285
3,9999.134028571429
4,9999.136121428572
5,9999.136121428572
6,9999.136121428572
7,9999.136121428572
8,9999.136121428572
9,9999.136121428572
10,9999.136171428572
11,9999.136171428572
12,9999.136171428572
13,9999.136171428572
14,9999.136171428572
15,9999.136171428572
16,9999.137107142857
17,9999.137107142857
18,9999.137107142857
19,9999.139728571428
20,9999.139728571428
21,9999.140907142857
22,9999.140907142857
23,9999.140907142857
24,9999.140907142857
25,9999.140907142857
26,9999.140907142857
27,9999.140907142857
28,9999.140907142857
29,9999.140907142857
30,9999.140907142857
31,9999.140907142857
32,9999.140907142857
33,9999.140907142857
34,9999.140907142857
35,9999.140907142857
36,9999.140907142857
37,9999.140907142857
38,9999.140907142857
39,9999.140907142857
40,9999.140907142857
41,9999.140907142857
42,9999.140907142857
43,9999.140907142857
44,9999.140907142857
45,9999.140907142857
46,9999.140907142857
47,9999.140907142857
48,9999.140907142857
49,9999.140907142857
50,9999.140907142857
51,9999.140907142857
52,9999.140907142857
