MAE,MSE,RMSE,Execution Time
0.9007928571428572,1.6901071428571426,1.2662999999999998,
0.8920142857142855,1.5949357142857141,1.2291214285714285,
0.9007928571428572,1.6901071428571426,1.2662999999999998,
0.8955428571428571,1.671314285714286,1.252992857142857,
0.88415,1.6127785714285712,1.2366857142857144,
=average(A2:A6),=average(B2:B6),=average(C2:C6),=average(D2:D6)
