MAE,MSE,RMSE,Execution Time
0.8967357142857143,1.6763142857142859,1.2544642857142858,
0.8610714285714286,1.5186785714285713,1.1988714285714284,
0.8572357142857142,1.4825928571428573,1.1912571428571428,
0.8589214285714286,1.4782785714285716,1.191457142857143,
0.8598499999999999,1.4556285714285713,1.1804357142857143,
=average(A2:A6),=average(B2:B6),=average(C2:C6),=average(D2:D6)
