Generation, Fitness
0,0.584852933883667
1,0.584852933883667
2,0.584852933883667
3,0.584852933883667
4,0.584852933883667
5,0.584852933883667
6,0.584852933883667
7,0.584852933883667
8,0.584852933883667
9,0.584852933883667
10,0.584852933883667
11,0.584852933883667
