Accuracy,F1,WMSEnominal
0.7218045112781956,0.7081028571428571,1.1681499475166568,
=average(A2:A2),=average(B2:B2),=average(C2:C2)
