Train Accuracy,Validation Accuracy,Test Accuracy,Train F1,Validation F1,Test F1,Train WMSEnominal,Validation WMSEnominal,Test WMSEnominal
0.8562893081761006,0.8562893081761006,0.7566137566137566,0.7565161666666667,0.7565161666666667,0.5462363333333334,0.5013656572320577,0.5013656572320577,0.8385472165909765,
=average(A2:A2),=average(B2:B2),=average(C2:C2),=average(D2:D2),=average(E2:E2),=average(F2:F2)
