Train AUROC,Validation AUROC,Test AUROC,Train AUPRC,Validation AUPRC,Test AUPRC, Execution Time
0.9649477407407409,0.8169515555555555,0.8169515555555555,0.8036773703703705,0.6220754814814815,0.6220754814814815,
0.9369212962962963,0.8169515555555555,0.8169515555555555,0.7955445925925927,0.6220754814814815,0.6220754814814815,
0.953376,0.8169515555555555,0.8169515555555555,0.8031593333333333,0.6220754814814815,0.6220754814814815,
0.9620861111111112,0.8169515555555555,0.8169515555555555,0.8189465925925925,0.6220754814814815,0.6220754814814815,
0.9381746666666667,0.8172364814814814,0.8172364814814814,0.7974573333333334,0.6221324444444444,0.6221324444444444,
=average(A2:A6),=average(B2:B6),=average(C2:C6),=average(D2:D6),=average(E2:E6),=average(F2:F6),=average(G2:G6)
