AUROC,AUPRC,Executio Time
0.8169515555555555,0.6220754814814815,
0.8169515555555555,0.6220754814814815,
0.8169515555555555,0.6220754814814815,
0.8169515555555555,0.6220754814814815,
0.8172364814814814,0.6221324444444444,
=average(A2:A6),=average(B2:B6),=average(C2:C6),=average(D2:D6)
