MAE,MSE,RMSE,Execution Time
0.8179857142857142,1.3523857142857145,1.1280142857142856,
=average(A2:A2),=average(B2:B2),=average(C2:C2),=average(D2:D2)
