MAE,MSE,RMSE,Execution Time
49.80423312500001,6651.8471775,80.442091875,2865.6
