AUROC,AUPRC,Execution Time
0.7837816342857143,0.7677904571428572,0.48
