MAE,MSE,RMSE
21.09225,1236.1851250000002,29.09225,
21.09225,1236.1851250000002,29.09225,
=average(A2:A3),=average(B2:B3),=average(C2:C3)
