AUROC,AUPRC,Execution Time
0.6923952371428571,0.5078638785714286,1250.26
