Generation, Fitness
0,0.7211663126945496
1,0.7358239889144897
2,0.7437530159950256
3,0.7437530159950256
4,0.7437530159950256
5,0.7437530159950256
6,0.7437530159950256
7,0.7437530159950256
8,0.7437530159950256
9,0.7437530159950256
10,0.7437530159950256
11,0.7437530159950256
12,0.7437530159950256
13,0.7437530159950256
