Train MAE,Validation MAE,Test MAE,Train MSE,Validation MSE,Test MSE,Train RMSE,Validation RMSE,Test RMSE
0.7290377142857143,0.743753,0.6773181428571429,0.8065104285714285,0.6879004285714286,0.6147434285714286,
0.7290377142857143,0.743753,0.6773181428571429,0.8065104285714285,0.6879004285714286,0.6147434285714286,
0.7290377142857143,0.743753,0.6773181428571429,0.8065104285714285,0.6879004285714286,0.6147434285714286,
0.7290377142857143,0.743753,0.6773181428571429,0.8065104285714285,0.6879004285714286,0.6147434285714286,
0.7290377142857143,0.743753,0.6773181428571429,0.8065104285714285,0.6879004285714286,0.6147434285714286,
=average(A2:A6),=average(B2:B6),=average(C2:C6),=average(D2:D6),=average(E2:E6),=average(F2:F6)
