Generation, Fitness
0,0.6462222337722778
1,0.6462222337722778
2,0.6462222337722778
3,0.6462222337722778
4,0.6462222337722778
5,0.6462222337722778
6,0.6462222337722778
7,0.6462222337722778
8,0.6462222337722778
9,0.649154782295227
10,0.649154782295227
11,0.649154782295227
12,0.649154782295227
13,0.649154782295227
14,0.649154782295227
15,0.649154782295227
16,0.649154782295227
17,0.649154782295227
18,0.649154782295227
19,0.649154782295227
20,0.649154782295227
21,0.649154782295227
22,0.649154782295227
23,0.649154782295227
24,0.649154782295227
25,0.649154782295227
26,0.649154782295227
27,0.649154782295227
28,0.649154782295227
29,0.649154782295227
30,0.649154782295227
31,0.649154782295227
32,0.649154782295227
33,0.649154782295227
34,0.649154782295227
35,0.649154782295227
36,0.649154782295227
37,0.649154782295227
38,0.649154782295227
39,0.649154782295227
40,0.649154782295227
41,0.649154782295227
42,0.649154782295227
43,0.649154782295227
44,0.649154782295227
45,0.649154782295227
46,0.649154782295227
47,0.649154782295227
48,0.649154782295227
49,0.649154782295227
50,0.649154782295227
51,0.649154782295227
52,0.649154782295227
53,0.649154782295227
54,0.649154782295227
55,0.649154782295227
56,0.649154782295227
57,0.649154782295227
58,0.649154782295227
59,0.649154782295227
60,0.649154782295227
