Train AUROC,Validation AUROC,Test AUROC,Train AUPRC,Validation AUPRC,Test AUPRC
0.5223225714285714,0.4203126428571429,0.4046729285714285,0.28469571428571433,0.3054393571428572,0.30129342857142855,
=average(A2:A2),=average(B2:B2),=average(C2:C2),=average(D2:D2),=average(E2:E2),=average(F2:F2)
